Time,TC1_tip,TC2,TC3,TC4,TC5,TC6,TC7,TC8,TC9,TC_9_5,TC10,Theoretical_Temps_1,Theoretical_Temps_2,Theoretical_Temps_3,Theoretical_Temps_4,Theoretical_Temps_5,Theoretical_Temps_6,Theoretical_Temps_7,Theoretical_Temps_8,Theoretical_Temps_9,Theoretical_Temps_10,Theoretical_Temps_11
0,361.68,358.91,337.72,188.4,126.56,84.19,66.33,53.88,42.45,-2.54,39.99,0.0,,,,,,,,,,
1,361.63,358.7,337.42,188.33,126.54,84.15,66.29,53.93,42.41,-0.82,39.94,0.0,,,,,,,,,,
2,361.61,358.57,337.19,188.32,126.54,84.07,66.29,54.06,42.43,-2.66,39.89,0.0,,,,,,,,,,
3,361.56,358.59,336.93,188.31,126.58,84.06,66.33,54.18,42.57,-3.64,39.85,0.0,,,,,,,,,,
4,361.5,358.7,336.73,188.34,126.67,84.03,66.41,54.34,42.77,-2.66,39.83,0.0,,,,,,,,,,
5,361.48,358.84,336.57,188.47,126.74,84.06,66.54,54.56,42.96,-2.55,39.82,0.0,,,,,,,,,,
6,361.46,358.96,336.34,188.62,126.85,84.1,66.72,54.84,43.18,-2.27,39.84,0.0,,,,,,,,,,
7,361.45,359.05,336.22,188.77,126.94,84.13,66.93,55.08,43.41,-2.84,39.88,0.0,,,,,,,,,,
8,361.45,359.12,336.17,188.74,127.01,84.16,67.14,55.37,43.64,-1.81,39.94,0.0,,,,,,,,,,
9,361.47,359.2,336.19,188.72,127.06,84.18,67.33,55.61,43.89,-2.51,40.0,0.0,,,,,,,,,,
10,361.49,359.3,336.18,188.69,127.11,84.26,67.47,55.86,44.14,-1.9,40.08,0.0,,,,,,,,,,
11,361.53,359.42,336.17,188.71,127.19,84.34,67.61,56.04,44.37,-1.34,40.17,0.0,,,,,,,,,,
12,361.6,359.56,336.09,188.94,127.39,84.44,67.83,56.2,44.71,-1.16,40.34,0.0,,,,,,,,,,
13,361.68,359.68,335.91,189.13,127.63,84.56,68.07,56.38,45.01,0.11,40.51,0.0,,,,,,,,,,
14,361.75,359.77,335.78,189.41,127.83,84.71,68.26,56.63,45.22,-0.44,40.63,0.0,,,,,,,,,,
15,361.8,359.86,335.62,189.8,128.04,84.9,68.42,56.83,45.41,0.36,40.77,0.0,,,,,,,,,,
16,361.88,359.94,335.48,190.05,128.26,85.02,68.6,56.98,45.59,0.47,40.91,0.0,,,,,,,,,,
17,361.96,359.98,335.36,190.37,128.48,85.15,68.79,57.12,45.79,-0.69,41.06,0.0,,,,,,,,,,
18,362.06,359.98,335.28,190.4,128.68,85.21,69.0,57.24,46.01,-1.27,41.23,0.0,,,,,,,,,,
19,362.16,359.98,335.24,190.4,128.86,85.35,69.21,57.51,46.22,-1.21,41.39,0.0,,,,,,,,,,
20,362.24,360.04,335.19,190.62,129.06,85.53,69.42,57.78,46.45,-0.72,41.57,0.0,,,,,,,,,,
21,362.33,360.18,335.22,190.71,129.36,85.71,69.68,58.03,46.8,-1.12,41.86,0.0,,,,,,,,,,
22,362.41,360.33,335.24,190.83,129.69,85.82,69.99,58.27,47.16,-0.75,42.16,0.0,,,,,,,,,,
23,362.48,360.42,335.24,191.09,129.92,86.07,70.24,58.55,47.4,-5.0,42.37,0.0,,,,,,,,,,
24,362.55,360.5,335.24,191.12,130.13,86.23,70.44,58.73,47.6,-6.8,42.59,0.0,,,,,,,,,,
25,362.62,360.61,335.22,191.2,130.35,86.37,70.54,58.79,47.75,-6.08,42.8,0.0,,,,,,,,,,
26,362.67,360.69,335.21,191.3,130.56,86.51,70.66,58.84,47.88,-6.61,43.01,0.0,,,,,,,,,,
27,362.73,360.76,335.18,191.55,130.78,86.71,70.82,59.0,48.03,-6.01,43.22,0.0,,,,,,,,,,
28,362.78,360.84,335.14,191.83,130.99,86.88,70.99,59.11,48.18,-6.37,43.45,0.0,,,,,,,,,,
29,362.84,360.91,335.11,192.05,131.2,87.0,71.16,59.23,48.3,-6.77,43.67,0.0,,,,,,,,,,
30,362.91,361.04,335.06,192.26,131.48,87.15,71.4,59.33,48.47,-7.44,43.99,0.0,,,,,,,,,,
31,362.99,361.17,335.0,192.4,131.72,87.34,71.67,59.51,48.67,-7.25,44.31,0.0,,,,,,,,,,
32,363.04,361.24,334.99,192.44,131.87,87.38,71.88,59.66,48.81,-6.34,44.53,0.0,,,,,,,,,,
33,363.09,361.31,335.02,192.56,132.02,87.6,72.08,59.84,48.98,-7.12,44.75,0.0,,,,,,,,,,
34,363.11,361.36,335.08,192.64,132.17,87.75,72.26,60.0,49.15,-5.08,44.98,0.0,,,,,,,,,,
35,363.11,361.44,335.14,192.78,132.33,87.98,72.39,60.16,49.31,-2.04,45.21,0.0,,,,,,,,,,
36,363.12,361.5,335.21,193.04,132.5,88.19,72.49,60.35,49.48,0.47,45.45,0.0,,,,,,,,,,
37,363.13,361.57,335.28,193.2,132.66,88.39,72.7,60.63,49.69,-0.38,45.69,0.0,,,,,,,,,,
38,363.16,361.64,335.32,193.32,132.81,88.54,72.93,60.87,49.93,0.05,45.93,0.0,,,,,,,,,,
39,363.22,361.72,335.45,193.33,133.04,88.68,73.19,60.95,50.24,-0.77,46.29,0.0,,,,,,,,,,
40,363.3,361.85,335.56,193.47,133.32,88.84,73.36,61.08,50.47,-0.87,46.66,0.0,,,,,,,,,,
41,363.36,361.95,335.61,193.62,133.52,89.08,73.52,61.29,50.63,-1.15,46.9,0.0,,,,,,,,,,
42,363.43,362.04,335.65,193.89,133.72,89.23,73.68,61.47,50.78,-2.09,47.14,0.0,,,,,,,,,,
43,363.49,362.15,335.71,194.18,133.94,89.38,73.85,61.58,50.94,-1.84,47.39,0.0,,,,,,,,,,
44,363.56,362.23,335.74,194.44,134.14,89.61,74.03,61.8,51.1,-1.27,47.64,0.0,,,,,,,,,,
45,363.64,362.27,335.78,194.65,134.35,89.86,74.27,62.1,51.31,-1.05,47.88,0.0,,,,,,,,,,
46,363.73,362.32,335.83,194.73,134.5,89.99,74.51,62.34,51.53,0.38,48.12,0.0,,,,,,,,,,
47,363.81,362.38,335.86,194.86,134.66,90.19,74.71,62.55,51.78,-0.28,48.39,0.0,,,,,,,,,,
48,363.91,362.5,335.94,194.92,134.89,90.4,75.04,62.74,52.08,0.53,48.77,0.0,,,,,,,,,,
49,363.97,362.68,336.08,194.95,135.1,90.6,75.35,62.93,52.4,-0.23,49.16,0.0,,,,,,,,,,
50,364.01,362.81,336.18,195.01,135.26,90.74,75.56,63.1,52.6,-0.1,49.42,0.0,,,,,,,,,,
51,364.05,362.92,336.28,195.21,135.43,91.0,75.69,63.24,52.76,0.61,49.68,0.0,,,,,,,,,,
52,364.09,362.99,336.39,195.25,135.59,91.13,75.78,63.28,52.9,-0.94,49.94,0.0,,,,,,,,,,
53,364.13,363.06,336.5,195.46,135.76,91.24,75.92,63.36,53.01,-0.5,50.19,0.0,,,,,,,,,,
54,364.16,363.13,336.6,195.69,135.94,91.46,76.11,63.58,53.14,-0.89,50.43,0.0,,,,,,,,,,
55,364.2,363.2,336.68,195.82,136.09,91.63,76.26,63.73,53.28,-0.09,50.67,0.0,,,,,,,,,,
56,364.25,363.27,336.74,195.97,136.25,91.86,76.37,63.89,53.42,-1.0,50.91,0.0,,,,,,,,,,
57,364.32,363.34,336.82,196.17,136.53,92.05,76.57,64.07,53.64,-0.84,51.26,0.0,,,,,,,,,,
58,364.41,363.46,336.93,196.43,136.85,92.31,76.81,64.21,53.87,-0.46,51.6,0.0,,,,,,,,,,
59,364.47,363.58,337.04,196.8,137.1,92.57,76.97,64.38,54.01,-0.64,51.84,0.0,,,,,,,,,,
60,364.53,363.7,337.14,196.99,137.36,92.71,77.1,64.43,54.13,-0.18,52.07,0.0,,,,,,,,,,
61,364.58,363.84,337.23,197.28,137.61,92.88,77.26,64.56,54.25,-1.46,52.3,0.0,,,,,,,,,,
62,364.61,363.94,337.29,197.53,137.84,93.15,77.45,64.77,54.38,-1.36,52.53,0.0,,,,,,,,,,
63,364.65,364.02,337.35,197.77,138.07,93.31,77.6,64.92,54.53,-1.04,52.75,0.0,,,,,,,,,,
64,364.71,364.08,337.43,198.01,138.28,93.53,77.78,65.12,54.69,-1.54,52.99,0.0,,,,,,,,,,
65,364.77,364.13,337.54,198.3,138.48,93.71,77.91,65.22,54.84,-4.59,53.21,0.0,,,,,,,,,,
66,364.83,364.18,337.7,198.53,138.71,93.93,78.06,65.29,54.99,-4.12,53.54,0.0,,,,,,,,,,
67,364.89,364.23,337.84,198.58,138.93,94.05,78.22,65.41,55.16,-4.63,53.86,0.0,,,,,,,,,,
68,364.94,364.26,337.93,198.72,139.11,94.23,78.31,65.47,55.26,-4.37,54.08,0.0,,,,,,,,,,
69,365.01,364.33,338.02,198.91,139.28,94.44,78.4,65.53,55.39,-4.86,54.3,0.0,,,,,,,,,,
70,365.06,364.4,338.11,199.16,139.46,94.56,78.54,65.63,55.52,-4.48,54.51,0.0,,,,,,,,,,
71,365.13,364.48,338.2,199.26,139.59,94.71,78.67,65.82,55.7,-4.65,54.71,0.0,,,,,,,,,,
72,365.17,364.57,338.32,199.39,139.72,94.92,78.82,66.05,55.89,-3.33,54.94,0.0,,,,,,,,,,
73,365.21,364.67,338.4,199.42,139.85,95.05,78.96,66.24,56.08,-3.55,55.16,0.0,,,,,,,,,,
74,365.25,364.78,338.46,199.49,139.97,95.21,79.08,66.36,56.26,-3.01,55.38,0.0,,,,,,,,,,
75,365.32,364.93,338.57,199.52,140.19,95.39,79.34,66.58,56.53,-3.14,55.71,0.0,,,,,,,,,,
76,365.4,365.06,338.73,199.68,140.41,95.59,79.57,66.82,56.8,-3.38,56.03,0.0,,,,,,,,,,
77,365.43,365.14,338.84,199.84,140.59,95.78,79.68,66.99,56.99,-4.08,56.24,0.0,,,,,,,,,,
78,365.48,365.24,338.92,200.15,140.79,95.95,79.75,67.21,57.19,-3.36,56.47,0.0,,,,,,,,,,
79,365.51,365.33,339.0,200.45,140.98,96.18,79.88,67.5,57.39,-3.89,56.69,0.0,,,,,,,,,,
80,365.55,365.42,339.06,200.71,141.17,96.41,80.03,67.7,57.6,-2.99,56.92,0.0,,,,,,,,,,
81,365.61,365.51,339.13,200.67,141.32,96.5,80.14,67.7,57.76,-3.07,57.15,0.0,,,,,,,,,,
82,365.66,365.58,339.22,200.73,141.45,96.64,80.26,67.73,57.88,-2.43,57.38,0.0,,,,,,,,,,
83,365.72,365.63,339.29,200.84,141.61,96.8,80.41,67.9,58.01,-2.55,57.6,0.0,,,,,,,,,,
84,365.82,365.72,339.43,200.91,141.79,96.98,80.68,68.08,58.27,-2.48,57.95,0.0,,,,,,,,,,
85,365.89,365.79,339.54,201.01,141.95,97.16,80.93,68.35,58.58,-2.76,58.29,0.0,,,,,,,,,,
86,365.94,365.85,339.63,201.11,142.07,97.27,81.04,68.46,58.77,-2.63,58.51,0.0,,,,,,,,,,
87,365.98,365.91,339.7,201.26,142.19,97.5,81.15,68.59,58.96,-2.39,58.74,0.0,,,,,,,,,,
88,366.03,365.99,339.77,201.34,142.29,97.58,81.36,68.78,59.16,-1.97,58.97,0.0,,,,,,,,,,
89,366.05,366.06,339.86,201.44,142.38,97.78,81.61,69.05,59.38,-2.42,59.2,0.0,,,,,,,,,,
90,366.1,366.11,339.93,201.61,142.5,97.96,81.8,69.27,59.59,-2.16,59.42,0.0,,,,,,,,,,
91,366.14,366.19,340.0,201.74,142.6,98.08,81.91,69.25,59.77,-2.18,59.66,0.0,,,,,,,,,,
92,366.21,366.24,340.08,201.88,142.7,98.2,81.97,69.28,59.87,-1.74,59.9,0.0,,,,,,,,,,
93,366.31,366.33,340.2,201.93,142.84,98.35,82.1,69.39,60.02,-0.57,60.21,0.0,,,,,,,,,,
94,366.41,366.44,340.32,201.95,143.03,98.52,82.26,69.39,60.15,-2.98,60.53,0.0,,,,,,,,,,
95,366.42,366.51,340.41,202.01,143.16,98.72,82.39,69.54,60.27,-1.43,60.71,0.0,,,,,,,,,,
96,366.46,366.57,340.49,202.17,143.3,98.8,82.53,69.71,60.4,-1.73,60.9,0.0,,,,,,,,,,
97,366.5,366.63,340.57,202.21,143.42,98.91,82.55,69.7,60.47,-1.48,61.11,0.0,,,,,,,,,,
98,366.54,366.67,340.66,202.32,143.53,99.07,82.55,69.66,60.52,-0.32,61.29,0.0,,,,,,,,,,
99,366.57,366.71,340.73,202.4,143.63,99.17,82.58,69.65,60.58,-0.16,61.48,0.0,,,,,,,,,,
100,366.6,366.77,340.78,202.43,143.7,99.33,82.64,69.77,60.64,0.24,61.66,0.0,,,,,,,,,,
101,366.63,366.88,340.85,202.38,143.8,99.43,82.69,69.86,60.78,-0.43,61.9,0.0,,,,,,,,,,
102,366.68,366.98,340.95,202.37,143.89,99.5,82.67,69.92,60.91,0.3,62.14,0.0,,,,,,,,,,
103,366.74,367.02,341.0,202.36,143.95,99.65,82.75,70.02,61.04,1.13,62.3,0.0,,,,,,,,,,
104,366.8,367.08,341.04,202.36,144.02,99.76,82.86,70.24,61.19,-0.63,62.47,0.0,,,,,,,,,,
105,366.82,367.13,341.08,202.4,144.07,99.92,82.99,70.41,61.36,0.26,62.62,0.0,,,,,,,,,,
106,366.85,367.2,341.1,202.48,144.17,100.03,83.09,70.59,61.55,-0.09,62.81,0.0,,,,,,,,,,
107,366.9,367.25,341.15,202.58,144.29,100.15,83.18,70.74,61.71,-0.55,62.98,0.0,,,,,,,,,,
108,366.95,367.3,341.24,202.62,144.43,100.28,83.24,70.8,61.84,1.42,63.16,0.0,,,,,,,,,,
109,367.0,367.34,341.34,202.72,144.56,100.35,83.24,70.71,61.93,0.03,63.32,0.0,,,,,,,,,,
110,367.05,367.38,341.43,202.78,144.69,100.48,83.21,70.62,61.97,-1.06,63.5,0.0,,,,,,,,,,
111,367.11,367.46,341.54,202.9,144.84,100.5,83.2,70.59,62.02,-1.3,63.73,0.0,,,,,,,,,,
112,367.16,367.56,341.65,202.98,144.96,100.61,83.2,70.49,62.06,-1.72,63.96,0.0,,,,,,,,,,
113,367.21,367.63,341.75,202.99,145.01,100.6,83.19,70.41,62.06,-1.75,64.11,0.0,,,,,,,,,,
114,367.27,367.68,341.84,202.98,145.05,100.67,83.12,70.34,62.05,-1.63,64.22,0.0,,,,,,,,,,
115,367.31,367.73,341.9,202.94,145.07,100.74,83.08,70.35,62.08,-1.25,64.35,0.0,,,,,,,,,,
116,367.36,367.81,341.98,202.99,145.09,100.78,83.13,70.5,62.16,-1.41,64.48,0.0,,,,,,,,,,
117,367.4,367.88,342.01,203.04,145.07,100.8,83.2,70.63,62.28,-2.2,64.61,0.0,,,,,,,,,,
118,367.45,367.96,342.06,203.12,145.08,100.9,83.25,70.7,62.36,-1.83,64.74,0.0,,,,,,,,,,
119,367.52,368.03,342.1,203.1,145.1,100.97,83.35,70.86,62.5,-2.11,64.87,0.0,,,,,,,,,,
120,367.62,368.12,342.18,203.06,145.05,101.0,83.52,71.0,62.71,-1.85,65.08,0.0,,,,,,,,,,
121,367.71,368.21,342.28,203.04,144.99,101.07,83.72,71.16,62.94,-2.0,65.28,0.0,,,,,,,,,,
122,367.74,368.26,342.32,202.99,144.98,101.15,83.85,71.35,63.14,-3.1,65.42,0.0,,,,,,,,,,
123,367.77,368.33,342.4,203.01,145.02,101.24,83.98,71.47,63.32,-2.51,65.58,0.0,,,,,,,,,,
124,367.8,368.38,342.44,203.11,145.07,101.31,84.08,71.61,63.46,-2.36,65.72,0.0,,,,,,,,,,
125,367.82,368.43,342.51,203.13,145.1,101.42,84.19,71.7,63.61,-1.38,65.87,0.0,,,,,,,,,,
126,367.85,368.48,342.59,203.18,145.14,101.48,84.33,71.82,63.76,-1.35,66.03,0.0,,,,,,,,,,
127,367.9,368.52,342.65,203.21,145.17,101.61,84.45,72.0,63.9,-2.19,66.2,0.0,,,,,,,,,,
128,367.96,368.61,342.75,203.24,145.29,101.76,84.53,72.1,64.13,-0.92,66.42,0.0,,,,,,,,,,
129,368.03,368.68,342.85,203.44,145.47,101.9,84.63,72.14,64.3,-0.42,66.66,0.0,,,,,,,,,,
130,368.08,368.76,342.9,203.58,145.58,101.99,84.74,72.2,64.41,0.1,66.8,0.0,,,,,,,,,,
131,368.14,368.84,342.95,203.84,145.69,102.13,84.86,72.4,64.54,1.61,66.95,0.0,,,,,,,,,,
132,368.18,368.92,343.01,203.97,145.81,102.25,84.96,72.46,64.64,-0.25,67.1,0.0,,,,,,,,,,
133,368.26,368.98,343.08,204.03,145.94,102.33,84.98,72.52,64.73,-0.07,67.24,0.0,,,,,,,,,,
134,368.32,369.02,343.14,204.19,146.09,102.41,85.01,72.58,64.81,1.75,67.37,0.0,,,,,,,,,,
135,368.37,369.06,343.18,204.36,146.21,102.56,85.06,72.66,64.89,0.23,67.51,0.0,,,,,,,,,,
136,368.41,369.11,343.25,204.46,146.3,102.67,85.18,72.8,65.01,1.01,67.65,0.0,,,,,,,,,,
137,368.48,369.17,343.31,204.5,146.42,102.68,85.28,72.76,65.09,1.01,67.78,0.0,,,,,,,,,,
138,368.55,369.23,343.4,204.57,146.56,102.76,85.45,72.94,65.23,0.5,67.98,0.0,,,,,,,,,,
139,368.59,369.3,343.48,204.65,146.69,102.83,85.58,73.08,65.36,0.29,68.16,0.0,,,,,,,,,,
140,368.62,369.35,343.55,204.72,146.79,102.95,85.68,73.13,65.47,0.0,68.3,0.0,,,,,,,,,,
141,368.66,369.39,343.63,204.74,146.87,103.06,85.79,73.3,65.61,0.64,68.43,0.0,,,,,,,,,,
142,368.71,369.45,343.72,204.87,146.98,103.18,85.94,73.57,65.8,0.66,68.58,0.0,,,,,,,,,,
143,368.77,369.51,343.77,205.04,147.07,103.35,86.08,73.75,65.99,-0.24,68.72,0.0,,,,,,,,,,
144,368.79,369.57,343.81,205.2,147.2,103.39,86.2,73.81,66.16,0.57,68.86,0.0,,,,,,,,,,
145,368.82,369.64,343.84,205.38,147.34,103.51,86.32,73.84,66.3,0.05,69.02,0.0,,,,,,,,,,
146,368.88,369.69,343.89,205.62,147.49,103.66,86.41,73.88,66.42,-0.22,69.16,0.0,,,,,,,,,,
147,368.96,369.77,343.93,205.74,147.68,103.77,86.53,73.88,66.54,-0.21,69.38,0.0,,,,,,,,,,
148,369.01,369.83,344.02,205.84,147.83,103.86,86.74,73.98,66.67,-0.41,69.6,0.0,,,,,,,,,,
149,369.05,369.87,344.08,205.85,147.89,103.97,86.9,74.17,66.8,-0.38,69.73,0.0,,,,,,,,,,
150,369.09,369.92,344.13,205.78,147.93,104.04,87.05,74.33,66.96,-1.23,69.87,0.0,,,,,,,,,,
151,369.13,369.96,344.19,205.7,147.97,104.08,87.08,74.31,67.05,-0.33,69.99,0.0,,,,,,,,,,
152,369.16,369.99,344.23,205.77,148.02,104.17,87.1,74.36,67.13,-0.11,70.12,0.0,,,,,,,,,,
153,369.2,370.01,344.27,205.77,148.08,104.24,87.16,74.43,67.24,0.03,70.26,0.0,,,,,,,,,,
154,369.25,370.04,344.33,205.81,148.14,104.34,87.17,74.53,67.34,0.26,70.4,0.0,,,,,,,,,,
155,369.28,370.07,344.4,205.8,148.18,104.43,87.22,74.71,67.43,0.45,70.53,0.0,,,,,,,,,,
156,369.34,370.14,344.48,205.86,148.26,104.53,87.29,74.79,67.62,0.11,70.72,0.0,,,,,,,,,,
157,369.38,370.23,344.57,205.96,148.35,104.61,87.26,74.76,67.72,0.56,70.9,0.0,,,,,,,,,,
158,369.42,370.29,344.62,206.03,148.41,104.68,87.23,74.72,67.78,0.52,71.03,0.0,,,,,,,,,,
159,369.47,370.34,344.67,206.11,148.47,104.73,87.25,74.79,67.86,0.75,71.15,0.0,,,,,,,,,,
160,369.53,370.4,344.72,206.22,148.54,104.78,87.32,74.89,67.98,0.8,71.29,0.0,,,,,,,,,,
161,369.57,370.45,344.76,206.35,148.63,104.92,87.42,75.13,68.13,0.35,71.41,0.0,,,,,,,,,,
162,369.61,370.51,344.79,206.48,148.73,105.03,87.54,75.37,68.3,0.42,71.56,0.0,,,,,,,,,,
163,369.65,370.58,344.78,206.67,148.86,105.13,87.69,75.54,68.48,0.14,71.7,0.0,,,,,,,,,,
164,369.71,370.61,344.78,206.71,148.93,105.3,87.83,75.8,68.64,0.01,71.84,0.0,,,,,,,,,,
165,369.8,370.62,344.82,206.73,149.03,105.34,88.09,75.99,68.9,-0.04,72.06,0.0,,,,,,,,,,
166,369.86,370.65,344.9,206.82,149.13,105.5,88.19,76.08,69.07,0.07,72.27,0.0,,,,,,,,,,
167,369.88,370.7,344.98,206.88,149.2,105.6,88.26,76.07,69.13,0.82,72.4,0.0,,,,,,,,,,
168,369.91,370.78,345.05,206.87,149.25,105.69,88.41,76.18,69.24,-0.07,72.54,0.0,,,,,,,,,,
169,369.95,370.85,345.14,206.87,149.29,105.79,88.55,76.39,69.38,-0.01,72.67,0.0,,,,,,,,,,
170,370.0,370.93,345.19,207.01,149.35,105.9,88.63,76.47,69.49,-0.23,72.8,0.0,,,,,,,,,,
171,370.07,371.0,345.25,207.01,149.44,105.97,88.7,76.43,69.57,-1.16,72.92,0.0,,,,,,,,,,
172,370.13,371.05,345.3,206.96,149.49,105.97,88.67,76.37,69.59,-1.43,73.03,0.0,,,,,,,,,,
173,370.19,371.1,345.38,206.86,149.53,106.04,88.56,76.21,69.6,-1.86,73.13,0.0,,,,,,,,,,
174,370.27,371.17,345.49,206.66,149.55,106.08,88.48,76.17,69.57,-1.84,73.28,0.0,,,,,,,,,,
175,370.35,371.25,345.59,206.63,149.56,106.12,88.48,76.27,69.62,-2.64,73.42,0.0,,,,,,,,,,
176,370.39,371.31,345.69,206.64,149.6,106.18,88.51,76.4,69.7,-3.87,73.51,0.0,,,,,,,,,,
177,370.42,371.36,345.77,206.73,149.62,106.22,88.59,76.56,69.79,-3.74,73.62,0.0,,,,,,,,,,
178,370.47,371.43,345.85,206.75,149.65,106.32,88.61,76.58,69.85,-3.76,73.72,0.0,,,,,,,,,,
179,370.53,371.51,345.91,206.8,149.67,106.37,88.61,76.61,69.89,-4.15,73.82,0.0,,,,,,,,,,
180,370.59,371.58,345.99,206.91,149.71,106.38,88.64,76.59,69.89,-4.54,73.91,0.0,,,,,,,,,,
181,370.66,371.64,346.04,207.03,149.74,106.46,88.68,76.56,69.87,-5.02,73.99,0.0,,,,,,,,,,
182,370.73,371.7,346.1,207.13,149.77,106.52,88.77,76.6,69.86,-4.17,74.07,0.0,,,,,,,,,,
183,370.79,371.78,346.19,207.25,149.82,106.57,88.94,76.7,69.91,-5.29,74.19,0.0,,,,,,,,,,
184,370.87,371.83,346.3,207.23,149.86,106.62,89.18,76.83,70.03,-4.82,74.3,0.0,,,,,,,,,,
185,370.91,371.86,346.39,207.2,149.84,106.7,89.31,77.06,70.16,-4.61,74.39,0.0,,,,,,,,,,
186,370.94,371.9,346.48,207.08,149.83,106.78,89.43,77.2,70.3,-5.4,74.48,0.0,,,,,,,,,,
187,370.96,371.95,346.53,207.07,149.85,106.89,89.53,77.36,70.43,-4.01,74.58,0.0,,,,,,,,,,
188,370.98,372.01,346.56,207.19,149.87,106.94,89.66,77.43,70.52,-0.59,74.66,0.0,,,,,,,,,,
189,371.03,372.08,346.59,207.34,149.92,107.08,89.74,77.59,70.62,-0.72,74.75,0.0,,,,,,,,,,
190,371.1,372.15,346.6,207.53,150.02,107.16,89.88,77.74,70.75,-0.67,74.86,0.0,,,,,,,,,,
191,371.15,372.23,346.61,207.68,150.12,107.3,90.01,77.86,70.89,-2.43,74.94,0.0,,,,,,,,,,
192,371.22,372.31,346.62,207.77,150.22,107.41,90.07,77.87,71.05,-4.3,75.09,0.0,,,,,,,,,,
193,371.28,372.36,346.66,207.73,150.3,107.43,90.11,77.87,71.14,-2.0,75.23,0.0,,,,,,,,,,
194,371.32,372.41,346.69,207.79,150.37,107.52,90.25,77.96,71.23,-4.24,75.33,0.0,,,,,,,,,,
195,371.37,372.47,346.71,207.77,150.4,107.59,90.36,78.11,71.34,-5.11,75.43,0.0,,,,,,,,,,
196,371.44,372.5,346.73,207.7,150.42,107.73,90.39,78.18,71.37,-4.4,75.52,0.0,,,,,,,,,,
197,371.49,372.54,346.74,207.65,150.43,107.77,90.42,78.22,71.39,-4.71,75.61,0.0,,,,,,,,,,
198,371.54,372.58,346.77,207.66,150.45,107.81,90.43,78.22,71.39,-3.92,75.69,0.0,,,,,,,,,,
199,371.58,372.61,346.81,207.66,150.49,107.89,90.42,78.26,71.39,-4.01,75.76,0.0,,,,,,,,,,
200,371.62,372.63,346.86,207.68,150.53,107.92,90.46,78.29,71.4,-3.94,75.84,0.0,,,,,,,,,,
201,371.67,372.67,346.93,207.78,150.63,108.05,90.47,78.31,71.46,-4.37,75.94,0.0,,,,,,,,,,
202,371.73,372.72,346.99,207.8,150.72,108.06,90.53,78.31,71.58,-3.17,76.04,0.0,,,,,,,,,,
203,371.78,372.74,347.05,207.89,150.76,108.11,90.62,78.46,71.7,-3.86,76.11,0.0,,,,,,,,,,
204,371.83,372.78,347.11,207.92,150.81,108.14,90.78,78.65,71.86,-3.37,76.21,0.0,,,,,,,,,,
205,371.87,372.83,347.16,208.04,150.86,108.24,90.96,78.9,72.03,-3.96,76.3,0.0,,,,,,,,,,
206,371.89,372.89,347.19,208.22,150.92,108.3,91.11,79.07,72.19,-7.01,76.38,0.0,,,,,,,,,,
207,371.92,372.95,347.21,208.32,151.0,108.41,91.25,79.19,72.37,-4.47,76.48,0.0,,,,,,,,,,
208,371.96,372.99,347.25,208.43,151.07,108.45,91.3,79.19,72.47,-4.52,76.59,0.0,,,,,,,,,,
209,372.06,373.03,347.29,208.49,151.16,108.55,91.29,79.14,72.56,-3.84,76.73,0.0,,,,,,,,,,
210,372.14,373.07,347.33,208.47,151.25,108.64,91.3,79.04,72.6,-2.07,76.88,0.0,,,,,,,,,,
211,372.19,373.11,347.37,208.56,151.34,108.7,91.3,78.98,72.59,-1.94,76.95,0.0,,,,,,,,,,
212,372.23,373.14,347.41,208.54,151.42,108.74,91.28,78.93,72.56,-2.84,77.03,0.0,,,,,,,,,,
213,372.29,373.18,347.45,208.56,151.47,108.77,91.3,78.88,72.51,-3.64,77.09,0.0,,,,,,,,,,
214,372.34,373.22,347.52,208.52,151.51,108.81,91.25,78.78,72.46,-5.48,77.14,0.0,,,,,,,,,,
215,372.38,373.28,347.57,208.51,151.55,108.86,91.22,78.71,72.41,-4.61,77.19,0.0,,,,,,,,,,
216,372.41,373.35,347.62,208.5,151.58,108.91,91.27,78.83,72.41,-4.67,77.22,0.0,,,,,,,,,,
217,372.46,373.42,347.68,208.5,151.61,108.95,91.33,78.84,72.44,-4.28,77.28,0.0,,,,,,,,,,
218,372.54,373.5,347.77,208.55,151.69,109.0,91.35,78.89,72.44,-2.92,77.35,0.0,,,,,,,,,,
219,372.63,373.55,347.86,208.66,151.77,109.07,91.34,78.88,72.44,-3.87,77.41,0.0,,,,,,,,,,
220,372.67,373.59,347.91,208.65,151.81,109.08,91.27,78.84,72.44,-3.73,77.45,0.0,,,,,,,,,,
221,372.71,373.65,347.96,208.74,151.86,109.13,91.24,78.87,72.46,-4.42,77.49,0.0,,,,,,,,,,
222,372.75,373.69,348.04,208.8,151.92,109.18,91.29,78.93,72.51,-4.09,77.52,0.0,,,,,,,,,,
223,372.8,373.72,348.11,208.81,151.95,109.19,91.36,78.98,72.55,-3.03,77.57,0.0,,,,,,,,,,
224,372.86,373.74,348.17,208.68,151.93,109.18,91.38,79.01,72.62,-4.05,77.62,347.183842706293,372.46138718949,372.46138718949,372.46138718949,372.46138718949,372.46138718949,372.46138718949,372.46138718949,372.46138718949,372.46138718949,402.055809465537
225,372.91,373.77,348.23,208.49,151.86,109.15,91.35,79.1,72.71,-4.42,77.66,347.335132092917,372.631179914502,372.631179914502,372.631179914502,372.631179914502,372.631179914502,372.631179914502,372.631179914502,372.631179914502,372.631179914502,402.225602190549
226,372.92,373.82,348.3,208.23,151.78,109.12,91.31,79.17,72.8,-4.87,77.7,347.486344754035,372.800895550797,372.800895550797,372.800895550796,372.800895550797,372.800895550796,372.800895550796,372.800895550796,372.800895550796,372.800895550796,402.395317826843
227,372.95,373.84,348.35,207.98,151.72,109.12,91.24,79.16,72.87,-3.98,77.75,347.63748068455,372.970534081122,372.970534081122,372.970534081122,372.970534081122,372.970534081122,372.970534081122,372.970534081122,372.970534081122,372.970534081122,402.564956357169
228,372.99,373.91,348.38,207.88,151.58,109.15,91.2,79.21,72.97,-2.8,77.81,347.788539879421,373.140095488285,373.140095488285,373.140095488285,373.140095488285,373.140095488285,373.140095488285,373.140095488285,373.140095488285,373.140095488285,402.734517764332
229,373.04,373.97,348.41,207.6,151.4,109.19,91.14,79.29,73.11,-2.2,77.9,347.93952233366,373.309579755158,373.309579755158,373.309579755158,373.309579755158,373.309579755158,373.309579755158,373.309579755158,373.309579755158,373.309579755158,402.904002031205
230,373.09,373.99,348.45,207.41,151.27,109.17,91.17,79.41,73.23,-3.69,77.97,348.090428042336,373.47898686467,373.47898686467,373.47898686467,373.47898686467,373.47898686467,373.47898686467,373.47898686467,373.47898686467,373.47898686467,403.073409140717
231,373.16,374.02,348.5,207.26,151.17,109.14,91.26,79.62,73.4,-3.72,78.03,348.241257000572,373.648316799813,373.648316799813,373.648316799813,373.648316799813,373.648316799813,373.648316799813,373.648316799813,373.648316799813,373.648316799813,403.24273907586
232,373.23,374.06,348.51,207.28,151.14,109.13,91.35,79.77,73.54,-5.38,78.12,348.392009203547,373.81756954364,373.81756954364,373.81756954364,373.81756954364,373.81756954364,373.81756954364,373.81756954364,373.81756954364,373.81756954364,403.411991819687
233,373.29,374.13,348.52,207.31,151.13,109.17,91.37,79.77,73.64,-4.13,78.2,348.542684646495,373.986745079264,373.986745079264,373.986745079264,373.986745079264,373.986745079264,373.986745079264,373.986745079264,373.986745079264,373.986745079264,403.581167355311
234,373.32,374.19,348.51,207.4,151.13,109.11,91.38,79.74,73.7,-5.55,78.28,348.693283324705,374.15584338986,374.15584338986,374.15584338986,374.15584338986,374.15584338986,374.15584338986,374.15584338986,374.15584338986,374.15584338986,403.750265665907
235,373.35,374.25,348.49,207.47,151.14,109.15,91.41,79.86,73.78,-4.76,78.35,348.84380523352,374.324864458664,374.324864458664,374.324864458664,374.324864458664,374.324864458664,374.324864458664,374.324864458664,374.324864458664,374.324864458664,403.919286734711
236,373.38,374.29,348.5,207.51,151.18,109.15,91.39,79.83,73.84,-4.46,78.42,348.994250368338,374.493808268973,374.493808268973,374.493808268973,374.493808268973,374.493808268973,374.493808268973,374.493808268973,374.493808268973,374.493808268973,404.08823054502
237,373.41,374.31,348.57,207.49,151.2,109.09,91.33,79.74,73.9,-5.04,78.53,349.144618724615,374.662674804143,374.662674804143,374.662674804143,374.662674804143,374.662674804143,374.662674804143,374.662674804143,374.662674804143,374.662674804143,404.25709708019
238,373.44,374.38,348.65,207.56,151.21,109.16,91.28,79.8,73.97,-5.3,78.64,349.294910297858,374.831464047594,374.831464047594,374.831464047594,374.831464047594,374.831464047594,374.831464047594,374.831464047594,374.831464047594,374.831464047594,404.425886323642
239,373.49,374.44,348.69,207.66,151.24,109.14,91.28,79.96,74.06,-3.65,78.71,349.445125083631,375.000175982807,375.000175982807,375.000175982807,375.000175982807,375.000175982807,375.000175982807,375.000175982807,375.000175982807,375.000175982807,404.594598258854
240,373.53,374.5,348.68,207.85,151.27,109.18,91.31,80.05,74.19,-0.18,78.79,349.595263077553,375.168810593321,375.168810593321,375.168810593321,375.168810593321,375.168810593321,375.168810593321,375.168810593321,375.168810593321,375.168810593321,404.763232869368
241,373.58,374.57,348.67,208.0,151.29,109.2,91.35,80.12,74.3,-0.31,78.87,349.745324275298,375.337367862739,375.337367862739,375.337367862739,375.337367862739,375.337367862739,375.337367862739,375.337367862739,375.337367862739,375.337367862739,404.931790138786
242,373.67,374.6,348.64,208.2,151.3,109.29,91.49,80.27,74.38,-0.21,78.95,349.895308672594,375.505847774724,375.505847774724,375.505847774724,375.505847774724,375.505847774724,375.505847774724,375.505847774724,375.505847774724,375.505847774724,405.100270050771
243,373.73,374.64,348.66,208.24,151.31,109.32,91.59,80.28,74.43,0.86,79.04,350.045216265226,375.674250313,375.674250313,375.674250313,375.674250313,375.674250313,375.674250313,375.674250313,375.674250313,375.674250313,405.268672589047
244,373.79,374.67,348.7,208.38,151.31,109.36,91.69,80.35,74.44,1.01,79.11,350.195047049031,375.842575461353,375.842575461353,375.842575461353,375.842575461353,375.842575461353,375.842575461353,375.842575461353,375.842575461353,375.842575461353,405.4369977374
245,373.82,374.71,348.77,208.48,151.32,109.42,91.83,80.42,74.46,1.35,79.17,350.344801019903,376.010823203629,376.010823203629,376.010823203629,376.010823203629,376.010823203629,376.010823203629,376.010823203629,376.010823203629,376.010823203629,405.605245479676
246,373.86,374.78,348.88,208.57,151.35,109.51,91.89,80.39,74.45,0.6,79.26,350.49447817379,376.178993523736,376.178993523736,376.178993523736,376.178993523736,376.178993523736,376.178993523736,376.178993523736,376.178993523736,376.178993523736,405.773415799783
247,373.91,374.84,348.96,208.62,151.39,109.44,91.93,80.33,74.46,0.71,79.33,350.644078506695,376.347086405643,376.347086405643,376.347086405643,376.347086405643,376.347086405643,376.347086405643,376.347086405643,376.347086405643,376.347086405643,405.94150868169
248,373.98,374.87,349.03,208.7,151.4,109.43,91.97,80.33,74.46,0.84,79.4,350.793602014678,376.51510183338,376.51510183338,376.51510183338,376.51510183338,376.51510183338,376.51510183338,376.51510183338,376.51510183338,376.51510183338,406.109524109427
249,374.03,374.9,349.09,208.75,151.36,109.44,92.01,80.28,74.46,-0.27,79.45,350.94304869385,376.683039791038,376.683039791038,376.683039791038,376.683039791038,376.683039791038,376.683039791038,376.683039791038,376.683039791038,376.683039791038,406.277462067085
250,374.08,374.94,349.14,208.7,151.3,109.41,92.04,80.34,74.48,-1.04,79.5,351.092418540378,376.850900262769,376.850900262769,376.850900262769,376.850900262769,376.850900262769,376.850900262769,376.850900262769,376.850900262769,376.850900262769,406.445322538816
251,374.15,375.01,349.17,208.65,151.29,109.41,92.04,80.34,74.46,-1.12,79.54,351.241711550488,377.018683232786,377.018683232786,377.018683232786,377.018683232786,377.018683232786,377.018683232786,377.018683232786,377.018683232786,377.018683232786,406.613105508833
252,374.19,375.06,349.18,208.63,151.28,109.41,92.01,80.31,74.47,-1.27,79.57,351.390927720454,377.186388685366,377.186388685366,377.186388685366,377.186388685366,377.186388685366,377.186388685366,377.186388685366,377.186388685366,377.186388685366,406.780810961413
253,374.24,375.13,349.2,208.75,151.3,109.48,92.03,80.41,74.47,-0.68,79.61,351.54006704661,377.354016604842,377.354016604842,377.354016604842,377.354016604842,377.354016604842,377.354016604842,377.354016604842,377.354016604842,377.354016604842,406.948438880889
254,374.33,375.21,349.28,208.75,151.37,109.49,92.05,80.46,74.55,-2.06,79.68,351.689129525342,377.521566975613,377.521566975613,377.521566975613,377.521566975613,377.521566975613,377.521566975613,377.521566975613,377.521566975613,377.521566975613,407.11598925166
255,374.41,375.23,349.39,208.79,151.44,109.52,92.11,80.52,74.67,-1.39,79.74,351.838115153092,377.689039782137,377.689039782137,377.689039782137,377.689039782137,377.689039782137,377.689039782137,377.689039782137,377.689039782137,377.689039782137,407.283462058184
256,374.46,375.23,349.48,208.84,151.48,109.66,92.17,80.7,74.78,0.95,79.78,351.987023926357,377.856435008934,377.856435008934,377.856435008934,377.856435008934,377.856435008934,377.856435008934,377.856435008934,377.856435008934,377.856435008934,407.450857284981
257,374.51,375.25,349.56,208.81,151.5,109.71,92.18,80.82,74.92,-0.36,79.84,352.135855841688,378.023752640584,378.023752640584,378.023752640584,378.023752640584,378.023752640584,378.023752640584,378.023752640584,378.023752640584,378.023752640584,407.618174916631
258,374.52,375.29,349.62,208.66,151.53,109.74,92.22,80.87,75.05,-1.7,79.91,352.284610895691,378.19099266173,378.19099266173,378.19099266173,378.19099266173,378.19099266173,378.19099266173,378.19099266173,378.19099266173,378.19099266173,407.785414937777
259,374.56,375.33,349.69,208.76,151.58,109.78,92.35,81.05,75.2,-0.61,79.99,352.433289085026,378.358155057075,378.358155057075,378.358155057075,378.358155057075,378.358155057075,378.358155057075,378.358155057075,378.358155057075,378.358155057075,407.952577333122
260,374.6,375.37,349.73,208.85,151.62,109.8,92.5,81.17,75.35,-0.9,80.07,352.581890406409,378.525239811383,378.525239811383,378.525239811383,378.525239811383,378.525239811383,378.525239811383,378.525239811383,378.525239811383,378.525239811383,408.11966208743
261,374.64,375.43,349.77,208.89,151.66,109.87,92.52,81.11,75.42,-0.17,80.15,352.73041485661,378.69224690948,378.69224690948,378.69224690948,378.69224690948,378.69224690948,378.69224690948,378.69224690948,378.69224690948,378.69224690948,408.286669185527
262,374.69,375.49,349.82,208.95,151.71,109.94,92.51,81.02,75.47,0.03,80.22,352.878862432453,378.859176336254,378.859176336254,378.859176336254,378.859176336254,378.859176336254,378.859176336254,378.859176336254,378.859176336254,378.859176336254,408.453598612301
263,374.73,375.55,349.87,208.93,151.75,109.96,92.49,81.02,75.5,0.63,80.3,353.027233130818,379.026028076653,379.026028076653,379.026028076653,379.026028076653,379.026028076653,379.026028076653,379.026028076653,379.026028076653,379.026028076653,408.6204503527
264,374.81,375.63,349.95,209.0,151.82,110.02,92.54,81.0,75.56,0.56,80.39,353.175526948639,379.192802115687,379.192802115687,379.192802115687,379.192802115687,379.192802115687,379.192802115687,379.192802115687,379.192802115687,379.192802115687,408.787224391734
265,374.88,375.72,350.0,209.01,151.88,109.99,92.53,80.95,75.58,-0.15,80.48,353.323743882904,379.359498438427,379.359498438427,379.359498438427,379.359498438427,379.359498438427,379.359498438427,379.359498438427,379.359498438427,379.359498438427,408.953920714474
266,374.95,375.78,350.02,208.96,151.9,110.04,92.56,80.96,75.61,0.25,80.52,353.471883930657,379.526117030005,379.526117030005,379.526117030005,379.526117030005,379.526117030005,379.526117030004,379.526117030004,379.526117030005,379.526117030004,409.120539306052
267,374.98,375.82,350.03,208.95,151.9,110.06,92.58,80.98,75.61,0.99,80.59,353.619947088994,379.692657875614,379.692657875614,379.692657875614,379.692657875614,379.692657875614,379.692657875614,379.692657875614,379.692657875614,379.692657875614,409.287080151661
268,375.03,375.88,350.04,208.99,151.87,110.03,92.62,81.01,75.62,0.55,80.65,353.76793335507,379.859120960511,379.859120960511,379.859120960511,379.859120960511,379.859120960511,379.85912096051,379.859120960511,379.859120960511,379.85912096051,409.453543236557
269,375.09,375.91,350.09,209.0,151.86,110.01,92.66,81.06,75.63,0.32,80.7,353.915842726088,380.02550627001,380.02550627001,380.02550627001,380.02550627001,380.02550627001,380.02550627001,380.02550627001,380.02550627001,380.02550627001,409.619928546057
270,375.14,375.93,350.12,208.96,151.83,110.01,92.69,81.13,75.71,-2.01,80.76,354.063675199313,380.19181378949,380.19181378949,380.19181378949,380.19181378949,380.19181378949,380.19181378949,380.19181378949,380.19181378949,380.19181378949,409.786236065537
271,375.18,375.94,350.15,209.02,151.83,110.05,92.69,81.2,75.76,-0.47,80.79,354.211430772059,380.35804350439,380.35804350439,380.35804350439,380.35804350439,380.35804350439,380.35804350439,380.35804350439,380.35804350439,380.35804350439,409.952465780437
272,375.21,375.94,350.19,209.22,151.87,110.15,92.64,81.38,75.84,-0.16,80.85,354.359109441696,380.52419540021,380.52419540021,380.52419540021,380.52419540021,380.52419540021,380.52419540021,380.52419540021,380.52419540021,380.52419540021,410.118617676257
273,375.23,375.95,350.28,209.4,151.92,110.19,92.7,81.53,76.01,-0.1,80.93,354.50671120565,380.690269462511,380.690269462511,380.690269462511,380.690269462511,380.690269462511,380.690269462512,380.690269462511,380.690269462512,380.690269462512,410.284691738559
274,375.27,375.98,350.33,209.54,151.94,110.12,92.91,81.7,76.21,0.42,81.03,354.6542360614,380.856265676918,380.856265676918,380.856265676918,380.856265676918,380.856265676918,380.856265676918,380.856265676918,380.856265676918,380.856265676918,410.450687952965
275,375.3,376.02,350.4,209.77,151.99,110.17,92.98,81.78,76.31,-0.02,81.09,354.801684006479,381.022184029113,381.022184029113,381.022184029113,381.022184029113,381.022184029113,381.022184029113,381.022184029113,381.022184029113,381.022184029113,410.61660630516
276,375.37,376.08,350.46,209.89,152.07,110.19,93.04,81.84,76.4,-0.8,81.16,354.949055038475,381.188024504842,381.188024504842,381.188024504842,381.188024504842,381.188024504842,381.188024504842,381.188024504842,381.188024504842,381.188024504842,410.782446780889
277,375.42,376.14,350.48,209.9,152.1,110.2,93.1,81.81,76.46,-1.44,81.24,355.096349155032,381.353787089914,381.353787089914,381.353787089914,381.353787089914,381.353787089914,381.353787089914,381.353787089914,381.353787089914,381.353787089914,410.948209365961
278,375.49,376.21,350.5,209.99,152.16,110.2,93.22,81.9,76.53,-1.18,81.31,355.243566353845,381.519471770196,381.519471770196,381.519471770196,381.519471770196,381.519471770196,381.519471770196,381.519471770196,381.519471770196,381.519471770196,411.113894046243
279,375.54,376.26,350.53,210.04,152.19,110.29,93.4,82.18,76.62,-1.45,81.38,355.390706632667,381.685078531618,381.685078531618,381.685078531618,381.685078531618,381.685078531618,381.685078531618,381.685078531618,381.685078531618,381.685078531618,411.279500807665
280,375.61,376.3,350.54,210.03,152.2,110.26,93.54,82.39,76.74,-1.38,81.45,355.537769989302,381.850607360171,381.850607360171,381.850607360171,381.850607360171,381.850607360171,381.850607360171,381.850607360171,381.850607360171,381.850607360171,411.445029636218
281,375.65,376.35,350.56,210.03,152.2,110.31,93.59,82.53,76.85,-1.22,81.52,355.684756421611,382.016058241909,382.016058241909,382.016058241909,382.016058241909,382.016058241909,382.016058241909,382.016058241909,382.016058241909,382.016058241909,411.610480517956
282,375.69,376.44,350.63,210.08,152.28,110.37,93.72,82.57,76.94,-1.47,81.64,355.831665927508,382.181431162944,382.181431162944,382.181431162944,382.181431162944,382.181431162944,382.181431162944,382.181431162944,382.181431162944,382.181431162944,411.775853438991
283,375.74,376.52,350.72,210.11,152.37,110.44,93.78,82.52,76.98,-1.94,81.76,355.978498504962,382.346726109452,382.346726109452,382.346726109452,382.346726109452,382.346726109452,382.346726109452,382.346726109452,382.346726109452,382.346726109452,411.941148385499
284,375.79,376.56,350.79,210.12,152.45,110.5,93.77,82.51,76.99,-2.25,81.83,356.125254151994,382.51194306767,382.51194306767,382.511943067671,382.511943067671,382.511943067671,382.511943067671,382.511943067671,382.511943067671,382.511943067671,412.106365343718
285,375.83,376.6,350.86,210.2,152.5,110.55,93.79,82.53,77.0,-1.33,81.89,356.271932866683,382.677082023897,382.677082023897,382.677082023897,382.677082023897,382.677082023897,382.677082023897,382.677082023897,382.677082023897,382.677082023897,412.271504299944
286,375.87,376.65,350.92,210.23,152.54,110.61,93.8,82.44,76.97,-1.42,81.97,356.41853464716,382.842142964491,382.842142964491,382.842142964491,382.842142964491,382.842142964491,382.842142964491,382.842142964491,382.842142964491,382.842142964491,412.436565240538
287,375.91,376.71,350.98,210.18,152.58,110.62,93.79,82.3,76.95,-1.87,82.01,356.565059491611,383.007125875874,383.007125875874,383.007125875874,383.007125875874,383.007125875874,383.007125875874,383.007125875874,383.007125875874,383.007125875874,412.601548151921
288,375.95,376.76,351.04,210.05,152.59,110.64,93.73,82.25,76.94,-2.03,82.07,356.711507398274,383.172030744528,383.172030744528,383.172030744528,383.172030744528,383.172030744528,383.172030744528,383.172030744528,383.172030744528,383.172030744528,412.766453020575
289,376.01,376.82,351.09,209.88,152.58,110.69,93.66,82.21,76.94,-2.48,82.11,356.857878365444,383.336857556997,383.336857556997,383.336857556997,383.336857556997,383.336857556997,383.336857556997,383.336857556997,383.336857556997,383.336857556997,412.931279833044
290,376.06,376.87,351.13,209.71,152.55,110.69,93.58,82.17,76.94,-3.09,82.15,357.004172391469,383.501606299886,383.501606299886,383.501606299886,383.501606299886,383.501606299886,383.501606299886,383.501606299886,383.501606299886,383.501606299886,413.096028575933
291,376.14,376.93,351.19,209.62,152.54,110.7,93.42,82.15,76.92,-1.17,82.2,357.150389474751,383.666276959862,383.666276959862,383.666276959862,383.666276959862,383.666276959862,383.666276959862,383.666276959862,383.666276959862,383.666276959862,413.260699235909
292,376.23,377.0,351.24,209.58,152.56,110.72,93.27,82.09,76.91,-2.72,82.26,357.296529613747,383.830869523652,383.830869523652,383.830869523652,383.830869523652,383.830869523652,383.830869523652,383.830869523652,383.830869523652,383.830869523652,413.425291799699
293,376.26,377.07,351.27,209.56,152.58,110.75,93.3,82.04,76.9,-3.77,82.29,357.442592806966,383.995383978046,383.995383978046,383.995383978046,383.995383978046,383.995383978046,383.995383978046,383.995383978046,383.995383978046,383.995383978046,413.589806254093
294,376.28,377.14,351.29,209.65,152.58,110.77,93.26,82.14,76.92,-3.49,82.32,357.588579052975,384.159820309896,384.159820309896,384.159820309896,384.159820309896,384.159820309896,384.159820309896,384.159820309896,384.159820309896,384.159820309896,413.754242585943
295,376.36,377.21,351.29,209.69,152.57,110.82,93.3,82.29,76.97,-1.72,82.36,357.73448835039,384.324178506112,384.324178506112,384.324178506112,384.324178506112,384.324178506112,384.324178506112,384.324178506112,384.324178506112,384.324178506112,413.918600782159
296,376.45,377.26,351.31,209.66,152.59,110.94,93.34,82.37,77.02,-1.66,82.4,357.880320697884,384.48845855367,384.48845855367,384.48845855367,384.48845855367,384.48845855367,384.48845855367,384.48845855367,384.48845855367,384.48845855367,414.082880829717
297,376.51,377.3,351.34,209.73,152.62,110.93,93.33,82.26,77.03,-2.76,82.43,358.026076094185,384.652660439603,384.652660439603,384.652660439603,384.652660439603,384.652660439603,384.652660439603,384.652660439603,384.652660439603,384.652660439603,414.24708271565
298,376.55,377.34,351.39,209.75,152.64,110.87,93.32,82.18,77.02,-4.56,82.46,358.171754538073,384.81678415101,384.81678415101,384.81678415101,384.81678415101,384.81678415101,384.81678415101,384.81678415101,384.81678415101,384.81678415101,414.411206427057
299,376.58,377.4,351.44,209.83,152.7,110.86,93.34,82.19,76.99,-3.84,82.52,358.317356028382,384.980829675047,384.980829675047,384.980829675047,384.980829675047,384.980829675047,384.980829675047,384.980829675047,384.980829675047,384.980829675047,414.575251951094
300,376.61,377.46,351.5,209.91,152.76,110.86,93.27,82.2,76.98,-3.52,82.58,358.462880564001,385.144796998934,385.144796998934,385.144796998934,385.144796998934,385.144796998934,385.144796998934,385.144796998934,385.144796998934,385.144796998934,414.739219274981
301,376.66,377.48,351.58,209.96,152.82,110.91,93.19,82.12,76.96,-3.64,82.61,358.608328143872,385.308686109952,385.308686109952,385.308686109952,385.308686109952,385.308686109952,385.308686109952,385.308686109952,385.308686109952,385.308686109952,414.903108385999
302,376.72,377.51,351.67,210.07,152.88,110.89,93.15,82.09,76.94,-2.94,82.64,358.753698766993,385.472496995443,385.472496995443,385.472496995443,385.472496995443,385.472496995443,385.472496995443,385.472496995443,385.472496995443,385.472496995443,415.06691927149
303,376.76,377.51,351.74,210.1,152.89,110.87,93.11,81.93,76.89,-3.15,82.65,358.898992432413,385.636229642811,385.636229642811,385.636229642811,385.636229642811,385.636229642811,385.636229642811,385.636229642811,385.636229642811,385.636229642811,415.230651918858
304,376.8,377.52,351.79,210.0,152.85,110.9,93.1,81.87,76.85,-2.24,82.66,359.044209139236,385.799884039521,385.799884039521,385.799884039521,385.799884039521,385.799884039521,385.799884039521,385.799884039521,385.799884039521,385.799884039521,415.394306315568
305,376.84,377.55,351.82,209.94,152.81,110.86,93.01,81.86,76.82,-2.74,82.67,359.189348886621,385.963460173099,385.963460173099,385.963460173099,385.963460173099,385.963460173099,385.963460173099,385.963460173099,385.963460173099,385.963460173099,415.557882449146
306,376.87,377.58,351.82,209.88,152.77,110.85,92.93,81.81,76.8,-3.5,82.68,359.334411673779,386.126958031134,386.126958031134,386.126958031134,386.126958031134,386.126958031134,386.126958031134,386.126958031134,386.126958031134,386.126958031134,415.721380307181
307,376.91,377.64,351.82,209.82,152.75,110.73,92.83,81.7,76.79,-2.91,82.68,359.479397499976,386.290377601276,386.290377601276,386.290377601276,386.290377601276,386.290377601276,386.290377601276,386.290377601276,386.290377601276,386.290377601276,415.884799877323
308,376.98,377.68,351.9,209.88,152.72,110.74,92.81,81.8,76.8,-1.7,82.69,359.624306364532,386.453718871234,386.453718871234,386.453718871234,386.453718871234,386.453718871234,386.453718871234,386.453718871234,386.453718871234,386.453718871234,416.048141147281
309,377.07,377.69,351.98,210.0,152.72,110.85,92.78,81.91,76.84,-2.02,82.69,359.76913826682,386.616981828781,386.616981828781,386.616981828781,386.616981828781,386.616981828781,386.616981828781,386.616981828781,386.616981828781,386.616981828781,416.211404104828
310,377.12,377.71,352.03,210.1,152.74,110.72,92.75,81.98,76.87,-0.81,82.69,359.913893206266,386.78016646175,386.78016646175,386.78016646175,386.78016646175,386.78016646175,386.78016646175,386.78016646175,386.78016646175,386.78016646175,416.374588737797
311,377.15,377.77,352.05,210.28,152.78,110.71,92.8,82.05,76.91,-0.95,82.7,360.058571182351,386.943272758039,386.943272758039,386.943272758039,386.943272758039,386.943272758039,386.943272758039,386.943272758039,386.943272758039,386.943272758039,416.537695034086
312,377.18,377.81,352.06,210.4,152.8,110.73,92.8,82.07,76.94,-1.65,82.7,360.20317219461,387.106300705601,387.106300705601,387.106300705601,387.106300705601,387.106300705601,387.106300705601,387.106300705601,387.106300705601,387.106300705601,416.700722981648
313,377.23,377.86,352.09,210.46,152.8,110.68,92.82,82.07,76.97,-0.99,82.73,360.347696242631,387.269250292455,387.269250292455,387.269250292455,387.269250292455,387.269250292455,387.269250292455,387.269250292455,387.269250292455,387.269250292455,416.863672568502
314,377.29,377.9,352.15,210.39,152.75,110.65,92.79,81.96,76.94,-0.84,82.74,360.492143326056,387.432121506682,387.432121506682,387.432121506682,387.432121506682,387.432121506682,387.432121506682,387.432121506682,387.432121506682,387.432121506682,417.026543782729
315,377.31,377.96,352.18,210.28,152.7,110.67,92.76,81.91,76.89,-0.78,82.76,360.63651344458,387.594914336422,387.594914336422,387.594914336421,387.594914336422,387.594914336422,387.594914336421,387.594914336421,387.594914336421,387.594914336421,417.189336612468
316,377.32,378.01,352.21,210.15,152.63,110.57,92.76,81.93,76.88,-1.1,82.77,360.780806597952,387.757628769876,387.757628769876,387.757628769876,387.757628769876,387.757628769876,387.757628769876,387.757628769876,387.757628769876,387.757628769876,417.352051045923
317,377.34,378.09,352.27,210.18,152.57,110.58,92.83,82.16,76.94,-0.63,82.78,360.925022785974,387.920264795309,387.920264795309,387.920264795309,387.920264795309,387.920264795309,387.920264795309,387.920264795309,387.920264795309,387.920264795309,417.514687071356
318,377.39,378.16,352.32,210.33,152.49,110.57,92.89,82.29,77.1,-1.78,82.79,361.069162008504,388.082822401046,388.082822401046,388.082822401046,388.082822401046,388.082822401046,388.082822401046,388.082822401046,388.082822401046,388.082822401046,417.677244677093
319,377.46,378.23,352.35,210.35,152.45,110.58,92.99,82.4,77.27,-1.38,82.82,361.213224265449,388.245301575473,388.245301575473,388.245301575473,388.245301575473,388.245301575473,388.245301575473,388.245301575473,388.245301575473,388.245301575473,417.83972385152
320,377.5,378.28,352.35,210.51,152.44,110.59,93.07,82.51,77.36,-0.23,82.87,361.357209556774,388.407702307038,388.407702307038,388.407702307038,388.407702307038,388.407702307038,388.407702307038,388.407702307038,388.407702307038,388.407702307038,418.002124583085
321,377.53,378.33,352.38,210.59,152.42,110.6,93.13,82.51,77.4,-0.02,82.92,361.501117882495,388.570024584251,388.570024584251,388.570024584251,388.570024584251,388.570024584251,388.570024584251,388.570024584251,388.570024584251,388.570024584251,418.164446860298
322,377.56,378.38,352.41,210.38,152.34,110.59,93.15,82.53,77.44,-0.73,82.95,361.644949242682,388.732268395682,388.732268395682,388.732268395682,388.732268395682,388.732268395682,388.732268395682,388.732268395682,388.732268395682,388.732268395682,418.326690671729
323,377.62,378.43,352.42,210.06,152.25,110.59,93.13,82.52,77.46,0.06,82.98,361.78870363746,388.894433729963,388.894433729963,388.894433729963,388.894433729963,388.894433729963,388.894433729963,388.894433729963,388.894433729963,388.894433729963,418.48885600601
324,377.67,378.46,352.44,209.7,152.13,110.55,93.11,82.53,77.48,-0.49,83.02,361.932381067005,389.056520575788,389.056520575788,389.056520575788,389.056520575788,389.056520575788,389.056520575788,389.056520575788,389.056520575788,389.056520575788,418.650942851835
325,377.74,378.48,352.47,209.37,152.02,110.55,93.1,82.58,77.52,-0.37,83.04,362.075981531547,389.218528921912,389.218528921912,389.218528921912,389.218528921912,389.218528921912,389.218528921912,389.218528921912,389.218528921912,389.218528921912,418.812951197959
326,377.79,378.49,352.5,209.25,151.95,110.54,93.08,82.51,77.52,-0.52,83.07,362.21950503137,389.380458757151,389.380458757151,389.380458757151,389.380458757151,389.380458757151,389.380458757151,389.380458757151,389.380458757151,389.380458757151,418.974881033198
327,377.86,378.53,352.56,209.13,151.89,110.52,93.03,82.39,77.5,-0.8,83.1,362.362951566812,389.542310070383,389.542310070383,389.542310070383,389.542310070383,389.542310070383,389.542310070383,389.542310070383,389.542310070383,389.542310070383,419.13673234643
328,377.89,378.57,352.55,209.12,151.88,110.5,93.12,82.4,77.51,-0.7,83.13,362.506321138262,389.704082850546,389.704082850546,389.704082850546,389.704082850546,389.704082850546,389.704082850546,389.704082850546,389.704082850546,389.704082850546,419.298505126593
329,377.92,378.59,352.57,209.24,151.9,110.5,93.22,82.52,77.58,-1.93,83.17,362.649613746166,389.865777086643,389.865777086643,389.865777086643,389.865777086643,389.865777086643,389.865777086643,389.865777086643,389.865777086643,389.865777086643,419.46019936269
330,377.95,378.62,352.57,209.26,151.93,110.46,93.2,82.56,77.6,-0.97,83.2,362.792829391019,390.027392767733,390.027392767733,390.027392767733,390.027392767733,390.027392767733,390.027392767733,390.027392767733,390.027392767733,390.027392767733,419.62181504378
331,377.99,378.65,352.61,209.31,151.97,110.5,93.19,82.56,77.64,-1.78,83.24,362.935968073373,390.188929882941,390.188929882941,390.188929882941,390.188929882941,390.188929882941,390.188929882941,390.188929882941,390.188929882941,390.188929882941,419.783352158988
332,378.04,378.69,352.68,209.31,151.99,110.52,93.22,82.69,77.71,-1.26,83.28,363.079029793831,390.350388421451,390.350388421451,390.350388421451,390.350388421451,390.350388421451,390.350388421451,390.350388421451,390.350388421451,390.350388421451,419.944810697498
333,378.1,378.73,352.75,209.19,151.96,110.52,93.16,82.76,77.78,-1.8,83.34,363.222014553048,390.511768372509,390.511768372509,390.511768372509,390.511768372509,390.511768372509,390.511768372509,390.511768372509,390.511768372509,390.511768372509,420.106190648556
334,378.17,378.75,352.79,208.96,151.87,110.55,93.17,82.75,77.85,-0.68,83.38,363.364922351736,390.673069725423,390.673069725423,390.673069725423,390.673069725423,390.673069725423,390.673069725423,390.673069725423,390.673069725423,390.673069725423,420.26749200147
335,378.27,378.85,352.81,208.71,151.71,110.48,93.26,82.79,77.97,-0.83,83.42,363.507753190659,390.834292469561,390.834292469561,390.834292469561,390.834292469561,390.834292469561,390.834292469561,390.834292469561,390.834292469561,390.834292469561,420.428714745608
336,378.34,378.94,352.81,208.61,151.61,110.45,93.27,82.89,78.09,-0.8,83.48,363.65050707063,390.995436594353,390.995436594353,390.995436594353,390.995436594353,390.995436594353,390.995436594353,390.995436594353,390.995436594353,390.995436594353,420.5898588704
337,378.37,379.0,352.82,208.7,151.6,110.49,93.3,82.93,78.19,-1.55,83.52,363.793183992522,391.15650208929,391.15650208929,391.15650208929,391.15650208929,391.15650208929,391.15650208929,391.15650208929,391.15650208929,391.15650208929,420.750924365337
338,378.42,379.06,352.83,208.78,151.61,110.44,93.36,83.07,78.3,-0.55,83.56,363.935783957254,391.317488943926,391.317488943926,391.317488943926,391.317488943926,391.317488943926,391.317488943926,391.317488943926,391.317488943926,391.317488943926,420.911911219973
339,378.45,379.09,352.81,208.82,151.61,110.48,93.38,83.16,78.42,-1.33,83.62,364.078306965804,391.478397147875,391.478397147875,391.478397147875,391.478397147875,391.478397147875,391.478397147875,391.478397147875,391.478397147875,391.478397147875,421.072819423922
340,378.48,379.14,352.83,208.9,151.62,110.45,93.31,83.18,78.49,-1.62,83.67,364.220753019199,391.639226690811,391.639226690811,391.639226690811,391.639226690811,391.639226690811,391.639226690811,391.639226690811,391.639226690811,391.639226690811,421.233648966858
341,378.51,379.16,352.81,209.05,151.67,110.47,93.37,83.28,78.6,-1.43,83.73,364.363122118523,391.799977562471,391.799977562471,391.799977562471,391.799977562471,391.799977562471,391.799977562471,391.799977562471,391.799977562471,391.799977562471,421.394399838519
342,378.57,379.2,352.82,209.2,151.73,110.63,93.36,83.36,78.7,-1.34,83.79,364.505414264907,391.960649752655,391.960649752655,391.960649752655,391.960649752655,391.960649752655,391.960649752655,391.960649752655,391.960649752655,391.960649752655,421.555072028702
343,378.64,379.25,352.82,209.43,151.79,110.59,93.33,83.39,78.81,-1.89,83.85,364.647629459541,392.12124325122,392.12124325122,392.12124325122,392.12124325122,392.12124325122,392.12124325122,392.12124325122,392.12124325122,392.12124325122,421.715665527267
344,378.69,379.28,352.79,209.52,151.87,110.57,93.34,83.38,78.88,-1.98,83.92,364.789767703665,392.281758048088,392.281758048088,392.281758048088,392.281758048088,392.281758048088,392.281758048088,392.281758048088,392.281758048088,392.281758048088,421.876180324135
345,378.76,379.34,352.8,209.6,151.93,110.64,93.49,83.42,78.95,-1.81,84.01,364.931828998571,392.44219413324,392.44219413324,392.44219413324,392.44219413324,392.44219413324,392.44219413324,392.44219413324,392.44219413324,392.44219413324,422.036616409287
346,378.81,379.35,352.88,209.62,151.96,110.62,93.7,83.47,79.06,-1.73,84.11,365.073813345607,392.602551496721,392.602551496721,392.602551496721,392.602551496721,392.602551496721,392.602551496721,392.602551496721,392.602551496721,392.602551496721,422.196973772768
347,378.88,379.36,352.93,209.61,151.95,110.65,93.86,83.55,79.14,-0.48,84.19,365.215720746171,392.762830128633,392.762830128633,392.762830128633,392.762830128633,392.762830128633,392.762830128633,392.762830128633,392.762830128633,392.762830128633,422.35725240468
348,378.93,379.39,353.03,209.56,151.95,110.67,93.97,83.68,79.23,-1.05,84.27,365.357551201714,392.923030019144,392.923030019144,392.923030019144,392.923030019144,392.923030019144,392.923030019144,392.923030019144,392.923030019144,392.923030019144,422.517452295191
349,378.93,379.44,353.12,209.6,151.95,110.7,94.02,83.75,79.26,-0.55,84.34,365.499304713743,393.083151158481,393.083151158481,393.083151158481,393.083151158481,393.083151158481,393.083151158481,393.083151158481,393.083151158481,393.083151158481,422.677573434528
350,378.96,379.49,353.18,209.72,151.99,110.82,94.09,83.89,79.33,0.37,84.41,365.640981283814,393.243193536931,393.243193536931,393.243193536931,393.243193536931,393.243193536931,393.243193536931,393.243193536931,393.243193536931,393.243193536931,422.837615812978
351,379.02,379.54,353.23,209.86,152.05,110.9,94.24,84.07,79.39,-0.08,84.49,365.782580913537,393.403157144845,393.403157144845,393.403157144845,393.403157144845,393.403157144845,393.403157144845,393.403157144845,393.403157144845,393.403157144845,422.997579420892
352,379.07,379.59,353.28,210.01,152.13,110.96,94.42,84.19,79.45,1.08,84.56,365.924103604575,393.563041972632,393.563041972632,393.563041972632,393.563041972632,393.563041972632,393.563041972632,393.563041972632,393.563041972632,393.563041972632,423.157464248679
353,379.15,379.61,353.4,210.16,152.26,111.07,94.61,84.33,79.51,1.89,84.67,366.065549358644,393.722848010766,393.722848010766,393.722848010766,393.722848010766,393.722848010766,393.722848010766,393.722848010766,393.722848010766,393.722848010766,423.317270286813
354,379.21,379.65,353.5,210.31,152.42,111.2,94.74,84.28,79.53,1.65,84.78,366.206918177511,393.88257524978,393.88257524978,393.88257524978,393.88257524978,393.88257524978,393.88257524978,393.88257524978,393.882575249781,393.882575249781,423.476997525828
355,379.25,379.7,353.57,210.45,152.54,111.22,94.75,84.22,79.53,1.31,84.85,366.348210062999,394.042223680269,394.042223680269,394.042223680269,394.042223680269,394.042223680269,394.042223680269,394.042223680269,394.042223680269,394.042223680269,423.636645956316
356,379.29,379.77,353.65,210.66,152.68,111.31,94.76,84.11,79.51,2.19,84.9,366.48942501698,394.201793292887,394.201793292887,394.201793292887,394.201793292887,394.201793292887,394.201793292887,394.201793292887,394.201793292887,394.201793292887,423.796215568934
357,379.31,379.84,353.74,210.69,152.82,111.3,94.73,84.04,79.5,-1.37,84.95,366.630563041381,394.361284078353,394.361284078353,394.361284078353,394.361284078353,394.361284078353,394.361284078353,394.361284078353,394.361284078353,394.361284078353,423.9557063544
358,379.35,379.91,353.82,210.83,152.96,111.33,94.72,84.02,79.5,-3.68,85.0,366.771624138179,394.520696027445,394.520696027445,394.520696027444,394.520696027445,394.520696027444,394.520696027444,394.520696027444,394.520696027444,394.520696027444,424.115118303491
359,379.41,379.96,353.88,211.0,153.07,111.44,94.7,83.94,79.47,-3.55,85.04,366.912608309407,394.680029131,394.680029131,394.680029131,394.680029131,394.680029131,394.680029131,394.680029131,394.680029131,394.680029131,424.274451407048
360,379.47,380.01,353.94,211.26,153.18,111.52,94.7,83.88,79.42,-2.69,85.08,367.053515557147,394.839283379922,394.839283379922,394.839283379922,394.839283379922,394.839283379922,394.839283379922,394.839283379922,394.839283379922,394.839283379922,424.433705655969
361,379.52,380.05,354.01,211.32,153.28,111.53,94.68,83.89,79.4,-2.62,85.11,367.194345883537,394.998458765171,394.998458765171,394.998458765171,394.998458765171,394.998458765171,394.998458765171,394.998458765171,394.998458765171,394.998458765171,424.592881041218
362,379.57,380.11,354.02,211.43,153.39,111.55,94.77,83.87,79.38,-2.42,85.15,367.335099290764,395.15755527777,395.15755527777,395.15755527777,395.15755527777,395.15755527777,395.15755527777,395.15755527777,395.15755527777,395.15755527777,424.751977553817
363,379.62,380.15,354.07,211.57,153.51,111.56,94.83,83.95,79.4,-3.02,85.21,367.475775781069,395.316572908804,395.316572908804,395.316572908804,395.316572908804,395.316572908804,395.316572908804,395.316572908804,395.316572908804,395.316572908804,424.910995184851
364,379.66,380.15,354.16,211.64,153.59,111.61,94.82,84.0,79.4,-2.99,85.22,367.616375356747,395.475511649417,395.475511649417,395.475511649417,395.475511649417,395.475511649417,395.475511649417,395.475511649417,395.475511649417,395.475511649417,425.069933925464
365,379.71,380.14,354.27,211.75,153.65,111.78,94.85,84.11,79.42,-4.09,85.24,367.756898020142,395.634371490817,395.634371490817,395.634371490817,395.634371490817,395.634371490817,395.634371490817,395.634371490817,395.634371490817,395.634371490817,425.228793766864
366,379.76,380.15,354.39,211.66,153.71,111.73,94.84,84.09,79.42,-3.14,85.26,367.897343773652,395.793152424269,395.793152424269,395.793152424269,395.793152424269,395.793152424269,395.793152424269,395.793152424269,395.793152424269,395.793152424269,425.387574700316
367,379.81,380.18,354.5,211.6,153.78,111.75,94.85,84.07,79.39,-3.78,85.26,368.037712619729,395.951854441105,395.951854441105,395.951854441105,395.951854441105,395.951854441105,395.951854441105,395.951854441105,395.951854441105,395.951854441105,425.546276717152
368,379.84,380.23,354.59,211.66,153.85,111.77,94.85,84.12,79.39,-2.99,85.29,368.178004560874,396.110477532712,396.110477532712,396.110477532712,396.110477532713,396.110477532713,396.110477532713,396.110477532713,396.110477532713,396.110477532713,425.70489980876
369,379.87,380.28,354.65,211.69,153.9,111.82,94.92,84.22,79.42,-3.86,85.31,368.318219599642,396.269021690543,396.269021690543,396.269021690543,396.269021690543,396.269021690543,396.269021690543,396.269021690543,396.269021690543,396.269021690543,425.86344396659
370,379.91,380.34,354.68,211.76,153.94,111.84,95.01,84.36,79.5,-3.44,85.34,368.458357738642,396.427486906108,396.427486906108,396.427486906108,396.427486906109,396.427486906109,396.427486906109,396.427486906109,396.427486906109,396.427486906109,426.021909182156
371,379.98,380.44,354.7,211.87,153.99,111.92,95.11,84.52,79.63,-3.88,85.39,368.59841898053,396.585873170982,396.585873170982,396.585873170982,396.585873170982,396.585873170982,396.585873170982,396.585873170982,396.585873170982,396.585873170982,426.180295447029
372,380.06,380.54,354.74,211.97,154.04,112.0,95.16,84.52,79.69,-3.95,85.43,368.73840332802,396.744180476797,396.744180476797,396.744180476797,396.744180476797,396.744180476797,396.744180476797,396.744180476797,396.744180476797,396.744180476797,426.338602752844
373,380.12,380.57,354.76,211.94,154.08,112.06,95.18,84.58,79.73,-3.53,85.46,368.878310783875,396.90240881525,396.90240881525,396.90240881525,396.90240881525,396.90240881525,396.90240881525,396.90240881525,396.90240881525,396.90240881525,426.496831091297
374,380.16,380.58,354.81,211.95,154.13,112.13,95.15,84.71,79.81,-5.04,85.49,369.018141350911,397.060558178096,397.060558178096,397.060558178096,397.060558178096,397.060558178096,397.060558178096,397.060558178096,397.060558178096,397.060558178096,426.654980454143
375,380.19,380.59,354.88,212.06,154.21,112.17,95.2,84.74,79.9,-3.41,85.54,369.157895031995,397.218628557154,397.218628557154,397.218628557154,397.218628557154,397.218628557154,397.218628557154,397.218628557154,397.218628557154,397.218628557154,426.813050833201
376,380.2,380.6,354.93,212.1,154.26,112.26,95.25,84.84,79.96,-4.23,85.56,369.297571830046,397.3766199443,397.3766199443,397.3766199443,397.3766199443,397.3766199443,397.3766199443,397.3766199443,397.3766199443,397.3766199443,426.971042220347
377,380.23,380.63,354.94,212.1,154.28,112.31,95.3,84.85,80.01,-3.41,85.59,369.437171748037,397.534532331475,397.534532331475,397.534532331475,397.534532331475,397.534532331475,397.534532331475,397.534532331475,397.534532331475,397.534532331475,427.128954607522
378,380.27,380.66,354.95,212.06,154.3,112.36,95.38,84.84,80.05,-4.42,85.62,369.576694788991,397.692365710679,397.692365710679,397.692365710679,397.692365710679,397.692365710679,397.692365710679,397.692365710679,397.692365710678,397.692365710679,427.286787986725
379,380.33,380.74,354.99,212.05,154.35,112.35,95.51,84.76,80.05,-2.45,85.65,369.716140955985,397.850120073972,397.850120073972,397.850120073972,397.850120073972,397.850120073972,397.850120073972,397.850120073972,397.850120073972,397.850120073972,427.444542350019
380,380.43,380.87,355.04,212.07,154.43,112.48,95.62,84.68,80.01,0.02,85.67,369.855510252146,398.007795413478,398.007795413478,398.007795413478,398.007795413478,398.007795413478,398.007795413478,398.007795413478,398.007795413478,398.007795413478,427.602217689525
381,380.53,380.98,355.14,212.07,154.52,112.54,95.58,84.6,79.95,0.68,85.7,369.994802680653,398.16539172138,398.16539172138,398.16539172138,398.16539172138,398.16539172138,398.16539172138,398.16539172138,398.16539172138,398.16539172138,427.759813997427
382,380.59,381.01,355.22,212.09,154.58,112.53,95.49,84.53,79.91,0.77,85.7,370.134018244737,398.322908989922,398.322908989922,398.322908989922,398.322908989922,398.322908989922,398.322908989922,398.322908989922,398.322908989922,398.322908989922,427.917331265969
383,380.66,381.05,355.29,212.18,154.63,112.57,95.5,84.49,79.9,1.0,85.73,370.273156947683,398.480347211408,398.480347211408,398.480347211408,398.480347211408,398.480347211408,398.480347211408,398.480347211408,398.480347211408,398.480347211408,428.074769487455
384,380.71,381.11,355.34,212.23,154.68,112.58,95.53,84.58,79.93,1.83,85.74,370.412218792824,398.637706378206,398.637706378206,398.637706378206,398.637706378206,398.637706378206,398.637706378206,398.637706378206,398.637706378206,398.637706378206,428.232128654253
385,380.74,381.18,355.36,212.46,154.74,112.71,95.58,84.62,79.94,-3.45,85.76,370.551203783548,398.794986482742,398.794986482742,398.794986482742,398.794986482742,398.794986482742,398.794986482742,398.794986482742,398.794986482742,398.794986482742,428.389408758789
386,380.77,381.25,355.41,212.59,154.79,112.78,95.64,84.73,79.95,-3.48,85.76,370.690111923293,398.952187517504,398.952187517504,398.952187517504,398.952187517504,398.952187517504,398.952187517503,398.952187517503,398.952187517503,398.952187517503,428.54660979355
387,380.8,381.3,355.45,212.65,154.82,112.81,95.75,84.87,79.99,-4.22,85.79,370.828943215549,399.10930947504,399.10930947504,399.10930947504,399.10930947504,399.10930947504,399.10930947504,399.10930947504,399.10930947504,399.10930947504,428.703731751087
388,380.83,381.33,355.52,212.61,154.83,112.88,95.77,85.05,80.06,-3.48,85.8,370.967697663859,399.266352347961,399.266352347961,399.266352347961,399.266352347961,399.266352347961,399.266352347961,399.266352347961,399.266352347961,399.266352347961,428.860774624008
389,380.89,381.39,355.58,212.53,154.82,112.86,95.81,85.2,80.17,-2.47,85.82,371.106375271816,399.423316128938,399.423316128938,399.423316128938,399.423316128938,399.423316128938,399.423316128938,399.423316128938,399.423316128938,399.423316128938,429.017738404985
390,380.94,381.47,355.58,212.58,154.87,112.92,95.83,85.14,80.26,-3.85,85.86,371.244976043064,399.580200810701,399.580200810701,399.580200810701,399.580200810701,399.580200810701,399.580200810701,399.580200810701,399.580200810701,399.580200810701,429.174623086748
391,380.96,381.51,355.59,212.64,154.91,112.99,95.79,85.05,80.27,-5.09,85.87,371.383499981302,399.737006386042,399.737006386042,399.737006386042,399.737006386042,399.737006386042,399.737006386042,399.737006386042,399.737006386042,399.737006386042,429.331428662089
392,380.99,381.54,355.62,212.63,154.93,112.96,95.76,84.98,80.27,-3.39,85.89,371.521947090276,399.893732847816,399.893732847816,399.893732847816,399.893732847816,399.893732847816,399.893732847816,399.893732847816,399.893732847816,399.893732847816,429.488155123863
393,381.05,381.54,355.67,212.61,154.95,112.96,95.74,84.83,80.24,-5.4,85.93,371.660317373787,400.050380188935,400.050380188935,400.050380188935,400.050380188935,400.050380188935,400.050380188935,400.050380188935,400.050380188935,400.050380188935,429.644802464982
394,381.11,381.56,355.7,212.53,154.95,112.95,95.71,84.76,80.2,-3.5,85.95,371.798610835687,400.206948402375,400.206948402375,400.206948402375,400.206948402375,400.206948402375,400.206948402375,400.206948402375,400.206948402375,400.206948402375,429.801370678422
395,381.16,381.59,355.71,212.42,154.91,112.97,95.7,84.82,80.18,-3.39,85.96,371.936827479876,400.363437481171,400.363437481171,400.363437481171,400.363437481171,400.363437481171,400.363437481171,400.363437481171,400.363437481171,400.363437481171,429.957859757218
396,381.18,381.63,355.71,212.42,154.88,112.96,95.73,84.87,80.18,-4.56,85.97,372.074967310312,400.519847418419,400.519847418419,400.519847418419,400.519847418419,400.519847418419,400.519847418419,400.519847418419,400.519847418419,400.519847418419,430.114269694466
397,381.17,381.65,355.72,212.45,154.84,112.95,95.69,84.78,80.15,-4.19,85.99,372.213030330998,400.676178207276,400.676178207276,400.676178207276,400.676178207276,400.676178207276,400.676178207276,400.676178207276,400.676178207276,400.676178207276,430.270600483323
398,381.21,381.7,355.77,212.53,154.81,112.91,95.66,84.72,80.06,-3.23,86.01,372.351016545992,400.83242984096,400.83242984096,400.83242984096,400.83242984096,400.83242984096,400.83242984096,400.83242984096,400.83242984096,400.83242984096,430.426852117007
399,381.29,381.76,355.82,212.64,154.83,112.89,95.63,84.69,80.02,-4.0,86.02,372.488925959402,400.98860231275,400.98860231275,400.98860231275,400.98860231275,400.98860231275,400.98860231275,400.98860231275,400.98860231275,400.98860231275,430.583024588797
400,381.32,381.8,355.85,212.68,154.83,112.93,95.63,84.67,80.0,-4.23,86.02,372.626758575387,401.144695615984,401.144695615984,401.144695615984,401.144695615984,401.144695615984,401.144695615984,401.144695615984,401.144695615984,401.144695615984,430.739117892031
401,381.38,381.86,355.88,212.75,154.84,112.89,95.67,84.75,80.01,-4.3,86.03,372.764514398159,401.300709744063,401.300709744063,401.300709744063,401.300709744063,401.300709744063,401.300709744063,401.300709744063,401.300709744063,401.300709744063,430.89513202011
402,381.46,381.9,355.89,212.87,154.87,112.97,95.64,84.79,80.0,-4.12,86.04,372.902193431979,401.456644690447,401.456644690447,401.456644690447,401.456644690447,401.456644690447,401.456644690447,401.456644690447,401.456644690447,401.456644690447,431.051066966494
403,381.52,381.95,355.95,212.89,154.9,112.94,95.6,84.75,79.99,-3.99,86.04,373.039795681161,401.612500448657,401.612500448657,401.612500448657,401.612500448657,401.612500448657,401.612500448657,401.612500448657,401.612500448657,401.612500448657,431.206922724704
404,381.59,382.0,356.04,212.9,154.93,112.97,95.61,84.79,80.0,-4.3,86.05,373.17732115007,401.768277012275,401.768277012275,401.768277012275,401.768277012275,401.768277012275,401.768277012275,401.768277012275,401.768277012275,401.768277012275,431.362699288323
405,381.68,382.05,356.12,212.97,154.95,112.99,95.64,84.92,80.02,-3.45,86.05,373.31476984312,401.923974374945,401.923974374945,401.923974374945,401.923974374945,401.923974374945,401.923974374945,401.923974374945,401.923974374945,401.923974374945,431.518396650992
406,381.71,382.09,356.21,213.01,154.99,112.98,95.66,84.89,80.07,-3.59,86.08,373.452141764779,402.079592530368,402.079592530368,402.079592530368,402.079592530368,402.079592530368,402.079592530368,402.079592530368,402.079592530368,402.079592530368,431.674014806415
407,381.75,382.14,356.25,213.11,155.04,113.01,95.6,84.7,80.06,-4.22,86.08,373.589436919563,402.235131472309,402.235131472309,402.235131472309,402.235131472309,402.235131472309,402.235131472309,402.235131472309,402.235131472309,402.235131472309,431.829553748356
408,381.8,382.21,356.3,213.08,155.1,112.96,95.44,84.55,80.01,-4.37,86.09,373.726655312044,402.390591194593,402.390591194593,402.390591194593,402.390591194593,402.390591194593,402.390591194593,402.390591194593,402.390591194593,402.390591194593,431.98501347064
409,381.86,382.22,356.38,213.05,155.09,112.9,95.4,84.51,80.01,-6.11,86.09,373.863796946839,402.545971691102,402.545971691102,402.545971691102,402.545971691102,402.545971691102,402.545971691102,402.545971691102,402.545971691102,402.545971691102,432.140393967149
410,381.89,382.22,356.43,213.06,155.08,112.87,95.47,84.53,80.04,-5.19,86.1,374.00086182862,402.701272955785,402.701272955785,402.701272955785,402.701272955785,402.701272955785,402.701272955785,402.701272955785,402.701272955785,402.701272955785,432.295695231832
411,381.92,382.26,356.45,213.06,155.08,112.89,95.55,84.66,80.1,-5.91,86.11,374.137849962109,402.856494982646,402.856494982646,402.856494982646,402.856494982646,402.856494982646,402.856494982646,402.856494982646,402.856494982646,402.856494982646,432.450917258693
412,381.94,382.31,356.5,213.07,155.09,112.92,95.65,84.85,80.18,-5.81,86.13,374.274761352077,403.011637765752,403.011637765752,403.011637765752,403.011637765752,403.011637765752,403.011637765752,403.011637765752,403.011637765752,403.011637765752,432.606060041799
413,381.97,382.36,356.54,213.26,155.13,112.95,95.7,85.0,80.26,-5.12,86.15,374.41159600335,403.16670129923,403.16670129923,403.16670129923,403.16670129923,403.16670129923,403.16670129923,403.16670129923,403.16670129923,403.16670129923,432.761123575277
414,381.99,382.39,356.6,213.41,155.17,112.99,95.7,84.95,80.3,-5.03,86.18,374.5483539208,403.321685577268,403.321685577268,403.321685577268,403.321685577268,403.321685577268,403.321685577268,403.321685577268,403.321685577268,403.321685577268,432.916107853315
415,382.05,382.43,356.63,213.56,155.22,112.99,95.68,84.84,80.27,-4.11,86.2,374.685035109354,403.476590594114,403.476590594114,403.476590594114,403.476590594114,403.476590594114,403.476590594114,403.476590594114,403.476590594114,403.476590594114,433.071012870161
416,382.09,382.47,356.66,213.67,155.26,113.0,95.65,84.79,80.22,-4.83,86.21,374.821639573987,403.631416344075,403.631416344075,403.631416344075,403.631416344075,403.631416344075,403.631416344075,403.631416344075,403.631416344075,403.631416344075,433.225838620122
417,382.16,382.54,356.71,213.72,155.32,112.99,95.6,84.78,80.22,-3.66,86.24,374.958167319726,403.786162821522,403.786162821522,403.786162821522,403.786162821522,403.786162821522,403.786162821522,403.786162821522,403.786162821522,403.786162821522,433.380585097569
418,382.22,382.61,356.78,213.82,155.35,113.04,95.61,84.89,80.29,-3.83,86.27,375.094618351648,403.940830020883,403.940830020883,403.940830020883,403.940830020883,403.940830020883,403.940830020883,403.940830020883,403.940830020883,403.940830020883,433.53525229693
419,382.23,382.62,356.78,213.95,155.36,113.1,95.71,85.04,80.37,-3.8,86.3,375.230992674881,404.095417936648,404.095417936648,404.095417936648,404.095417936648,404.095417936648,404.095417936648,404.095417936648,404.095417936648,404.095417936648,433.689840212695
420,382.26,382.67,356.8,214.06,155.41,113.16,95.8,85.18,80.46,-3.06,86.33,375.367290294604,404.249926563367,404.249926563367,404.249926563367,404.249926563367,404.249926563367,404.249926563367,404.249926563367,404.249926563367,404.249926563367,433.844348839414
421,382.31,382.7,356.83,214.13,155.45,113.17,95.91,85.26,80.56,-4.67,86.37,375.503511216047,404.404355895651,404.404355895651,404.404355895651,404.404355895651,404.404355895651,404.404355895651,404.404355895651,404.404355895651,404.404355895651,433.998778171698
422,382.4,382.73,356.86,214.29,155.54,113.29,96.0,85.41,80.66,-3.41,86.42,375.639655444489,404.558705928171,404.558705928171,404.558705928171,404.558705928171,404.558705928171,404.558705928171,404.558705928171,404.558705928171,404.558705928171,434.153128204218
423,382.48,382.77,356.92,214.48,155.63,113.4,96.15,85.61,80.78,-2.91,86.45,375.775722985261,404.712976655657,404.712976655657,404.712976655657,404.712976655657,404.712976655657,404.712976655657,404.712976655657,404.712976655657,404.712976655657,434.307398931704
424,382.54,382.81,356.98,214.61,155.74,113.43,96.28,85.63,80.87,-3.55,86.49,375.911713843742,404.867168072902,404.867168072902,404.867168072902,404.867168072902,404.867168072902,404.867168072902,404.867168072902,404.867168072902,404.867168072902,434.461590348949
425,382.59,382.86,357.07,214.65,155.88,113.53,96.42,85.63,80.97,-2.7,86.56,376.047628025366,405.021280174756,405.021280174756,405.021280174756,405.021280174756,405.021280174756,405.021280174756,405.021280174756,405.021280174756,405.021280174756,434.615702450803
426,382.65,382.91,357.19,214.78,156.06,113.59,96.56,85.65,81.07,-2.49,86.62,376.183465535613,405.175312956133,405.175312956133,405.175312956133,405.175312956133,405.175312956133,405.175312956133,405.175312956133,405.175312956133,405.175312956133,434.76973523218
427,382.7,382.92,357.26,214.85,156.13,113.61,96.6,85.68,81.1,-3.26,86.66,376.319226380016,405.329266412004,405.329266412004,405.329266412004,405.329266412004,405.329266412004,405.329266412004,405.329266412004,405.329266412004,405.329266412004,434.923688688051
428,382.75,382.98,357.33,214.94,156.24,113.65,96.57,85.64,81.14,-3.72,86.71,376.454910564158,405.483140537402,405.483140537402,405.483140537402,405.483140537402,405.483140537402,405.483140537402,405.483140537402,405.483140537402,405.483140537402,435.077562813449
429,382.74,383.04,357.4,215.01,156.33,113.69,96.49,85.56,81.13,-3.15,86.76,376.59051809367,405.636935327419,405.636935327419,405.636935327419,405.636935327419,405.636935327419,405.636935327419,405.636935327419,405.636935327419,405.636935327419,435.231357603466
430,382.76,383.1,357.46,215.11,156.43,113.71,96.38,85.38,81.08,-4.41,86.77,376.726048974238,405.790650777209,405.790650777209,405.790650777209,405.790650777209,405.790650777209,405.790650777209,405.790650777209,405.790650777209,405.790650777209,435.385073053256
431,382.83,383.17,357.5,215.16,156.52,113.69,96.32,85.34,81.03,-4.21,86.82,376.861503211593,405.944286881985,405.944286881985,405.944286881985,405.944286881985,405.944286881985,405.944286881985,405.944286881985,405.944286881985,405.944286881985,435.538709158032
432,382.88,383.25,357.56,215.31,156.61,113.74,96.24,85.28,80.96,-4.21,86.82,376.996880811519,406.097843637021,406.097843637021,406.097843637021,406.097843637021,406.097843637021,406.097843637021,406.097843637021,406.097843637021,406.097843637021,435.692265913068
433,382.92,383.3,357.56,215.43,156.7,113.8,96.17,85.18,80.89,-5.15,86.83,377.132181779851,406.251321037649,406.251321037649,406.251321037649,406.251321037649,406.251321037649,406.251321037649,406.251321037649,406.251321037649,406.251321037649,435.845743313696
434,382.98,383.36,357.67,215.41,156.77,113.75,96.19,85.22,80.82,-4.98,86.84,377.267406122472,406.404719079263,406.404719079263,406.404719079263,406.404719079263,406.404719079263,406.404719079263,406.404719079263,406.404719079263,406.404719079263,435.99914135531
435,383.05,383.44,357.78,215.31,156.76,113.81,96.26,85.29,80.82,-5.76,86.84,377.402553845317,406.558037757317,406.558037757317,406.558037757317,406.558037757317,406.558037757317,406.558037757317,406.558037757317,406.558037757317,406.558037757317,436.152460033364
436,383.09,383.48,357.83,215.19,156.74,113.81,96.27,85.34,80.82,-5.19,86.84,377.537624954369,406.711277067324,406.711277067324,406.711277067324,406.711277067324,406.711277067324,406.711277067324,406.711277067324,406.711277067324,406.711277067324,436.305699343371
437,383.12,383.49,357.86,215.14,156.73,113.84,96.33,85.37,80.79,-4.83,86.85,377.672619455663,406.864437004859,406.864437004859,406.864437004859,406.864437004859,406.864437004859,406.864437004859,406.864437004859,406.864437004859,406.864437004859,436.458859280906
438,383.16,383.49,357.91,215.08,156.71,113.87,96.35,85.34,80.78,-5.68,86.85,377.807537355284,407.017517565556,407.017517565556,407.017517565556,407.017517565556,407.017517565556,407.017517565556,407.017517565556,407.017517565556,407.017517565556,436.611939841603
439,383.2,383.51,357.97,214.99,156.7,113.9,96.35,85.28,80.74,-3.73,86.85,377.942378659363,407.170518745107,407.170518745107,407.170518745107,407.170518745107,407.170518745107,407.170518745107,407.170518745107,407.170518745107,407.170518745107,436.764941021155
440,383.24,383.54,358.04,214.86,156.68,113.9,96.31,85.29,80.72,-0.32,86.84,378.077143374088,407.323440539269,407.323440539269,407.323440539268,407.323440539268,407.323440539268,407.323440539268,407.323440539268,407.323440539268,407.323440539268,436.917862815316
441,383.26,383.59,358.1,214.82,156.68,113.89,96.25,85.21,80.72,-1.82,86.84,378.211831505691,407.476282943852,407.476282943852,407.476282943852,407.476282943852,407.476282943852,407.476282943852,407.476282943852,407.476282943852,407.476282943852,437.070705219899
442,383.29,383.62,358.19,214.82,156.7,113.92,96.23,85.11,80.69,-1.89,86.84,378.346443060457,407.629045954733,407.629045954733,407.629045954733,407.629045954733,407.629045954733,407.629045954733,407.629045954733,407.629045954733,407.629045954733,437.22346823078
443,383.33,383.68,358.27,214.88,156.78,113.98,96.2,85.03,80.64,-2.14,86.83,378.480978044718,407.781729567845,407.781729567845,407.781729567845,407.781729567845,407.781729567845,407.781729567845,407.781729567845,407.781729567845,407.781729567845,437.376151843892
444,383.4,383.75,358.33,214.82,156.79,114.0,96.23,85.09,80.64,-3.2,86.82,378.615436464859,407.934333779181,407.934333779181,407.934333779181,407.934333779181,407.934333779181,407.934333779181,407.934333779181,407.934333779181,407.934333779181,437.528756055228
445,383.46,383.79,358.33,214.78,156.77,114.0,96.19,85.17,80.65,-2.15,86.83,378.749818327313,408.086858584794,408.086858584794,408.086858584794,408.086858584794,408.086858584794,408.086858584794,408.086858584794,408.086858584794,408.086858584794,437.681280860841
446,383.52,383.85,358.32,214.64,156.75,113.99,96.09,85.01,80.62,-3.04,86.82,378.884123638563,408.239303980799,408.239303980799,408.239303980799,408.239303980799,408.239303980799,408.239303980799,408.239303980799,408.239303980799,408.239303980799,437.833726256846
447,383.59,383.91,358.29,214.54,156.74,114.08,95.99,84.87,80.55,-2.31,86.81,379.01835240514,408.391669963369,408.391669963369,408.391669963369,408.391669963369,408.391669963369,408.391669963369,408.391669963369,408.391669963369,408.391669963369,437.986092239416
448,383.63,383.95,358.28,214.63,156.76,114.04,95.87,84.74,80.46,-0.24,86.8,379.152504633629,408.543956528737,408.543956528737,408.543956528737,408.543956528737,408.543956528737,408.543956528737,408.543956528737,408.543956528737,408.543956528737,438.138378804784
449,383.69,383.97,358.25,214.68,156.78,114.1,95.73,84.63,80.36,-1.1,86.75,379.286580330661,408.696163673195,408.696163673195,408.696163673195,408.696163673195,408.696163673195,408.696163673195,408.696163673195,408.696163673195,408.696163673195,438.290585949242
450,383.77,383.99,358.27,214.72,156.82,114.04,95.64,84.56,80.3,-0.93,86.74,379.420579502917,408.848291393097,408.848291393097,408.848291393097,408.848291393097,408.848291393097,408.848291393097,408.848291393097,408.848291393097,408.848291393097,438.442713669144
451,383.8,384.03,358.31,214.65,156.86,113.99,95.6,84.48,80.24,-2.44,86.72,379.554502157128,409.000339684855,409.000339684855,409.000339684855,409.000339684855,409.000339684855,409.000339684855,409.000339684855,409.000339684855,409.000339684855,438.594761960902
452,383.86,384.11,358.32,214.66,156.9,113.96,95.51,84.41,80.15,-2.25,86.68,379.688348300074,409.152308544941,409.152308544941,409.152308544941,409.152308544941,409.152308544941,409.152308544941,409.152308544941,409.152308544941,409.152308544941,438.746730820988
453,383.89,384.18,358.3,214.79,156.94,113.98,95.51,84.47,80.12,-1.78,86.65,379.822117938586,409.304197969888,409.304197969888,409.304197969888,409.304197969888,409.304197969888,409.304197969888,409.304197969888,409.304197969888,409.304197969888,438.898620245935
454,383.92,384.2,358.33,214.89,156.93,113.98,95.56,84.58,80.13,-2.68,86.63,379.955811079543,409.456007956286,409.456007956286,409.456007956286,409.456007956286,409.456007956286,409.456007956286,409.456007956286,409.456007956286,409.456007956286,439.050430232333
455,383.95,384.22,358.35,214.93,156.89,113.95,95.63,84.84,80.22,-0.43,86.61,380.089427729874,409.607738500788,409.607738500788,409.607738500788,409.607738500788,409.607738500788,409.607738500788,409.607738500788,409.607738500788,409.607738500788,439.202160776835
456,384.0,384.22,358.33,214.97,156.87,113.94,95.68,85.04,80.33,0.31,86.62,380.222967896557,409.759389600104,409.759389600104,409.759389600104,409.759389600104,409.759389600104,409.759389600104,409.759389600104,409.759389600104,409.759389600104,439.353811876151
457,384.04,384.26,358.3,215.0,156.88,114.04,95.73,85.14,80.46,-0.17,86.64,380.35643158662,409.910961251005,409.910961251005,409.910961251005,409.910961251005,409.910961251005,409.910961251005,409.910961251005,409.910961251005,409.910961251005,439.505383527052
458,384.1,384.29,358.26,215.03,156.89,113.99,95.78,85.19,80.54,-0.57,86.66,380.489818807138,410.062453450321,410.062453450321,410.062453450321,410.062453450321,410.062453450321,410.062453450321,410.062453450321,410.062453450321,410.062453450321,439.656875726368
459,384.19,384.31,358.25,215.0,156.87,114.0,95.91,85.26,80.65,0.02,86.7,380.623129565238,410.213866194942,410.213866194942,410.213866194942,410.213866194942,410.213866194942,410.213866194942,410.213866194942,410.213866194942,410.213866194942,439.808288470989
460,384.22,384.33,358.26,214.89,156.82,114.0,96.02,85.41,80.71,-0.62,86.72,380.756363868096,410.365199481817,410.365199481817,410.365199481817,410.365199481817,410.365199481817,410.365199481817,410.365199481817,410.365199481817,410.365199481817,439.959621757864
461,384.22,384.36,358.26,214.86,156.8,113.99,96.1,85.4,80.73,-0.57,86.75,380.889521722935,410.516453307955,410.516453307955,410.516453307955,410.516453307955,410.516453307955,410.516453307955,410.516453307955,410.516453307955,410.516453307955,440.110875584002
462,384.2,384.43,358.28,214.79,156.78,113.97,96.17,85.34,80.71,-0.9,86.76,381.022603137028,410.667627670425,410.667627670425,410.667627670425,410.667627670425,410.667627670425,410.667627670425,410.667627670425,410.667627670425,410.667627670425,440.262049946472
463,384.26,384.51,358.3,214.71,156.73,114.01,96.2,85.37,80.67,-0.99,86.78,381.1556081177,410.818722566354,410.818722566354,410.818722566354,410.818722566354,410.818722566354,410.818722566354,410.818722566354,410.818722566354,410.818722566354,440.413144842401
464,384.31,384.55,358.33,214.57,156.69,114.02,96.2,85.44,80.67,-0.69,86.78,381.288536672319,410.969737992931,410.969737992931,410.969737992931,410.969737992931,410.969737992931,410.969737992931,410.969737992931,410.969737992931,410.969737992931,440.564160268978
465,384.38,384.6,358.34,214.47,156.66,114.04,96.15,85.39,80.67,-0.42,86.78,381.421388808309,411.120673947401,411.120673947401,411.120673947401,411.120673947401,411.120673947401,411.120673947401,411.120673947401,411.120673947401,411.120673947401,440.715096223448
466,384.4,384.63,358.37,214.32,156.62,114.03,96.15,85.4,80.69,-0.46,86.8,381.554164533137,411.271530427071,411.271530427071,411.271530427071,411.271530427071,411.271530427071,411.271530427071,411.271530427071,411.271530427071,411.271530427071,440.865952703118
467,384.42,384.66,358.42,214.11,156.58,114.01,96.19,85.37,80.74,-0.91,86.81,381.686863854322,411.422307429306,411.422307429306,411.422307429306,411.422307429306,411.422307429306,411.422307429306,411.422307429306,411.422307429306,411.422307429306,441.016729705353
468,384.48,384.64,358.44,213.9,156.52,113.95,96.26,85.5,80.81,-1.26,86.81,381.819486779432,411.573004951532,411.573004951532,411.573004951532,411.573004951532,411.573004951532,411.573004951532,411.573004951532,411.573004951532,411.573004951532,441.167427227579
469,384.55,384.64,358.5,214.03,156.47,113.96,96.36,85.69,80.89,-1.07,86.83,381.952033316083,411.723622991233,411.723622991233,411.723622991233,411.723622991233,411.723622991233,411.723622991233,411.723622991233,411.723622991233,411.723622991233,441.31804526728
470,384.6,384.67,358.5,214.2,156.46,114.0,96.41,85.78,81.05,-0.82,86.86,382.084503471939,411.874161545952,411.874161545952,411.874161545952,411.874161545952,411.874161545952,411.874161545952,411.874161545952,411.874161545952,411.874161545952,441.468583821999
471,384.66,384.71,358.52,214.27,156.45,114.06,96.51,85.86,81.19,-0.88,86.91,382.216897254715,412.024620613293,412.024620613293,412.024620613293,412.024620613293,412.024620613293,412.024620613293,412.024620613293,412.024620613293,412.024620613293,441.61904288934
472,384.69,384.73,358.58,214.32,156.47,114.07,96.63,86.0,81.32,-1.54,86.94,382.349214672173,412.175000190917,412.175000190917,412.175000190917,412.175000190917,412.175000190917,412.175000190917,412.175000190917,412.175000190917,412.175000190917,441.769422466964
473,384.75,384.77,358.65,214.43,156.49,114.1,96.78,86.18,81.46,-0.78,86.99,382.481455732124,412.325300276546,412.325300276546,412.325300276546,412.325300276546,412.325300276546,412.325300276546,412.325300276546,412.325300276546,412.325300276546,441.919722552593
474,384.79,384.82,358.74,214.55,156.5,114.15,96.93,86.38,81.61,-0.75,87.04,382.613620442428,412.475520867961,412.475520867961,412.475520867961,412.475520867961,412.475520867961,412.475520867961,412.475520867961,412.475520867961,412.475520867961,442.069943144008
475,384.8,384.86,358.81,214.73,156.55,114.27,97.05,86.51,81.75,0.56,87.11,382.745708810993,412.625661963002,412.625661963002,412.625661963002,412.625661963002,412.625661963002,412.625661963002,412.625661963002,412.625661963002,412.625661963002,442.220084239049
476,384.84,384.91,358.86,215.06,156.62,114.33,97.12,86.72,81.89,0.94,87.16,382.877720845777,412.775723559567,412.775723559567,412.775723559567,412.775723559567,412.775723559567,412.775723559567,412.775723559567,412.775723559567,412.775723559567,442.370145835614
477,384.87,384.98,358.88,215.34,156.73,114.38,97.21,86.86,82.04,-0.96,87.22,383.009656554784,412.925705655615,412.925705655615,412.925705655615,412.925705655615,412.925705655615,412.925705655615,412.925705655615,412.925705655615,412.925705655615,442.520127931662
478,384.89,385.02,358.89,215.57,156.81,114.43,97.27,86.92,82.18,-0.91,87.29,383.14151594607,413.075608249163,413.075608249163,413.075608249163,413.075608249163,413.075608249163,413.075608249163,413.075608249163,413.075608249163,413.075608249163,442.67003052521
479,385.01,385.03,358.92,215.74,156.97,114.49,97.32,86.96,82.33,-1.06,87.38,383.273299027736,413.225431338287,413.225431338287,413.225431338287,413.225431338287,413.225431338287,413.225431338287,413.225431338287,413.225431338287,413.225431338287,442.819853614334
480,385.14,385.09,358.97,215.76,157.13,114.56,97.29,86.9,82.43,-0.8,87.48,383.405005807934,413.375174921124,413.375174921124,413.375174921124,413.375174921124,413.375174921124,413.375174921124,413.375174921124,413.375174921124,413.375174921124,442.969597197171
481,385.2,385.15,358.99,215.91,157.23,114.62,97.22,86.85,82.46,-1.21,87.54,383.536636294863,413.524838995866,413.524838995866,413.524838995866,413.524838995866,413.524838995866,413.524838995866,413.524838995866,413.524838995866,413.524838995866,443.119261271913
482,385.2,385.19,358.97,216.0,157.29,114.67,97.15,86.79,82.45,-1.18,87.59,383.66819049677,413.674423560769,413.674423560769,413.674423560769,413.674423560769,413.674423560769,413.674423560769,413.674423560769,413.674423560769,413.674423560769,443.268845836816
483,385.22,385.25,358.97,216.05,157.37,114.7,97.16,86.72,82.44,-1.41,87.66,383.799668421951,413.823928614143,413.823928614143,413.823928614143,413.823928614143,413.823928614143,413.823928614143,413.823928614143,413.823928614143,413.823928614143,443.41835089019
484,385.23,385.29,358.98,216.15,157.44,114.75,97.23,86.73,82.46,-1.1,87.72,383.931070078751,413.973354154361,413.973354154361,413.973354154361,413.973354154361,413.973354154361,413.973354154361,413.973354154361,413.973354154361,413.973354154361,443.567776430408
485,385.24,385.34,358.98,216.21,157.51,114.81,97.3,86.81,82.47,-1.26,87.77,384.062395475562,414.122700179853,414.122700179853,414.122700179853,414.122700179853,414.122700179853,414.122700179853,414.122700179853,414.122700179853,414.122700179853,443.7171224559
486,385.27,385.38,358.98,216.34,157.57,114.82,97.43,86.91,82.5,-1.85,87.84,384.193644620825,414.271966689108,414.271966689108,414.271966689108,414.271966689108,414.271966689108,414.271966689108,414.271966689108,414.271966689108,414.271966689108,443.866388965155
487,385.31,385.42,359.02,216.24,157.6,114.86,97.46,86.86,82.49,-1.03,87.91,384.324817523028,414.421153680675,414.421153680675,414.421153680675,414.421153680675,414.421153680675,414.421153680675,414.421153680675,414.421153680675,414.421153680675,444.015575956722
488,385.35,385.44,359.14,216.16,157.6,114.88,97.52,86.84,82.44,-1.14,87.97,384.455914190709,414.57026115316,414.57026115316,414.57026115316,414.57026115316,414.57026115316,414.57026115316,414.57026115316,414.57026115316,414.57026115316,444.164683429207
489,385.44,385.47,359.24,216.19,157.62,114.86,97.6,86.85,82.39,-1.2,88.04,384.586934632451,414.719289105228,414.719289105228,414.719289105228,414.719289105228,414.719289105228,414.719289105228,414.719289105228,414.719289105228,414.719289105228,444.313711381275
490,385.48,385.52,359.3,216.23,157.63,114.87,97.58,86.77,82.33,-2.05,88.07,384.717878856888,414.868237535606,414.868237535606,414.868237535606,414.868237535606,414.868237535606,414.868237535606,414.868237535606,414.868237535606,414.868237535606,444.462659811653
491,385.5,385.57,359.38,216.24,157.65,114.89,97.6,86.74,82.29,-1.91,88.09,384.848746872702,415.017106443075,415.017106443075,415.017106443075,415.017106443075,415.017106443075,415.017106443075,415.017106443075,415.017106443075,415.017106443075,444.611528719122
492,385.55,385.6,359.5,216.34,157.67,114.89,97.6,86.72,82.27,-1.99,88.11,384.97953868862,415.165895826479,415.165895826479,415.165895826479,415.165895826479,415.165895826479,415.165895826479,415.165895826479,415.165895826479,415.165895826479,444.760318102526
493,385.6,385.61,359.61,216.45,157.7,114.9,97.62,86.74,82.26,-2.47,88.13,385.11025431342,415.314605684718,415.314605684718,415.314605684718,415.314605684718,415.314605684718,415.314605684718,415.314605684718,415.314605684718,415.314605684717,444.909027960765
494,385.65,385.62,359.67,216.48,157.72,114.88,97.64,86.73,82.25,-2.69,88.15,385.240893755926,415.463236016751,415.463236016751,415.463236016751,415.463236016751,415.463236016751,415.463236016751,415.463236016751,415.463236016751,415.463236016751,445.057658292798
495,385.66,385.65,359.74,216.47,157.73,114.88,97.63,86.62,82.22,-2.76,88.17,385.37145702501,415.611786821596,415.611786821596,415.611786821596,415.611786821596,415.611786821596,415.611786821596,415.611786821596,415.611786821596,415.611786821596,445.206209097643
496,385.69,385.71,359.82,216.32,157.72,114.84,97.6,86.55,82.19,-2.91,88.2,385.501944129593,415.760258098331,415.760258098331,415.760258098331,415.760258098331,415.760258098331,415.760258098331,415.760258098331,415.760258098331,415.760258098331,445.354680374378
497,385.76,385.83,359.93,216.17,157.63,114.82,97.62,86.62,82.19,-4.28,88.23,385.632355078643,415.90864984609,415.90864984609,415.90864984609,415.90864984609,415.90864984609,415.90864984609,415.90864984609,415.90864984609,415.90864984609,445.503072122137
498,385.8,385.95,360.01,215.99,157.55,114.81,97.72,86.79,82.26,-4.41,88.25,385.762689881174,416.056962064068,416.056962064068,416.056962064068,416.056962064068,416.056962064068,416.056962064068,416.056962064068,416.056962064068,416.056962064068,445.651384340115
499,385.83,386.01,360.04,216.13,157.54,114.86,97.77,86.89,82.29,-3.2,88.26,385.892948546252,416.205194751517,416.205194751517,416.205194751517,416.205194751517,416.205194751517,416.205194751517,416.205194751517,416.205194751517,416.205194751517,445.799617027564
500,385.86,386.06,360.05,216.19,157.56,114.83,97.78,86.86,82.31,-4.49,88.29,386.023131082985,416.353347907748,416.353347907748,416.353347907748,416.353347907748,416.353347907748,416.353347907748,416.353347907748,416.353347907748,416.353347907748,445.947770183795
501,385.88,386.1,360.04,216.3,157.58,114.84,97.74,86.85,82.34,-4.51,88.3,386.153237500533,416.501421532131,416.501421532131,416.501421532131,416.501421532131,416.501421532131,416.501421532131,416.501421532131,416.501421532131,416.501421532131,446.095843808178
502,385.92,386.14,360.09,216.41,157.61,114.87,97.8,86.94,82.4,-4.47,88.33,386.283267808102,416.649415624093,416.649415624093,416.649415624093,416.649415624093,416.649415624093,416.649415624093,416.649415624093,416.649415624093,416.649415624093,446.24383790014
503,385.95,386.09,360.17,216.51,157.61,114.97,97.88,87.16,82.49,-4.65,88.36,386.413222014944,416.79733018312,416.79733018312,416.79733018312,416.79733018312,416.79733018312,416.79733018312,416.79733018312,416.79733018312,416.79733018312,446.391752459167
504,386.0,386.06,360.25,216.53,157.59,114.96,97.93,87.21,82.57,-3.8,88.39,386.543100130362,416.945165208759,416.945165208759,416.945165208759,416.945165208759,416.945165208759,416.945165208759,416.945165208759,416.945165208759,416.945165208759,446.539587484806
505,386.05,386.03,360.32,216.54,157.59,115.01,97.93,87.2,82.59,-4.05,88.42,386.672902163703,417.09292070061,417.09292070061,417.09292070061,417.09292070061,417.09292070061,417.09292070061,417.09292070061,417.09292070061,417.09292070061,446.687342976657
506,386.04,385.84,360.32,216.55,157.62,115.08,97.67,87.0,82.44,-4.16,88.45,386.802628124362,417.240596658337,417.240596658337,417.240596658337,417.240596658337,417.240596658337,417.240596658337,417.240596658337,417.240596658337,417.240596658337,446.835018934384
507,385.98,385.64,360.13,216.5,157.59,115.05,97.33,86.64,82.2,-4.76,88.44,386.932278021783,417.388193081659,417.388193081659,417.388193081659,417.388193081659,417.388193081659,417.388193081659,417.388193081659,417.388193081659,417.388193081659,446.982615357706
508,385.94,385.51,359.94,216.4,157.54,115.03,97.18,86.48,82.01,-3.76,88.43,387.061851865456,417.535709970353,417.535709970353,417.535709970353,417.535709970353,417.535709970353,417.535709970353,417.535709970353,417.535709970353,417.535709970353,447.1301322464
509,385.84,385.36,359.75,216.3,157.44,115.17,97.05,86.33,81.8,3.23,88.4,387.191349664918,417.683147324257,417.683147324257,417.683147324257,417.683147324257,417.683147324257,417.683147324257,417.683147324257,417.683147324257,417.683147324257,447.277569600304
