Time,TC1_tip,TC2,TC3,TC4,TC5,TC6,TC7,TC8,TC9,TC_9.5,TC10
0,374.39,378.47,364.22,203.33,128.11,78.98,59.6,47.42,36.64,23.14,34.13
1,374.38,378.47,364.28,203.31,128.13,78.98,59.54,47.39,36.6,23.2,34.12
2,374.34,378.49,364.34,203.27,128.16,78.98,59.53,47.37,36.57,23.49,34.12
3,374.35,378.54,364.39,203.18,128.18,78.98,59.51,47.37,36.54,23.45,34.12
4,374.34,378.54,364.42,203.03,128.17,78.97,59.5,47.36,36.51,23.33,34.12
5,374.32,378.57,364.38,202.97,128.16,78.98,59.5,47.34,36.48,23.59,34.12
6,374.32,378.6,364.37,202.88,128.14,78.96,59.5,47.31,36.47,23.4,34.12
7,374.28,378.63,364.34,202.87,128.11,78.93,59.5,47.34,36.46,23.34,34.12
8,374.28,378.68,364.33,202.92,128.07,78.92,59.47,47.36,36.45,23.28,34.14
9,374.25,378.72,364.3,203.01,128.07,78.94,59.47,47.45,36.5,23.32,34.09
10,374.24,378.76,364.34,203.18,128.07,78.99,59.54,47.51,36.56,23.47,34.09
11,374.22,378.78,364.35,203.37,128.09,78.98,59.62,47.61,36.63,23.38,34.1
12,374.2,378.8,364.39,203.46,128.09,79.0,59.63,47.61,36.66,23.18,34.11
13,374.18,378.82,364.48,203.51,128.1,79.0,59.62,47.54,36.69,23.19,34.12
14,374.15,378.82,364.58,203.46,128.09,79.0,59.65,47.5,36.69,23.24,34.14
15,374.14,378.85,364.64,203.28,128.06,78.98,59.61,47.43,36.67,23.27,34.15
16,374.11,378.87,364.7,203.09,128.03,78.96,59.52,47.36,36.63,23.31,34.16
17,374.08,378.87,364.71,202.9,127.96,78.94,59.38,47.28,36.59,23.48,34.22
18,374.05,378.84,364.66,202.69,127.9,78.89,59.42,47.23,36.56,23.4,34.05
19,374.07,378.85,364.62,202.54,127.82,78.87,59.28,47.19,36.55,23.49,34.09
20,374.16,378.88,364.47,202.41,127.78,78.84,59.33,47.19,36.51,23.67,34.12
21,374.36,379.03,364.34,202.22,127.75,78.81,59.27,47.16,36.51,23.43,34.12
22,374.8,379.23,364.15,202.07,127.68,78.78,59.28,47.18,36.5,23.34,34.09
23,375.42,379.19,363.82,201.98,127.64,78.77,59.34,47.2,36.49,23.34,34.11
24,376.04,379.08,363.49,201.93,127.6,78.75,59.29,47.21,36.51,23.85,34.09
25,376.56,378.99,363.14,201.84,127.59,78.74,59.25,47.15,36.5,23.22,34.07
26,377.26,378.94,362.39,201.85,127.55,78.74,59.15,47.13,36.47,23.23,34.05
27,377.71,378.87,361.77,201.84,127.54,78.72,59.12,47.1,36.44,23.82,34.0
28,377.9,378.84,361.4,201.74,127.52,78.67,59.18,47.07,36.4,23.28,34.04
29,378.17,378.69,361.17,201.5,127.47,78.7,59.11,46.98,36.39,23.45,34.0
30,378.26,378.63,360.92,201.26,127.42,78.66,59.07,46.97,36.35,23.37,33.92
31,378.39,378.54,360.74,201.02,127.35,78.62,59.05,46.95,36.33,24.74,33.99
32,378.43,378.47,360.75,200.79,127.3,78.6,59.03,46.94,36.32,24.9,33.98
33,378.42,378.39,360.76,200.64,127.22,78.57,59.02,46.94,36.3,24.6,33.96
34,378.38,378.31,360.43,200.49,127.17,78.55,59.01,46.94,36.31,25.61,33.97
35,378.3,378.17,359.75,200.37,127.1,78.54,58.97,46.93,36.29,24.55,33.93
36,378.25,378.04,359.32,200.25,127.03,78.5,58.92,46.87,36.26,24.72,33.93
37,378.25,377.95,358.97,200.09,126.97,78.48,58.91,46.83,36.24,25.07,33.9
38,378.23,377.87,358.79,199.99,126.94,78.45,58.82,46.81,36.21,24.32,33.88
39,378.07,377.82,358.67,199.99,126.9,78.45,58.81,46.85,36.19,24.32,33.84
40,377.98,377.78,358.56,199.99,126.9,78.44,58.82,46.84,36.16,23.28,33.87
41,377.97,377.72,358.54,200.0,126.9,78.44,58.84,46.83,36.14,23.18,33.86
42,378.03,377.68,358.47,199.98,126.88,78.45,58.83,46.79,36.12,23.17,33.85
43,378.05,377.62,358.44,200.04,126.88,78.44,58.81,46.76,36.1,26.02,33.85
44,378.07,377.5,358.23,200.06,126.87,78.44,58.78,46.71,36.06,23.98,33.81
45,378.02,377.41,358.14,200.3,126.87,78.6,58.74,46.88,36.02,23.07,33.79
46,378.01,377.35,358.12,200.0,126.88,78.48,58.74,47.69,36.0,59.19,33.77
47,377.98,377.32,358.14,200.05,126.9,78.43,58.76,46.61,35.99,64.33,33.77
48,377.99,377.27,358.1,201.35,126.9,79.64,58.81,47.67,36.0,41.96,33.76
49,377.97,377.23,358.19,200.06,126.89,78.45,58.77,46.54,35.98,58.62,33.74
50,378.05,377.18,358.59,201.2,126.88,78.93,58.75,46.97,35.95,23.23,33.85
51,378.09,377.16,359.02,200.14,126.86,78.47,58.71,47.49,35.94,55.87,33.75
52,378.08,377.09,359.56,200.73,126.86,78.93,58.66,46.94,35.92,42.05,33.73
53,378.03,377.02,360.13,201.28,126.87,79.29,58.68,47.32,35.91,52.98,33.71
54,377.99,376.99,360.43,200.1,126.87,78.41,58.7,46.49,35.94,50.99,33.68
55,377.98,376.96,360.68,200.89,126.85,79.05,58.7,46.89,35.92,23.3,33.7
56,377.94,376.94,360.95,199.96,126.82,78.38,58.69,47.13,35.92,47.81,33.7
57,377.9,376.9,361.21,200.36,126.82,78.77,58.67,46.81,35.91,35.17,33.69
58,377.85,376.91,361.46,201.04,126.84,79.02,58.68,47.01,35.91,47.15,33.69
59,377.8,376.98,361.69,200.26,126.84,78.37,58.67,46.46,35.91,32.61,33.68
60,377.76,377.06,361.93,200.66,126.84,78.87,58.65,46.94,35.89,23.29,33.67
61,377.71,377.05,362.35,200.15,126.84,78.34,58.58,46.94,35.86,37.73,33.61
62,377.65,377.18,362.88,200.27,126.86,78.33,58.52,46.36,35.83,24.1,33.62
63,377.67,377.27,363.23,200.32,126.89,78.33,58.49,46.35,35.82,23.43,33.6
64,377.61,377.46,363.42,200.47,126.94,78.32,58.45,46.33,35.8,23.57,33.59
65,377.58,377.47,363.4,200.6,126.97,78.31,58.42,46.3,35.78,23.61,33.58
66,377.54,377.47,363.29,200.64,126.97,78.28,58.42,46.28,35.76,23.59,33.57
67,377.49,377.56,363.11,200.71,126.97,78.28,58.41,46.28,35.74,23.48,33.55
68,377.45,377.64,362.83,200.74,126.97,78.28,58.44,46.29,35.72,23.46,33.52
69,377.43,377.76,362.55,200.73,126.99,78.28,58.44,46.27,35.71,23.41,33.54
70,377.47,377.96,362.3,200.74,127.01,78.28,58.41,46.23,35.68,23.5,33.53
71,377.8,378.14,361.9,200.76,127.05,78.27,58.37,46.18,35.64,23.34,33.5
72,378.06,378.26,361.43,200.78,127.08,78.26,58.37,46.17,35.61,23.33,33.48
73,378.14,378.31,361.11,200.77,127.08,78.26,58.41,46.2,35.61,23.44,33.47
74,378.22,378.3,360.69,200.74,127.06,78.25,58.41,46.19,35.6,23.51,33.48
75,378.32,378.27,360.36,200.72,127.04,78.25,58.46,46.23,35.59,23.71,33.46
76,378.37,378.24,360.04,200.71,127.03,78.23,58.47,46.24,35.59,23.61,33.36
77,378.33,378.2,359.69,200.68,127.02,78.24,58.49,46.22,35.6,23.28,33.45
78,378.3,378.14,359.41,200.62,127.01,78.22,58.47,46.18,35.59,23.5,33.44
79,378.25,378.04,359.15,200.67,127.0,78.24,58.42,46.15,35.56,23.3,33.43
80,378.22,377.96,358.89,200.6,126.96,78.2,58.37,46.09,35.54,25.25,33.42
81,378.23,377.92,358.68,200.9,126.96,78.18,58.36,46.06,35.51,23.3,33.41
82,378.24,377.89,358.53,201.28,126.96,78.9,58.36,46.83,35.5,23.35,33.38
83,378.28,377.86,358.53,200.56,126.97,78.21,58.35,46.1,35.49,34.28,33.37
84,378.34,377.84,358.74,201.19,126.96,78.81,58.33,46.68,35.47,23.52,33.36
85,378.38,377.77,359.18,200.93,126.98,78.42,58.28,46.29,35.45,43.9,33.35
86,378.41,377.7,359.52,201.55,127.0,78.14,58.25,45.93,35.43,23.56,33.33
87,378.43,377.61,359.86,201.1,127.02,78.38,58.2,46.36,35.4,31.4,33.4
88,378.42,377.56,360.23,200.99,127.05,78.1,58.17,45.88,35.36,35.41,33.32
89,378.41,377.44,360.7,201.36,127.08,78.44,58.15,46.19,35.32,23.66,33.29
90,378.37,377.39,361.17,201.19,127.06,78.32,58.15,46.05,35.29,35.07,33.27
91,378.35,377.37,361.48,201.33,127.07,78.06,58.08,45.85,35.27,23.65,33.25
92,378.33,377.35,361.76,201.21,127.11,78.19,58.07,46.19,35.26,30.4,33.27
93,378.33,377.34,362.08,201.01,127.15,78.02,58.07,45.82,35.26,28.11,33.2
94,378.23,377.34,362.41,201.35,127.16,78.12,58.1,45.95,35.26,23.4,33.19
95,378.19,377.34,362.7,201.22,127.18,78.01,58.17,45.98,35.28,27.51,33.16
96,378.16,377.38,362.92,201.42,127.19,78.03,58.26,46.06,35.32,23.63,33.16
97,378.1,377.49,363.2,201.62,127.24,78.03,58.3,46.09,35.36,23.46,33.15
98,377.99,377.51,363.5,201.74,127.28,78.06,58.31,46.09,35.39,23.59,33.14
99,377.91,377.56,363.71,201.97,127.29,78.06,58.32,46.11,35.4,23.43,33.13
100,377.83,377.6,363.89,202.06,127.29,78.06,58.32,46.14,35.41,23.28,33.13
101,377.76,377.61,364.0,202.17,127.3,78.06,58.32,46.16,35.43,23.24,33.13
102,377.68,377.63,364.03,202.34,127.3,78.06,58.36,46.18,35.43,23.36,33.13
103,377.59,377.63,364.03,202.5,127.29,78.07,58.39,46.22,35.47,23.31,33.01
104,377.49,377.62,364.02,202.66,127.29,78.09,58.45,46.33,35.51,23.36,33.11
105,377.4,377.62,364.03,202.86,127.29,78.09,58.54,46.46,35.59,23.15,33.12
106,377.28,377.65,364.16,203.11,127.33,78.1,58.66,46.53,35.7,23.11,33.16
107,377.17,377.68,364.21,203.3,127.35,78.11,58.72,46.57,35.76,23.02,33.18
108,377.1,377.69,364.2,203.33,127.36,78.1,58.7,46.55,35.79,22.99,33.21
109,377.05,377.73,364.21,203.36,127.37,78.1,58.67,46.52,35.79,23.03,33.22
110,376.97,377.74,364.19,203.33,127.36,78.09,58.64,46.5,35.78,23.26,33.24
111,376.9,377.77,364.15,203.3,127.36,78.09,58.61,46.44,35.76,23.25,33.25
112,376.85,377.81,364.12,203.24,127.34,78.08,58.55,46.41,35.75,23.3,33.26
113,376.77,377.84,364.07,203.13,127.33,78.07,58.53,46.36,35.74,23.3,33.27
114,376.73,377.85,364.02,202.95,127.32,78.08,58.5,46.37,35.71,23.32,33.23
115,376.63,377.85,364.01,202.77,127.29,78.08,58.52,46.42,35.71,23.48,33.27
116,376.56,377.84,363.97,202.62,127.27,78.07,58.53,46.39,35.68,23.52,33.28
117,376.51,377.82,363.94,202.55,127.24,78.06,58.53,46.37,35.67,23.42,33.27
118,376.46,377.8,363.95,202.36,127.21,78.03,58.52,46.3,35.63,23.36,33.35
119,376.42,377.81,364.0,202.19,127.16,78.01,58.51,46.26,35.61,23.3,33.3
120,376.38,377.78,364.09,202.06,127.1,77.99,58.49,46.26,35.59,23.39,33.29
121,376.33,377.78,364.18,201.86,127.04,77.97,58.45,46.22,35.57,23.32,33.29
122,376.29,377.76,364.26,201.74,127.0,77.93,58.43,46.18,35.55,23.33,33.28
123,376.25,377.74,364.33,201.71,126.96,77.92,58.36,46.16,35.53,23.4,33.26
124,376.16,377.72,364.4,201.65,126.91,77.92,58.28,46.13,35.5,23.31,33.25
125,376.09,377.7,364.46,201.53,126.85,77.88,58.23,46.09,35.49,23.3,33.23
126,376.04,377.69,364.54,201.42,126.83,77.89,58.21,46.11,35.48,23.35,33.22
127,375.99,377.69,364.67,201.31,126.8,77.88,58.25,46.17,35.49,23.42,33.23
128,375.93,377.69,364.76,201.27,126.77,77.89,58.31,46.21,35.5,23.36,33.21
129,375.84,377.7,364.82,201.34,126.77,77.91,58.33,46.31,35.51,23.42,33.21
130,375.81,377.68,364.86,201.37,126.75,77.91,58.4,46.41,35.52,23.34,33.2
131,375.76,377.7,364.89,201.38,126.73,77.92,58.45,46.46,35.52,23.34,33.2
132,375.71,377.7,364.92,201.42,126.72,77.93,58.45,46.46,35.55,23.27,33.2
133,375.64,377.69,364.94,201.46,126.75,77.93,58.47,46.47,35.57,23.35,33.16
134,375.58,377.69,364.94,201.59,126.77,77.93,58.52,46.52,35.62,23.22,33.17
135,375.55,377.7,364.93,201.72,126.78,77.94,58.57,46.55,35.63,23.01,33.18
136,375.51,377.71,364.93,201.73,126.76,77.92,58.59,46.53,35.63,24.63,33.17
137,375.47,377.71,364.94,201.73,126.73,77.93,58.6,46.52,35.63,24.59,33.16
138,375.44,377.72,364.95,201.73,126.68,77.92,58.58,46.51,35.63,24.53,33.16
139,375.39,377.72,364.96,201.69,126.66,77.92,58.58,46.48,35.62,24.24,33.15
140,375.36,377.72,365.01,201.61,126.63,77.9,58.56,46.48,35.63,23.82,33.15
141,375.34,377.72,365.06,201.56,126.58,77.89,58.52,46.46,35.63,23.14,33.16
142,375.29,377.73,365.05,201.53,126.54,77.88,58.48,46.46,35.64,23.12,33.13
143,375.26,377.74,365.05,201.5,126.48,77.86,58.5,46.52,35.65,23.13,33.16
144,375.23,377.73,365.05,201.62,126.46,77.85,58.54,46.56,35.66,23.07,33.16
145,375.2,377.76,365.01,201.66,126.44,77.85,58.57,46.55,35.67,23.06,33.17
146,375.16,377.73,365.01,201.68,126.43,77.86,58.58,46.58,35.67,23.37,33.2
147,375.13,377.73,365.01,201.74,126.44,77.87,58.66,46.67,35.72,23.12,33.21
148,375.1,377.72,365.03,201.79,126.46,77.89,58.76,46.84,35.78,23.48,33.22
149,375.07,377.71,365.04,201.82,126.49,77.92,58.74,46.89,35.82,23.11,33.24
150,375.03,377.71,365.03,201.71,126.5,77.92,58.76,46.88,35.85,23.28,33.27
151,374.99,377.69,365.05,201.6,126.5,77.92,58.73,46.84,35.86,23.45,33.27
152,374.95,377.67,365.06,201.56,126.48,77.92,58.69,46.82,35.86,23.25,33.28
153,374.91,377.66,365.08,201.43,126.47,77.9,58.67,46.75,35.84,23.51,33.29
154,374.87,377.64,365.07,201.31,126.43,77.88,58.65,46.73,35.84,23.15,33.3
155,374.84,377.63,365.03,201.22,126.41,77.87,58.62,46.72,35.82,23.42,33.31
156,374.82,377.6,365.02,201.15,126.4,77.86,58.6,46.71,35.81,23.64,33.33
157,374.79,377.6,365.07,201.16,126.39,77.85,58.58,46.71,35.8,23.51,33.31
158,374.77,377.6,365.16,201.19,126.4,77.85,58.55,46.68,35.79,23.65,33.31
159,374.75,377.6,365.24,201.21,126.39,77.83,58.57,46.66,35.8,23.25,33.31
160,374.71,377.6,365.32,201.26,126.37,77.89,58.53,46.66,35.8,23.69,33.31
161,374.67,377.59,365.38,201.3,126.34,77.81,58.52,46.66,35.78,23.58,33.27
162,374.64,377.61,365.44,201.3,126.3,77.78,58.51,46.64,35.77,23.07,33.3
163,374.62,377.61,365.54,201.27,126.29,77.78,58.51,46.64,35.76,23.54,33.29
164,374.58,377.62,365.61,201.25,126.27,77.76,58.5,46.62,35.74,23.09,33.29
165,374.57,377.65,365.67,201.19,126.23,77.74,58.52,46.6,35.73,23.65,33.3
166,374.54,377.65,365.74,201.13,126.18,77.72,58.51,46.58,35.72,23.76,33.3
167,374.52,377.67,365.82,201.11,126.12,77.69,58.48,46.53,35.71,23.31,33.29
168,374.49,377.68,365.9,201.22,126.09,77.67,58.47,46.54,35.7,23.61,33.3
169,374.47,377.7,366.03,201.35,126.07,77.66,58.52,46.59,35.73,23.42,33.3
170,374.44,377.71,366.19,201.45,126.09,77.67,58.58,46.66,35.76,23.45,33.31
171,374.42,377.72,366.33,201.5,126.11,77.67,58.6,46.66,35.78,23.41,33.32
172,374.38,377.74,366.44,201.5,126.1,77.66,58.57,46.63,35.76,23.28,33.31
173,374.37,377.75,366.52,201.43,126.09,77.66,58.56,46.58,35.75,23.22,33.32
174,374.33,377.77,366.59,201.37,126.1,77.66,58.52,46.55,35.73,23.22,33.33
175,374.31,377.78,366.64,201.36,126.11,77.66,58.46,46.53,35.72,23.17,33.33
176,374.29,377.79,366.67,201.47,126.13,77.67,58.43,46.54,35.72,23.34,33.32
177,374.26,377.8,366.67,201.58,126.17,77.7,58.44,46.57,35.72,23.41,33.34
178,374.24,377.83,366.68,201.71,126.24,77.71,58.51,46.63,35.74,23.39,33.31
179,374.2,377.84,366.71,201.85,126.32,77.73,58.63,46.71,35.76,23.45,33.32
180,374.18,377.86,366.73,201.97,126.35,77.77,58.65,46.71,35.76,23.14,33.32
181,374.16,377.88,366.73,202.01,126.38,77.79,58.68,46.69,35.76,23.2,33.32
182,374.13,377.89,366.7,202.04,126.38,77.79,58.68,46.67,35.76,23.22,33.33
183,374.1,377.9,366.71,202.16,126.4,77.8,58.66,46.65,35.75,23.48,33.31
184,374.07,377.88,366.74,202.32,126.43,77.82,58.67,46.66,35.75,23.42,33.32
185,374.05,377.89,366.69,202.35,126.46,77.8,58.63,46.63,35.75,23.29,33.32
186,374.03,377.89,366.68,202.36,126.5,77.81,58.63,46.59,35.75,23.31,33.3
187,373.99,377.9,366.65,202.37,126.57,77.81,58.6,46.55,35.73,23.34,33.34
188,373.97,377.92,366.62,202.48,126.65,77.82,58.65,46.56,35.73,23.55,33.29
189,373.96,377.93,366.68,202.57,126.7,77.83,58.67,46.59,35.73,23.58,33.29
190,373.94,377.94,366.77,202.66,126.74,77.82,58.62,46.59,35.72,23.54,33.29
191,373.92,377.95,366.9,202.74,126.76,77.81,58.62,46.57,35.71,23.52,33.28
192,373.91,377.96,367.0,202.83,126.79,77.8,58.57,46.54,35.7,23.67,33.25
193,373.88,377.96,367.07,203.0,126.84,77.8,58.58,46.57,35.69,23.46,33.28
194,373.86,377.97,367.13,203.05,126.89,77.81,58.58,46.61,35.67,23.73,33.27
195,373.85,377.99,367.23,203.09,126.93,77.81,58.6,46.59,35.66,23.64,33.26
196,373.83,377.99,367.32,203.14,126.96,77.82,58.58,46.6,35.64,23.62,33.25
197,373.8,378.01,367.39,203.13,126.97,77.82,58.58,46.58,35.63,24.04,33.24
198,373.76,378.04,367.54,203.15,126.97,77.83,58.58,46.59,35.63,23.46,33.22
199,373.74,378.04,367.69,203.16,126.94,77.82,58.58,46.58,35.63,23.7,33.21
200,373.73,378.05,367.84,203.12,126.93,77.82,58.58,46.56,35.63,23.47,33.2
201,373.72,378.07,367.95,203.1,126.91,77.81,58.57,46.54,35.64,23.4,33.19
202,373.69,378.09,368.06,203.02,126.88,77.79,58.57,46.52,35.63,24.41,33.19
203,373.65,378.1,368.15,202.99,126.86,77.77,58.52,46.5,35.62,23.41,33.18
204,373.65,378.12,368.19,202.98,126.84,77.76,58.51,46.5,35.62,23.5,33.18
205,373.62,378.15,368.29,202.92,126.81,77.75,58.45,46.51,35.63,23.19,33.16
206,373.6,378.18,368.42,202.88,126.82,77.74,58.4,46.47,35.63,23.4,33.15
207,373.58,378.2,368.49,202.86,126.85,77.74,58.37,46.43,35.63,23.23,33.17
208,373.57,378.21,368.55,202.85,126.87,77.73,58.38,46.43,35.61,23.19,33.16
209,373.55,378.23,368.6,202.9,126.89,77.74,58.39,46.44,35.61,23.55,33.18
210,373.54,378.24,368.64,202.99,126.9,77.75,58.4,46.48,35.65,23.21,33.18
211,373.53,378.26,368.61,203.13,126.92,77.75,58.45,46.55,35.7,23.55,33.2
212,373.52,378.28,368.59,203.31,126.94,77.76,58.51,46.6,35.75,23.44,33.21
213,373.49,378.29,368.58,203.51,126.94,77.77,58.56,46.61,35.81,23.66,33.22
214,373.46,378.31,368.57,203.75,127.01,77.78,58.64,46.67,35.92,23.85,33.26
215,373.44,378.33,368.56,203.97,127.16,77.82,58.75,46.77,35.99,23.55,33.3
216,373.42,378.34,368.58,204.17,127.26,77.88,58.81,46.82,36.04,23.58,33.34
217,373.41,378.36,368.6,204.31,127.36,77.92,58.87,46.81,36.06,23.35,33.37
218,373.42,378.37,368.63,204.4,127.43,77.99,58.9,46.87,36.05,23.52,33.39
219,373.38,378.36,368.68,204.5,127.49,78.03,58.97,46.92,36.06,23.69,33.49
220,373.38,378.4,368.74,204.77,127.58,78.1,59.04,47.0,36.08,23.73,33.42
221,373.36,378.41,368.81,205.05,127.65,78.13,59.14,47.13,36.13,24.02,33.43
222,373.35,378.43,368.88,205.37,127.75,78.19,59.23,47.19,36.2,23.33,33.46
223,373.33,378.46,368.99,205.6,127.86,78.27,59.31,47.25,36.3,25.1,33.49
224,373.29,378.47,369.13,205.67,127.95,78.24,59.32,47.22,36.38,24.21,33.54
225,373.27,378.49,369.2,205.73,128.03,78.28,59.28,47.17,36.4,24.14,33.57
226,373.26,378.49,369.28,205.69,128.1,78.28,59.23,47.11,36.39,24.66,33.59
227,373.23,378.49,369.35,205.84,128.18,78.35,59.26,47.22,36.43,23.16,33.61
228,373.23,378.52,369.41,205.92,128.3,78.37,59.33,47.27,36.47,24.04,33.62
229,373.21,378.54,369.48,206.14,128.43,78.48,59.4,47.39,36.48,23.42,33.62
230,373.19,378.56,369.57,206.3,128.61,78.56,59.49,47.58,36.51,23.3,33.72
231,373.18,378.57,369.71,206.33,128.75,78.61,59.56,47.6,36.54,23.98,33.68
232,373.16,378.6,369.89,206.4,128.87,78.7,59.63,47.68,36.56,23.07,33.71
233,373.14,378.63,370.03,206.38,129.0,78.75,59.73,47.7,36.59,23.8,33.74
234,373.11,378.67,370.2,206.4,129.11,78.84,59.78,47.76,36.6,23.27,33.76
235,373.1,378.68,370.27,206.52,129.21,78.91,59.81,47.77,36.62,23.22,33.79
236,373.09,378.72,370.28,206.6,129.31,78.99,59.84,47.74,36.61,23.22,33.73
237,373.09,378.76,370.3,206.64,129.4,79.06,59.87,47.74,36.62,23.1,33.81
238,373.08,378.79,370.33,206.62,129.47,79.11,59.87,47.73,36.62,23.31,33.81
239,373.06,378.8,370.36,206.6,129.56,79.17,59.9,47.79,36.64,23.18,33.83
240,373.05,378.82,370.33,206.74,129.68,79.25,59.93,47.81,36.67,23.36,33.83
241,373.04,378.85,370.35,206.64,129.87,79.33,59.9,47.75,36.66,23.34,33.87
242,373.02,378.88,370.39,206.66,130.08,79.4,59.86,47.69,36.63,23.29,33.89
243,373.01,378.91,370.38,206.71,130.21,79.47,59.91,47.68,36.62,23.4,33.9
244,372.99,378.93,370.37,206.75,130.31,79.53,59.94,47.68,36.6,23.22,33.91
245,373.02,378.95,370.36,206.74,130.36,79.56,59.98,47.68,36.61,24.13,33.94
246,372.97,378.97,370.37,206.73,130.38,79.6,60.0,47.65,36.6,23.6,33.9
247,372.95,378.98,370.38,206.63,130.39,79.62,60.0,47.64,36.58,23.92,33.9
248,372.94,378.99,370.34,206.66,130.42,79.67,60.01,47.64,36.57,25.14,33.9
249,372.92,379.01,370.33,206.71,130.42,79.72,60.02,47.69,36.56,23.36,33.9
250,372.89,379.03,370.32,206.61,130.39,79.72,60.08,47.67,36.56,25.1,33.89
251,372.88,379.04,370.29,206.66,130.38,79.8,60.18,47.7,36.57,23.42,33.92
252,372.86,379.06,370.25,206.63,130.39,79.78,60.16,47.73,36.57,24.31,33.92
253,372.85,379.07,370.25,206.56,130.43,79.81,60.19,47.92,36.58,24.67,33.92
254,372.84,379.09,370.26,206.67,130.48,79.92,60.25,47.83,36.61,23.16,33.93
255,372.83,379.12,370.29,206.68,130.5,79.97,60.34,47.93,36.64,26.56,33.92
256,372.84,379.14,370.36,206.95,130.5,80.09,60.49,48.01,36.72,23.03,33.94
257,372.82,379.17,370.4,207.15,130.52,80.09,60.63,48.21,36.8,26.55,33.95
258,372.81,379.19,370.43,207.55,130.54,80.16,60.73,48.33,36.91,23.82,34.0
259,372.8,379.22,370.47,207.61,130.58,80.32,60.94,48.49,37.09,23.98,34.06
260,372.8,379.25,370.53,207.75,130.6,80.33,61.16,48.61,37.28,28.67,34.14
261,372.76,379.27,370.54,208.03,130.6,80.51,61.32,48.8,37.42,24.2,34.17
262,372.76,379.3,370.6,208.13,130.66,80.56,61.5,49.02,37.58,26.1,34.31
263,372.75,379.32,370.63,208.25,130.72,80.65,61.65,49.19,37.71,24.36,34.37
264,372.74,379.34,370.71,208.56,130.83,80.81,61.76,49.38,37.85,24.45,34.46
265,372.74,379.36,370.81,208.64,130.96,81.03,61.85,49.48,37.98,29.1,34.52
266,372.72,379.38,370.89,208.82,131.09,81.08,61.9,49.49,38.11,23.2,34.51
267,372.73,379.4,370.99,208.68,131.22,81.05,62.02,49.53,38.14,27.02,34.69
268,372.66,379.25,371.12,208.65,131.44,81.18,62.11,49.58,38.22,24.41,34.78
269,372.69,378.94,371.07,208.68,131.66,81.26,62.26,49.61,38.26,23.64,34.87
270,372.94,379.21,370.86,208.76,131.79,81.37,62.34,49.64,38.27,24.95,34.93
271,373.62,379.79,370.48,208.88,131.92,81.39,62.48,49.67,38.28,23.24,34.97
272,374.68,380.19,369.85,209.05,132.01,81.47,62.54,49.73,38.31,25.24,34.93
273,375.55,380.17,369.12,209.54,132.1,81.52,62.59,49.74,38.29,23.8,35.06
274,376.32,380.28,368.39,209.25,132.17,81.55,62.59,49.7,38.3,23.61,35.09
275,376.96,380.17,367.64,209.25,132.22,81.61,62.58,49.61,38.28,23.68,35.15
276,377.44,380.12,367.07,209.6,132.25,81.72,62.53,49.59,38.23,23.27,35.17
277,377.91,380.03,366.27,209.14,132.29,81.67,62.53,49.53,38.2,23.23,35.23
278,378.39,379.93,365.54,209.05,132.3,81.71,62.51,49.46,38.17,23.39,35.26
279,378.53,379.82,365.13,208.94,132.3,81.7,62.48,49.4,38.14,23.39,35.13
280,378.75,379.71,364.87,208.82,132.3,81.73,62.44,49.38,38.12,24.23,35.3
281,378.97,379.64,364.61,208.64,132.29,81.77,62.33,49.31,38.09,23.68,35.33
282,379.11,379.52,364.34,208.4,132.27,81.74,62.33,49.25,38.08,23.69,35.1
283,379.16,379.48,363.98,208.13,132.25,81.77,62.31,49.2,38.04,23.58,35.26
284,379.02,379.33,363.62,207.88,132.21,81.77,62.25,49.24,38.01,29.57,35.35
285,379.15,379.26,363.28,207.74,132.16,81.77,62.19,49.1,37.98,52.08,35.34
286,379.14,379.1,362.71,207.9,132.08,82.51,62.1,49.86,37.96,37.37,35.35
287,379.11,379.0,362.1,207.2,131.98,81.76,62.11,49.25,38.04,56.35,35.32
288,379.07,378.99,361.78,208.32,131.91,83.09,62.12,49.96,38.12,27.28,35.41
289,379.09,378.94,361.55,206.94,131.83,81.76,62.14,49.74,38.19,37.68,35.42
290,379.14,378.9,361.49,206.82,131.73,81.76,62.15,49.73,38.26,22.95,35.46
291,379.24,378.89,361.55,206.75,131.68,81.95,62.13,49.98,38.28,30.84,35.44
292,379.35,378.9,361.57,206.73,131.67,81.82,62.14,49.92,38.29,30.52,35.46
293,379.43,378.84,361.8,206.59,131.7,81.87,62.19,50.08,38.31,23.85,35.48
294,379.42,378.8,362.13,206.48,131.75,81.9,62.31,50.1,38.35,23.08,35.44
295,379.22,378.75,362.54,206.41,131.86,81.98,62.51,50.31,38.43,23.24,35.48
296,378.97,378.74,362.49,206.43,131.98,82.08,62.67,50.47,38.55,23.27,35.52
297,378.77,378.74,362.3,206.54,132.07,82.14,62.74,50.56,38.61,23.19,35.52
298,378.63,378.73,362.11,206.66,132.17,82.21,62.79,50.65,38.72,23.19,35.57
299,378.47,378.7,361.9,206.69,132.29,82.31,62.87,50.86,38.9,23.22,35.35
300,378.32,378.67,361.72,206.77,132.41,82.55,62.92,51.09,38.98,23.46,35.67
301,378.16,378.63,361.49,206.71,132.5,82.49,63.22,51.18,39.14,23.56,35.71
302,377.99,378.57,361.51,206.67,132.56,82.56,63.32,51.33,39.28,23.45,35.77
303,378.01,378.61,361.57,206.55,132.62,82.68,63.46,51.45,39.42,23.28,35.83
304,377.87,378.73,361.72,206.49,132.73,82.8,63.71,51.58,39.56,23.34,35.93
305,377.88,378.73,361.82,206.52,132.9,82.96,63.97,51.79,39.71,23.47,36.0
306,378.0,378.77,361.82,206.59,133.03,83.12,64.21,51.99,39.86,23.48,36.07
307,378.13,378.9,361.84,207.02,133.12,83.69,64.45,52.69,40.0,38.88,36.15
308,378.32,378.87,361.79,207.63,133.25,84.44,64.63,53.45,40.14,54.74,36.23
309,378.45,378.86,361.72,207.07,133.38,83.51,64.78,52.6,40.28,36.99,36.35
310,378.55,378.85,361.57,207.34,133.51,84.54,64.95,53.57,40.4,23.39,36.43
311,378.62,378.8,361.45,206.48,133.62,84.08,65.06,53.22,40.48,44.94,36.51
312,378.67,378.76,361.43,207.16,133.72,84.72,65.17,53.58,40.56,23.56,36.58
313,378.78,378.73,361.45,207.03,133.87,84.65,65.33,53.68,40.67,42.88,36.7
314,378.87,378.72,361.35,206.95,134.02,84.32,65.47,53.1,40.72,31.39,36.82
315,378.88,378.78,361.2,207.03,134.12,84.81,65.52,53.59,40.76,23.6,36.83
316,378.86,378.8,361.09,206.42,134.2,84.4,65.63,53.6,40.83,44.07,36.9
317,378.84,378.82,360.94,206.78,134.25,85.09,65.77,53.44,40.91,23.59,36.97
318,378.79,378.83,360.8,206.45,134.27,84.77,65.91,53.71,41.01,26.93,37.04
319,378.72,378.81,360.68,206.19,134.26,84.72,66.03,53.67,41.11,23.48,37.1
320,378.64,378.77,360.58,206.4,134.27,85.02,66.15,53.77,41.23,23.45,37.18
321,378.56,378.73,360.6,206.07,134.29,84.9,66.26,53.89,41.33,25.15,37.25
322,378.46,378.68,360.59,205.91,134.35,85.01,66.33,53.96,41.47,23.3,37.37
323,378.36,378.63,360.56,205.91,134.4,85.13,66.5,54.1,41.64,23.39,37.49
324,378.29,378.61,360.56,205.89,134.45,85.23,66.61,54.23,41.77,23.61,37.66
325,378.22,378.59,360.49,205.92,134.48,85.35,66.69,54.36,41.91,23.49,37.62
326,378.15,378.57,360.32,205.85,134.51,85.44,66.76,54.46,42.0,24.02,37.76
327,378.09,378.55,360.16,205.71,134.56,85.56,66.77,54.6,42.1,23.65,37.84
328,378.06,378.56,359.95,205.54,134.65,85.68,66.84,54.83,42.24,23.48,37.95
329,378.01,378.56,359.73,205.39,134.69,85.73,66.9,54.9,42.4,23.25,38.05
330,377.96,378.57,359.53,205.17,134.7,85.88,67.09,55.06,42.52,23.38,38.13
331,377.91,378.57,359.24,204.89,134.69,85.96,67.27,55.23,42.71,23.31,38.27
332,377.89,378.63,359.23,204.61,134.7,86.08,67.53,55.4,42.95,23.4,38.46
333,377.95,378.73,359.45,204.41,134.73,86.2,67.72,55.58,43.1,23.38,38.56
334,378.07,378.84,359.62,204.28,134.75,86.31,67.89,55.7,43.26,23.44,38.68
335,378.1,378.94,359.76,204.15,134.8,86.45,68.06,55.84,43.39,23.29,38.8
336,378.27,378.98,359.81,203.98,134.84,86.6,68.2,56.01,43.51,23.41,38.9
337,378.44,378.96,359.82,203.88,134.87,86.73,68.35,56.14,43.62,23.38,39.01
338,378.61,378.95,359.89,203.81,134.89,86.86,68.49,56.31,43.73,23.44,39.13
339,378.77,378.91,359.91,203.71,134.9,87.02,68.65,56.47,43.86,23.38,39.25
340,378.94,378.85,359.89,203.62,134.9,87.07,68.78,56.51,43.99,23.37,39.42
341,379.04,378.8,359.84,203.67,134.97,87.2,68.92,56.58,44.11,23.32,39.6
342,379.06,378.68,359.81,203.69,135.04,87.3,68.94,56.68,44.21,23.4,39.65
343,379.11,378.6,359.86,203.71,135.06,87.38,69.03,56.74,44.3,23.41,39.75
344,379.16,378.56,359.93,203.66,135.04,87.46,69.11,56.78,44.37,23.14,39.84
345,379.19,378.51,359.88,203.57,134.97,87.52,69.17,56.76,44.42,23.56,39.93
346,379.2,378.48,359.78,203.44,134.89,87.56,69.22,56.79,44.47,23.84,40.03
347,379.19,378.43,359.67,203.42,134.85,87.6,69.21,56.85,44.53,23.75,40.11
348,379.16,378.39,359.54,203.51,134.82,87.67,69.2,56.95,44.56,23.88,40.19
349,379.06,378.33,359.3,203.57,134.85,87.76,69.28,57.06,44.66,23.57,40.31
350,378.94,378.24,358.96,203.6,134.89,87.82,69.42,57.13,44.77,22.99,40.43
351,378.85,378.11,358.71,203.48,134.9,87.9,69.53,57.21,44.86,23.1,40.51
352,378.78,378.04,358.49,203.41,134.9,87.98,69.57,57.3,44.95,23.22,40.58
353,378.72,377.93,358.44,203.41,134.94,88.1,69.64,57.5,45.05,23.19,40.66
354,378.74,377.91,358.37,203.39,134.97,88.21,69.78,57.69,45.18,23.26,40.76
355,378.77,377.95,358.45,203.37,135.02,88.28,69.89,57.77,45.34,23.38,40.86
356,378.75,377.88,358.6,203.34,135.05,88.39,69.99,57.94,45.47,23.34,40.95
357,378.73,377.83,358.64,203.35,135.09,88.52,70.15,58.19,45.61,23.15,41.05
358,378.7,377.74,358.72,203.42,135.19,88.64,70.33,58.39,45.85,23.23,41.21
359,378.68,377.63,358.71,203.43,135.24,88.74,70.53,58.61,46.08,23.38,41.37
360,378.66,377.54,358.71,203.34,135.24,88.85,70.66,58.76,46.18,23.46,41.48
361,378.64,377.45,358.73,203.2,135.25,88.95,70.72,58.86,46.26,23.62,41.59
362,378.61,377.37,358.75,203.11,135.25,89.01,70.75,58.93,46.31,23.71,41.68
363,378.56,377.28,358.7,203.05,135.27,89.12,70.87,59.06,46.38,23.78,41.77
364,378.48,377.17,358.65,202.96,135.27,89.23,71.04,59.22,46.45,23.94,41.86
365,378.41,377.07,358.59,202.91,135.3,89.34,71.14,59.32,46.5,23.91,41.94
366,378.32,376.95,358.51,202.93,135.34,89.46,71.29,59.42,46.57,23.8,42.02
367,378.15,376.78,358.45,202.98,135.4,89.56,71.48,59.45,46.68,23.91,42.14
368,378.0,376.6,358.33,203.01,135.52,89.67,71.68,59.51,46.8,23.9,42.26
369,377.89,376.46,358.29,203.01,135.59,89.78,71.8,59.62,46.89,24.07,42.35
370,377.77,376.33,358.21,203.01,135.67,89.89,71.9,59.72,46.95,23.98,42.42
371,377.66,376.2,358.07,203.05,135.76,89.96,71.98,59.77,47.03,23.82,42.48
372,377.53,376.06,357.95,203.08,135.85,90.08,72.08,59.85,47.07,23.68,42.56
373,377.43,375.92,357.91,203.17,135.96,90.2,72.16,59.97,47.11,23.55,42.62
374,377.31,375.81,357.82,203.23,136.06,90.32,72.28,60.13,47.15,23.24,42.69
375,377.2,375.71,357.67,203.27,136.14,90.44,72.4,60.25,47.23,23.11,42.75
376,377.02,375.51,357.43,203.32,136.26,90.55,72.46,60.29,47.31,23.19,42.85
377,376.84,375.27,357.22,203.35,136.37,90.66,72.59,60.4,47.37,23.43,42.94
378,376.71,375.13,357.11,203.38,136.47,90.74,72.72,60.5,47.43,23.53,43.01
379,376.6,375.02,356.98,203.49,136.56,90.86,72.83,60.61,47.47,23.6,43.08
380,376.49,374.89,356.9,203.62,136.69,90.98,72.9,60.75,47.54,23.63,43.13
381,376.37,374.76,356.8,203.82,136.8,91.11,73.0,60.86,47.63,23.27,43.16
382,376.14,374.65,356.74,204.0,136.92,91.22,73.17,60.96,47.74,23.33,43.2
383,376.13,374.53,356.63,204.13,137.02,91.34,73.22,60.91,47.81,23.53,43.33
384,376.03,374.39,356.51,204.17,137.09,91.43,73.26,60.88,47.87,23.38,43.38
385,375.89,374.25,356.21,204.2,137.2,91.47,73.28,60.91,47.95,23.22,43.51
386,375.73,374.11,355.91,204.15,137.26,91.55,73.42,61.0,48.07,23.29,43.68
387,375.61,373.99,355.65,204.17,137.3,91.63,73.53,61.15,48.15,23.72,43.72
388,375.56,373.85,355.34,204.24,137.34,91.72,73.63,61.26,48.24,23.59,43.75
389,375.36,373.72,355.06,204.29,137.37,91.79,73.7,61.31,48.31,23.62,43.82
390,375.25,373.57,354.83,204.24,137.4,91.87,73.7,61.37,48.34,23.62,43.9
391,375.15,373.42,354.62,204.1,137.42,91.95,73.78,61.47,48.41,23.64,43.98
392,375.05,373.27,354.46,203.98,137.45,92.0,73.86,61.53,48.45,23.6,44.04
393,374.94,373.13,354.42,203.89,137.48,92.07,73.94,61.6,48.54,23.46,44.11
394,374.74,372.93,354.46,203.84,137.55,92.15,74.07,61.71,48.69,23.49,44.22
395,374.58,372.75,354.46,203.79,137.62,92.24,74.21,61.77,48.87,23.42,44.35
396,374.47,372.62,354.44,203.83,137.66,92.33,74.3,61.85,49.0,23.33,44.43
397,374.36,372.5,354.45,203.93,137.74,92.38,74.38,61.96,49.13,23.65,44.53
398,374.26,372.4,354.4,203.98,137.79,92.48,74.46,62.09,49.23,23.48,44.62
399,374.14,372.28,354.35,203.97,137.85,92.57,74.58,62.18,49.35,23.48,44.72
400,374.04,372.18,354.33,203.94,137.88,92.65,74.7,62.31,49.48,23.53,44.81
401,373.93,372.07,354.29,203.92,137.9,92.72,74.8,62.42,49.61,23.53,44.91
402,373.81,371.95,354.24,203.89,137.92,92.8,74.87,62.49,49.73,23.56,45.01
403,373.64,371.77,354.16,203.86,137.96,92.88,74.96,62.58,49.9,23.58,45.16
404,373.49,371.6,354.13,203.87,138.01,92.94,75.07,62.7,50.06,23.67,45.33
405,373.4,371.51,354.1,203.88,138.02,93.02,75.15,62.82,50.11,23.72,45.43
406,373.3,371.4,354.03,203.87,138.02,93.1,75.23,62.88,50.15,23.69,45.52
407,373.19,371.28,353.94,203.92,138.06,93.17,75.29,62.91,50.2,23.61,45.61
408,373.07,371.15,353.87,203.99,138.11,93.24,75.32,62.94,50.25,23.49,45.69
409,372.96,371.04,353.8,204.05,138.17,93.33,75.35,62.97,50.33,23.43,45.78
410,372.86,370.95,353.69,204.1,138.24,93.4,75.44,63.08,50.4,23.4,45.86
411,372.76,370.84,353.66,204.07,138.28,93.47,75.5,63.13,50.46,23.46,45.95
412,372.6,370.69,353.59,204.12,138.34,93.52,75.56,63.18,50.49,23.38,46.05
413,372.46,370.54,353.39,204.13,138.41,93.57,75.61,63.27,50.51,23.27,46.15
414,372.38,370.46,353.23,204.16,138.48,93.63,75.62,63.31,50.51,23.31,46.19
415,372.31,370.38,353.08,204.16,138.52,93.7,75.63,63.34,50.51,23.17,46.24
416,372.25,370.29,352.9,204.05,138.52,93.74,75.59,63.34,50.51,23.15,46.28
417,372.19,370.23,352.74,203.91,138.52,93.75,75.56,63.27,50.51,23.29,46.34
418,372.11,370.17,352.52,203.82,138.5,93.81,75.59,63.2,50.44,23.36,46.38
419,372.05,370.11,352.29,203.78,138.48,93.84,75.63,63.23,50.44,23.34,46.41
420,371.99,369.99,352.06,203.74,138.42,93.86,75.66,63.27,50.47,23.24,46.44
421,371.86,369.77,351.95,203.73,138.38,93.89,75.7,63.31,50.54,23.43,46.51
422,371.69,369.59,351.87,203.7,138.38,93.91,75.72,63.29,50.59,23.34,46.58
423,371.56,369.49,351.8,203.59,138.37,93.93,75.71,63.29,50.66,23.27,46.62
424,371.43,369.38,351.76,203.54,138.37,93.96,75.73,63.32,50.75,23.07,46.67
425,371.31,369.28,351.76,203.43,138.36,94.01,75.78,63.36,50.84,23.12,46.71
426,371.2,369.18,351.73,203.32,138.35,94.04,75.83,63.44,50.91,23.21,46.76
427,371.09,369.09,351.71,203.19,138.3,94.07,75.87,63.53,50.97,23.13,46.82
428,370.98,369.01,351.66,202.89,138.25,94.11,75.93,63.66,51.05,23.19,46.87
429,370.86,368.92,351.58,202.63,138.18,94.14,75.99,63.75,51.09,23.16,46.92
430,370.72,368.75,351.49,202.49,138.09,94.16,76.12,63.84,51.2,23.19,47.0
431,370.58,368.62,351.36,202.37,138.03,94.2,76.23,63.89,51.26,23.09,47.07
432,370.5,368.52,351.25,202.27,138.02,94.21,76.17,63.86,51.26,23.1,47.14
433,370.4,368.43,351.1,202.14,138.0,94.22,76.03,63.72,51.19,23.14,47.19
434,370.29,368.34,350.94,202.12,137.99,94.23,75.89,63.55,51.12,23.1,47.23
435,370.21,368.25,350.66,202.13,137.97,94.24,75.74,63.47,51.05,23.29,47.25
436,370.12,368.17,350.38,202.1,137.95,94.25,75.7,63.48,51.02,23.24,47.28
437,370.06,368.09,350.1,202.02,137.89,94.23,75.69,63.52,51.0,23.2,47.3
438,370.01,368.02,349.85,201.95,137.84,94.23,75.74,63.63,51.01,23.27,47.32
439,369.93,367.93,349.46,201.89,137.73,94.23,75.77,63.65,51.05,23.13,47.34
440,369.85,367.85,349.04,201.8,137.62,94.21,75.74,63.63,51.06,23.21,47.37
441,369.79,367.78,348.76,201.69,137.51,94.18,75.71,63.59,51.05,23.22,47.4
442,369.73,367.71,348.45,201.44,137.35,94.13,75.7,63.51,51.04,23.2,47.4
443,369.64,367.6,348.14,201.17,137.17,94.05,75.65,63.4,51.03,23.16,47.41
444,369.56,367.5,347.84,200.89,136.97,93.94,75.5,63.22,50.98,23.16,47.42
445,369.47,367.38,347.58,200.57,136.76,93.85,75.31,63.05,50.9,23.23,47.42
446,369.39,367.26,347.37,200.33,136.6,93.76,75.14,63.02,50.83,23.2,47.41
447,369.32,367.13,347.2,200.11,136.45,93.69,75.02,63.03,50.76,23.17,47.41
448,369.23,366.86,346.93,199.99,136.24,93.65,74.88,63.01,50.68,23.34,47.4
449,369.12,366.52,346.65,199.77,136.05,93.58,74.76,62.93,50.6,23.39,47.38
450,369.04,366.25,346.54,199.54,135.96,93.52,74.66,62.84,50.54,23.25,47.37
451,368.97,366.07,346.41,199.36,135.9,93.46,74.54,62.72,50.46,23.23,47.35
452,368.87,365.96,346.21,199.29,135.86,93.41,74.46,62.73,50.42,23.15,47.33
453,368.78,365.82,345.93,199.26,135.8,93.39,74.47,62.81,50.41,23.28,47.31
454,368.7,365.67,345.55,199.19,135.72,93.36,74.48,62.88,50.44,23.39,47.29
455,368.61,365.53,345.28,199.16,135.67,93.33,74.39,62.93,50.48,23.56,47.28
456,368.53,365.36,345.1,199.12,135.59,93.29,74.26,62.93,50.48,23.38,47.26
457,368.36,365.07,344.85,199.09,135.47,93.24,74.05,62.88,50.48,23.35,47.23
458,368.22,364.76,344.47,199.02,135.35,93.18,73.98,62.86,50.47,23.33,47.19
459,368.15,364.62,344.22,198.92,135.27,93.18,73.92,62.87,50.47,23.31,47.18
460,368.08,364.42,343.87,198.79,135.2,93.07,73.83,62.84,50.46,23.27,47.16
461,367.96,364.3,343.53,198.57,135.07,93.01,73.95,62.81,50.45,23.38,47.15
462,367.79,364.24,343.42,198.42,134.96,92.97,74.0,62.82,50.44,23.36,47.14
463,367.55,364.26,343.76,198.21,134.86,92.91,74.08,62.87,50.48,23.17,47.15
464,367.36,364.32,344.25,197.98,134.74,92.84,74.14,62.9,50.52,23.02,47.15
465,367.22,364.37,344.64,197.72,134.6,92.79,74.21,62.91,50.56,23.12,47.17
466,367.08,364.41,345.06,197.45,134.39,92.74,74.25,62.93,50.62,23.14,47.19
467,366.94,364.39,345.37,197.21,134.2,92.69,74.31,62.94,50.73,23.04,47.23
468,366.85,364.36,345.57,196.99,134.11,92.65,74.37,62.98,50.78,23.11,47.27
469,366.75,364.31,345.72,196.85,133.99,92.64,74.41,63.04,50.85,23.29,47.3
470,366.66,364.24,345.87,196.59,133.87,92.6,74.48,63.1,50.93,23.23,47.35
471,366.58,364.19,346.0,196.4,133.74,92.54,74.52,63.13,51.01,23.59,47.38
472,366.51,364.12,346.06,196.19,133.58,92.48,74.5,63.11,51.04,23.58,47.42
473,366.35,364.06,346.09,196.05,133.45,92.41,74.43,63.01,51.02,24.0,47.42
474,366.26,364.0,346.01,196.04,133.34,92.36,74.36,62.96,51.0,23.15,47.45
475,366.16,363.9,345.84,196.13,133.23,92.31,74.4,62.93,50.97,23.25,47.49
476,366.09,363.83,345.65,196.17,133.12,92.28,74.36,62.92,51.01,23.2,47.49
477,366.0,363.76,345.48,196.22,133.09,92.23,74.41,63.0,51.04,23.25,47.49
478,365.94,363.7,345.36,196.26,133.06,92.19,74.36,63.06,51.04,23.35,47.49
479,365.84,363.64,345.22,196.33,133.03,92.17,74.41,63.08,51.06,23.33,47.66
480,365.74,363.54,345.16,196.39,133.01,92.18,74.47,63.15,51.13,23.52,47.54
481,365.64,363.44,345.13,196.37,133.0,92.15,74.47,63.25,51.18,23.46,47.56
482,365.54,363.33,345.05,196.25,132.96,92.17,74.52,63.34,51.24,23.49,47.55
483,365.41,363.24,345.02,196.18,132.93,92.17,74.61,63.43,51.38,23.44,47.6
484,365.29,363.12,344.96,196.19,132.93,92.21,74.7,63.59,51.46,23.42,47.59
485,365.12,362.94,344.84,196.21,132.94,92.25,74.79,63.74,51.57,23.47,47.68
486,365.03,362.84,344.79,196.14,132.93,92.28,74.85,63.81,51.65,23.83,47.72
487,364.95,362.76,344.74,196.05,132.91,92.28,74.84,63.81,51.69,23.84,47.77
488,364.87,362.69,344.66,195.99,132.9,92.29,74.85,63.82,51.69,23.8,47.78
489,364.79,362.62,344.52,195.93,132.9,92.32,74.86,63.81,51.68,23.66,47.8
490,364.74,362.5,344.34,195.95,132.92,92.35,74.86,63.78,51.64,23.64,47.84
491,364.67,362.47,344.07,195.81,132.94,92.36,74.9,63.75,51.6,23.78,47.87
492,364.61,362.4,343.89,195.63,132.92,92.39,74.92,63.79,51.59,23.74,47.76
493,364.49,362.12,343.47,195.45,132.89,92.39,74.96,63.85,51.59,23.64,47.89
494,364.31,361.98,343.27,195.39,132.87,92.39,75.06,63.87,51.62,23.6,47.89
495,364.21,361.9,343.24,195.29,132.89,92.39,75.08,63.88,51.63,23.59,47.91
496,364.11,361.79,343.2,195.16,132.9,92.38,75.06,63.87,51.66,23.6,47.94
497,364.02,361.72,343.07,195.05,132.9,92.38,75.03,63.8,51.68,23.7,47.96
498,363.91,361.62,342.91,194.95,132.89,92.38,75.01,63.77,51.7,23.71,47.98
499,363.79,361.54,342.88,194.85,132.87,92.38,75.0,63.77,51.71,23.75,47.98
500,363.68,361.46,342.88,194.78,132.86,92.4,75.0,63.78,51.73,23.61,48.0
501,363.58,361.38,342.88,194.79,132.87,92.43,75.02,63.84,51.73,23.65,48.02
502,363.43,361.25,342.83,194.87,132.91,92.46,75.08,63.87,51.75,23.68,48.05
503,363.28,361.12,342.81,194.92,132.96,92.48,75.11,63.9,51.79,23.57,48.07
504,363.2,361.02,342.82,194.95,133.0,92.5,75.14,63.94,51.82,23.72,48.1
505,363.09,360.89,342.77,194.98,133.04,92.53,75.15,63.97,51.84,23.67,48.13
506,363.0,360.79,342.71,194.96,133.05,92.56,75.18,64.0,51.83,23.63,48.15
507,362.92,360.72,342.75,194.92,133.07,92.57,75.19,63.96,51.83,23.77,48.17
508,362.82,360.62,342.72,194.88,133.07,92.58,75.14,63.91,51.85,23.6,48.18
509,362.73,360.56,342.69,194.86,133.07,92.59,75.11,63.87,51.86,23.63,48.2
510,362.63,360.44,342.64,194.82,133.07,92.57,75.06,63.81,51.87,23.55,48.0
511,362.45,360.32,342.53,194.81,133.07,92.58,75.0,63.8,51.83,23.43,48.29
512,362.36,360.2,342.37,194.88,133.09,92.55,74.97,63.73,51.8,23.23,48.24
513,362.29,360.13,342.22,194.91,133.09,92.53,74.94,63.67,51.72,23.1,48.23
514,362.21,360.03,342.06,194.95,133.11,92.51,74.93,63.65,51.67,23.0,48.23
515,362.15,359.95,341.88,195.0,133.12,92.51,74.91,63.67,51.59,23.19,48.22
516,362.1,359.87,341.69,194.89,133.1,92.5,74.91,63.63,51.51,23.11,48.2
517,362.04,359.77,341.42,194.75,133.05,92.47,74.85,63.56,51.42,23.07,48.17
518,362.0,359.69,341.14,194.66,132.99,92.45,74.84,63.57,51.36,23.1,48.16
519,361.92,359.56,340.79,194.48,132.91,92.41,74.75,63.42,51.29,23.3,48.14
520,361.74,359.32,340.28,194.25,132.77,92.34,74.59,63.25,51.14,23.31,48.07
521,361.59,359.15,339.74,193.98,132.6,92.27,74.35,63.03,50.97,23.44,48.02
522,361.55,359.07,339.44,193.79,132.51,92.19,74.23,62.92,50.86,23.54,47.96
523,361.52,358.87,339.19,193.72,132.43,92.14,74.17,62.95,50.81,23.47,47.92
524,361.48,358.64,338.93,193.6,132.35,92.08,74.12,62.95,50.79,23.43,47.88
525,361.42,358.44,338.67,193.48,132.27,92.04,74.09,62.95,50.78,23.39,47.84
526,361.3,358.33,338.38,193.36,132.16,91.97,74.08,63.02,50.82,23.35,47.8
527,361.25,358.44,338.13,193.37,132.1,91.93,74.19,63.28,50.96,23.38,47.78
528,361.2,358.64,337.93,193.55,132.06,91.95,74.26,63.6,51.15,23.47,47.77
529,361.28,358.96,337.72,193.8,132.1,91.97,74.34,63.84,51.45,23.33,47.79
530,361.46,359.21,337.52,194.04,132.18,92.01,74.55,64.14,51.77,23.37,47.82
531,361.61,359.39,337.43,194.3,132.28,92.07,74.72,64.43,51.99,23.28,47.86
532,361.73,359.57,337.4,194.47,132.41,92.1,74.86,64.55,52.18,23.13,47.91
533,361.83,359.74,337.33,194.63,132.53,92.16,75.04,64.68,52.36,23.16,47.97
534,361.9,359.91,337.23,194.76,132.65,92.24,75.25,64.89,52.55,23.14,48.06
535,361.97,360.07,337.1,194.87,132.78,92.3,75.45,65.08,52.75,23.17,48.15
536,362.08,360.22,337.0,194.97,132.92,92.39,75.6,65.25,52.93,23.07,48.24
537,362.2,360.32,336.96,195.14,133.08,92.48,75.76,65.34,53.09,23.18,48.35
538,362.37,360.47,336.88,195.43,133.34,92.57,75.91,65.38,53.28,23.33,48.52
539,362.55,360.63,336.84,195.56,133.59,92.63,76.03,65.4,53.45,23.5,48.71
540,362.65,360.75,336.84,195.72,133.78,92.71,76.11,65.47,53.58,23.45,48.84
541,362.74,360.85,336.88,195.93,133.96,92.81,76.22,65.58,53.71,23.64,48.97
542,362.82,360.96,336.91,196.15,134.14,92.91,76.34,65.68,53.81,23.77,49.11
543,362.89,361.09,336.94,196.46,134.35,93.04,76.49,65.8,53.91,23.79,49.25
544,362.97,361.2,337.0,196.78,134.59,93.18,76.63,65.94,54.03,23.84,49.4
545,363.05,361.27,337.05,197.05,134.83,93.31,76.73,66.0,54.15,23.77,49.55
546,363.14,361.31,337.08,197.16,135.05,93.39,76.81,66.02,54.25,23.71,49.7
547,363.28,361.39,337.03,197.35,135.33,93.51,76.97,66.11,54.41,23.67,49.94
548,363.43,361.55,336.9,197.6,135.61,93.65,77.24,66.36,54.68,23.46,50.19
549,363.51,361.68,336.78,197.9,135.83,93.82,77.41,66.66,54.88,23.34,50.38
550,363.58,361.82,336.73,198.21,136.04,94.0,77.62,66.95,55.1,23.26,50.55
551,363.66,361.99,336.77,198.52,136.25,94.18,77.87,67.27,55.32,23.29,50.73
552,363.75,362.16,336.8,198.84,136.48,94.37,78.04,67.52,55.54,23.44,50.92
553,363.87,362.33,336.85,199.06,136.72,94.5,78.24,67.68,55.74,23.46,51.13
554,363.98,362.47,336.9,199.39,136.97,94.72,78.45,67.93,55.96,23.61,51.34
555,364.08,362.62,336.91,199.74,137.21,94.94,78.67,68.19,56.16,23.65,51.55
556,364.19,362.81,336.92,200.0,137.58,95.16,79.08,68.46,56.49,23.73,51.89
557,364.29,362.98,336.98,200.22,137.94,95.36,79.47,68.69,56.82,23.76,52.27
558,364.35,363.07,337.0,200.39,138.16,95.58,79.65,68.79,56.99,23.8,52.51
559,364.4,363.13,337.03,200.53,138.37,95.8,79.89,68.89,57.14,23.83,52.76
560,364.43,363.17,337.05,200.61,138.59,95.94,80.15,68.99,57.3,23.8,53.0
561,364.45,363.2,337.1,200.75,138.82,96.17,80.37,69.2,57.49,23.65,53.25
562,364.51,363.25,337.14,200.98,139.09,96.43,80.59,69.44,57.69,23.42,53.5
563,364.55,363.28,337.17,201.22,139.35,96.65,80.82,69.68,57.89,23.23,53.75
564,364.58,363.34,337.26,201.44,139.58,96.88,81.06,69.86,58.11,23.01,54.01
565,364.6,363.45,337.45,201.68,139.96,97.1,81.33,70.0,58.37,23.06,54.4
566,364.6,363.55,337.6,201.91,140.33,97.33,81.6,70.12,58.61,23.07,54.79
567,364.59,363.6,337.69,201.99,140.53,97.47,81.77,70.25,58.74,23.11,55.05
568,364.59,363.61,337.78,202.0,140.71,97.66,81.93,70.33,58.88,23.26,55.31
569,364.6,363.63,337.85,202.04,140.89,97.84,82.05,70.4,59.02,23.44,55.55
570,364.63,363.67,337.91,202.15,141.03,98.03,82.2,70.52,59.13,23.36,55.8
571,364.67,363.7,338.0,202.27,141.21,98.21,82.35,70.63,59.27,23.24,56.06
572,364.73,363.73,338.07,202.31,141.36,98.38,82.45,70.74,59.4,23.39,56.3
573,364.78,363.78,338.13,202.43,141.52,98.56,82.52,70.82,59.53,23.33,56.54
574,364.86,363.83,338.21,202.55,141.81,98.67,82.58,70.86,59.68,23.25,56.89
575,364.96,363.85,338.33,202.81,142.12,98.85,82.68,70.93,59.8,23.32,57.24
576,365.02,363.87,338.39,203.04,142.32,99.03,82.74,71.02,59.88,23.26,57.46
577,365.07,363.9,338.47,203.16,142.49,99.21,82.87,71.16,59.99,23.21,57.67
578,365.11,363.94,338.5,203.27,142.67,99.39,83.01,71.38,60.14,23.26,57.9
579,365.15,363.98,338.55,203.48,142.84,99.59,83.18,71.55,60.32,23.19,58.12
580,365.22,364.01,338.61,203.73,143.01,99.78,83.3,71.72,60.49,23.1,58.35
581,365.3,364.04,338.65,203.82,143.17,99.9,83.43,71.81,60.69,23.23,58.59
582,365.37,364.06,338.69,203.95,143.36,100.09,83.52,71.88,60.83,23.27,58.82
583,365.43,364.1,338.74,204.13,143.65,100.26,83.64,71.93,61.02,23.21,59.17
584,365.49,364.18,338.81,204.22,143.92,100.41,83.74,71.97,61.19,23.26,59.52
585,365.54,364.26,338.88,204.19,144.06,100.54,83.74,72.0,61.26,23.21,59.73
586,365.57,364.37,338.96,204.19,144.2,100.65,83.74,72.0,61.32,23.21,59.94
587,365.6,364.45,339.03,204.21,144.32,100.77,83.76,71.99,61.4,23.22,60.16
588,365.66,364.54,339.11,204.22,144.45,100.84,83.79,72.08,61.5,23.2,60.36
589,365.73,364.63,339.23,204.37,144.59,100.97,83.88,72.22,61.64,23.12,60.56
590,365.79,364.72,339.29,204.47,144.72,101.09,83.94,72.24,61.74,23.23,60.76
591,365.86,364.83,339.38,204.53,144.84,101.2,84.0,72.23,61.79,23.28,60.95
592,365.97,364.97,339.56,204.57,144.98,101.32,84.07,72.26,61.87,23.3,61.25
593,366.08,365.05,339.72,204.59,145.09,101.43,84.19,72.36,61.98,23.45,61.52
594,366.11,365.11,339.73,204.68,145.17,101.54,84.3,72.48,62.09,23.47,61.72
595,366.13,365.17,339.75,204.74,145.21,101.62,84.42,72.57,62.22,23.62,61.9
596,366.19,365.23,339.83,204.79,145.26,101.73,84.57,72.76,62.39,23.58,62.08
597,366.26,365.24,339.91,204.86,145.33,101.84,84.69,72.94,62.56,23.5,62.28
598,366.35,365.27,339.99,204.94,145.39,101.95,84.79,73.08,62.72,23.39,62.46
599,366.42,365.33,340.04,205.05,145.48,102.08,84.96,73.31,62.9,23.21,62.67
600,366.47,365.39,340.08,205.22,145.59,102.23,85.09,73.57,63.1,23.33,62.87
601,366.54,365.49,340.13,205.44,145.79,102.38,85.29,73.75,63.39,23.28,63.19
602,366.61,365.61,340.2,205.51,145.99,102.47,85.49,73.8,63.63,23.32,63.52
603,366.66,365.64,340.23,205.63,146.12,102.63,85.69,74.01,63.81,23.18,63.72
604,366.72,365.66,340.26,205.72,146.23,102.8,85.87,74.26,64.04,23.06,63.94
605,366.77,365.68,340.31,205.82,146.32,102.94,85.99,74.31,64.22,23.03,64.14
606,366.82,365.72,340.4,205.88,146.4,103.07,86.11,74.36,64.36,23.07,64.35
607,366.86,365.78,340.44,205.97,146.51,103.22,86.23,74.5,64.53,23.18,64.57
608,366.87,365.84,340.47,206.05,146.6,103.36,86.37,74.69,64.69,23.18,64.76
609,366.87,365.88,340.5,206.13,146.73,103.46,86.51,74.77,64.87,23.13,64.97
610,366.96,365.89,340.58,206.31,146.94,103.61,86.62,74.77,65.03,23.14,65.28
611,367.03,365.89,340.71,206.42,147.14,103.75,86.67,74.75,65.15,23.39,65.59
612,367.07,365.94,340.8,206.54,147.23,103.86,86.75,74.86,65.28,23.17,65.8
613,367.11,365.99,340.87,206.63,147.34,103.99,86.8,74.92,65.4,23.21,66.0
614,367.14,366.07,340.94,206.73,147.45,104.11,86.9,75.04,65.5,23.42,66.19
615,367.15,366.17,340.99,206.79,147.56,104.23,87.03,75.14,65.59,23.65,66.4
616,367.13,366.25,341.05,206.85,147.66,104.32,87.13,75.22,65.67,23.79,66.59
617,367.11,366.27,341.1,206.98,147.78,104.45,87.19,75.31,65.77,23.83,66.77
618,367.15,366.25,341.09,207.15,147.92,104.58,87.33,75.49,65.9,24.04,66.96
619,367.21,366.22,341.13,207.36,148.14,104.74,87.63,75.82,66.2,23.91,67.25
620,367.24,366.17,341.2,207.58,148.37,104.91,87.91,76.15,66.57,23.83,67.55
621,367.28,366.19,341.23,207.75,148.54,105.1,88.08,76.37,66.79,23.93,67.75
622,367.31,366.23,341.27,207.97,148.73,105.29,88.23,76.56,67.0,24.03,67.96
623,367.33,366.31,341.33,208.09,148.9,105.41,88.39,76.62,67.17,24.08,68.17
624,367.35,366.4,341.37,208.25,149.06,105.59,88.57,76.77,67.34,23.89,68.38
625,367.39,366.51,341.46,208.45,149.23,105.78,88.75,76.99,67.52,23.94,68.58
626,367.43,366.63,341.57,208.64,149.38,105.96,88.96,77.17,67.72,23.77,68.78
627,367.45,366.71,341.64,208.74,149.56,106.13,89.07,77.19,67.87,23.69,68.98
628,367.51,366.84,341.77,208.74,149.77,106.26,89.11,77.26,68.04,23.45,69.28
629,367.56,366.92,341.88,208.69,149.96,106.4,89.12,77.27,68.19,23.49,69.55
630,367.58,366.94,341.98,208.65,150.05,106.47,89.17,77.28,68.28,23.32,69.73
631,367.61,367.01,342.05,208.67,150.17,106.57,89.27,77.34,68.41,23.1,69.93
632,367.65,367.06,342.08,208.74,150.26,106.69,89.4,77.51,68.53,23.21,70.11
633,367.67,367.08,342.12,208.9,150.36,106.83,89.53,77.7,68.66,23.18,70.29
634,367.69,367.07,342.14,209.1,150.46,106.97,89.66,77.87,68.82,23.07,70.47
635,367.75,367.07,342.15,209.21,150.58,107.12,89.8,78.0,68.92,23.2,70.65
636,367.8,367.07,342.17,209.22,150.66,107.27,89.89,78.08,69.02,23.14,70.83
637,367.88,367.11,342.3,209.25,150.83,107.37,89.96,78.06,69.11,23.11,71.08
638,367.92,367.14,342.4,209.41,151.0,107.5,90.03,78.02,69.14,23.14,71.32
639,367.98,367.19,342.41,209.54,151.09,107.61,90.07,78.0,69.17,23.19,71.48
640,368.06,367.24,342.47,209.49,151.13,107.71,90.11,78.01,69.22,23.21,71.62
641,368.16,367.31,342.55,209.44,151.15,107.8,90.15,78.13,69.29,23.36,71.77
642,368.23,367.39,342.57,209.53,151.21,107.93,90.16,78.29,69.41,23.43,71.92
643,368.27,367.48,342.59,209.73,151.29,108.07,90.21,78.41,69.56,23.47,72.07
644,368.29,367.58,342.6,209.83,151.4,108.14,90.23,78.38,69.67,23.43,72.21
645,368.32,367.67,342.62,209.9,151.48,108.25,90.22,78.4,69.76,23.69,72.36
646,368.4,367.77,342.66,209.95,151.59,108.36,90.34,78.52,69.92,23.72,72.58
647,368.46,367.82,342.65,210.01,151.73,108.47,90.41,78.61,70.07,23.9,72.8
648,368.49,367.86,342.66,210.13,151.83,108.59,90.51,78.73,70.21,23.81,72.95
649,368.5,367.91,342.67,210.22,151.93,108.69,90.64,78.93,70.36,23.87,73.1
650,368.51,367.93,342.7,210.18,151.97,108.78,90.78,79.11,70.52,23.86,73.26
651,368.54,367.93,342.67,210.18,151.98,108.84,90.95,79.23,70.68,23.88,73.41
652,368.59,367.92,342.67,210.24,151.97,108.92,91.1,79.4,70.86,23.74,73.58
653,368.64,367.93,342.71,210.38,152.0,109.03,91.18,79.61,71.04,23.76,73.73
654,368.69,367.96,342.76,210.45,152.08,109.15,91.29,79.85,71.25,23.78,73.9
655,368.72,367.96,342.82,210.44,152.15,109.26,91.51,80.02,71.55,23.78,74.15
656,368.75,367.95,342.82,210.43,152.26,109.39,91.8,80.24,71.86,23.77,74.42
657,368.76,367.94,342.79,210.42,152.37,109.52,91.92,80.46,72.08,23.72,74.6
658,368.82,367.89,342.8,210.36,152.44,109.59,91.98,80.47,72.23,23.64,74.78
659,368.88,367.83,342.81,210.27,152.53,109.7,92.05,80.5,72.36,23.7,74.95
660,368.89,367.82,342.83,210.28,152.62,109.82,92.2,80.59,72.5,23.54,75.12
661,368.88,367.83,342.86,210.26,152.72,109.93,92.26,80.64,72.63,23.47,75.29
662,368.87,367.84,342.91,210.34,152.82,110.04,92.35,80.7,72.73,23.51,75.46
663,368.83,367.85,342.97,210.45,152.92,110.15,92.44,80.82,72.84,23.55,75.62
664,368.81,367.92,343.09,210.59,153.09,110.26,92.7,81.02,73.05,23.6,75.87
665,368.83,368.0,343.1,210.69,153.22,110.34,92.92,81.17,73.3,23.47,76.12
666,368.87,368.08,343.1,210.79,153.27,110.44,92.98,81.3,73.45,23.53,76.28
667,368.95,368.17,343.12,210.81,153.25,110.53,93.04,81.41,73.58,23.93,76.46
668,369.03,368.25,343.11,210.72,153.22,110.6,93.1,81.54,73.7,23.96,76.63
669,369.1,368.33,343.09,210.68,153.2,110.67,93.11,81.58,73.77,23.85,76.78
670,369.16,368.4,343.06,210.75,153.22,110.76,93.1,81.6,73.82,23.77,76.94
671,369.22,368.4,343.11,210.81,153.25,110.84,93.2,81.71,73.88,23.75,77.1
672,369.27,368.37,343.19,210.85,153.29,110.91,93.36,81.85,73.98,23.91,77.26
673,369.32,368.37,343.26,210.93,153.31,111.01,93.61,82.04,74.22,24.08,77.49
674,369.36,368.43,343.28,211.04,153.33,111.08,93.78,82.16,74.49,23.91,77.74
675,369.4,368.49,343.28,211.15,153.34,111.15,93.87,82.25,74.67,23.89,77.89
676,369.47,368.55,343.31,211.21,153.36,111.22,93.9,82.31,74.81,23.86,78.05
677,369.53,368.59,343.39,211.26,153.41,111.32,93.94,82.37,74.92,23.9,78.21
678,369.57,368.63,343.45,211.3,153.47,111.4,94.03,82.47,75.02,23.72,78.35
679,369.59,368.67,343.53,211.38,153.53,111.48,94.12,82.61,75.17,23.63,78.5
680,369.61,368.73,343.64,211.58,153.62,111.59,94.22,82.81,75.32,23.45,78.63
681,369.62,368.79,343.7,211.77,153.72,111.7,94.33,82.99,75.49,23.47,78.78
682,369.69,368.87,343.65,211.96,153.88,111.84,94.45,83.16,75.71,23.48,78.98
683,369.82,368.92,343.65,212.11,154.02,111.96,94.53,83.26,75.88,23.37,79.18
684,369.89,368.98,343.7,212.18,154.1,112.07,94.6,83.29,75.97,23.53,79.32
685,369.94,369.05,343.77,212.25,154.21,112.18,94.64,83.24,76.03,23.53,79.47
686,370.01,369.11,343.82,212.32,154.34,112.26,94.63,83.24,76.09,23.57,79.62
687,370.03,369.13,343.88,212.43,154.48,112.37,94.67,83.31,76.18,23.63,79.76
688,370.04,369.16,343.97,212.48,154.61,112.49,94.76,83.46,76.29,23.76,79.91
689,370.07,369.19,344.06,212.54,154.75,112.62,94.91,83.7,76.45,23.82,80.06
690,370.12,369.18,344.1,212.63,154.88,112.75,95.09,83.97,76.65,23.69,80.21
691,370.16,369.17,344.17,212.76,155.1,112.9,95.27,84.21,76.96,23.84,80.44
692,370.15,369.18,344.25,212.86,155.33,113.05,95.48,84.41,77.25,23.96,80.66
693,370.16,369.21,344.31,212.94,155.48,113.15,95.58,84.54,77.42,23.93,80.8
694,370.16,369.23,344.38,213.15,155.62,113.29,95.71,84.75,77.58,23.81,80.94
695,370.16,369.25,344.42,213.41,155.74,113.4,95.84,84.9,77.73,23.67,81.07
696,370.19,369.32,344.42,213.63,155.84,113.49,95.91,84.96,77.84,23.61,81.21
697,370.26,369.38,344.42,213.84,155.97,113.57,95.93,84.9,77.94,23.34,81.35
698,370.34,369.44,344.48,214.05,156.1,113.67,95.98,84.85,77.98,23.54,81.5
699,370.41,369.44,344.55,214.22,156.32,113.79,96.12,84.98,78.1,23.98,81.73
700,370.48,369.35,344.53,214.32,156.49,113.88,96.31,85.12,78.28,24.22,81.96
701,370.53,369.3,344.53,214.4,156.57,114.01,96.45,85.22,78.38,24.44,82.12
702,370.6,369.33,344.56,214.46,156.62,114.1,96.56,85.27,78.49,24.49,82.26
703,370.66,369.4,344.57,214.61,156.7,114.24,96.68,85.45,78.62,24.49,82.41
704,370.73,369.47,344.6,214.77,156.81,114.36,96.8,85.65,78.75,24.58,82.55
705,370.78,369.49,344.64,214.86,156.93,114.49,96.96,85.76,78.86,24.56,82.7
706,370.83,369.47,344.76,214.82,157.0,114.59,97.13,85.92,79.0,24.44,82.85
707,370.87,369.47,344.83,214.83,157.08,114.67,97.28,86.02,79.13,24.43,83.0
708,370.89,369.44,344.9,214.94,157.18,114.82,97.4,86.22,79.25,24.37,83.15
709,370.91,369.46,345.02,215.12,157.33,114.96,97.57,86.43,79.46,24.45,83.35
710,370.9,369.57,345.23,215.33,157.45,115.09,97.69,86.62,79.7,24.72,83.55
711,370.91,369.66,345.34,215.49,157.51,115.18,97.74,86.76,79.85,24.7,83.68
712,370.94,369.75,345.37,215.6,157.52,115.26,97.8,86.83,79.96,24.62,83.79
713,370.98,369.83,345.36,215.62,157.5,115.31,97.87,86.86,80.06,24.49,83.92
714,371.05,369.96,345.35,215.61,157.49,115.34,97.93,86.89,80.18,24.48,84.02
715,371.1,370.08,345.32,215.58,157.47,115.4,98.02,86.98,80.29,24.55,84.16
716,371.14,370.18,345.38,215.59,157.52,115.47,98.08,87.04,80.41,24.48,84.29
717,371.21,370.24,345.44,215.53,157.59,115.54,98.04,87.01,80.47,24.34,84.47
718,371.32,370.31,345.47,215.43,157.63,115.6,98.06,86.93,80.51,24.52,84.66
719,371.36,370.38,345.53,215.44,157.65,115.66,98.1,87.01,80.58,24.5,84.79
720,371.4,370.43,345.58,215.52,157.71,115.73,98.17,87.17,80.69,24.4,84.91
721,371.4,370.52,345.63,215.57,157.76,115.78,98.27,87.32,80.83,24.51,85.04
722,371.4,370.61,345.67,215.67,157.82,115.88,98.33,87.52,80.97,24.41,85.13
723,371.43,370.71,345.75,215.75,157.88,115.97,98.41,87.67,81.11,24.31,85.25
724,371.46,370.81,345.81,215.82,157.96,116.04,98.49,87.68,81.21,24.34,85.35
725,371.52,370.88,345.82,215.85,157.99,116.09,98.56,87.61,81.3,24.46,85.46
726,371.61,370.95,345.82,215.78,158.0,116.13,98.56,87.53,81.37,24.21,85.58
727,371.73,371.03,345.96,215.63,158.0,116.17,98.56,87.39,81.39,24.17,85.74
728,371.81,371.1,345.98,215.5,158.01,116.18,98.51,87.29,81.36,24.04,85.9
729,371.8,371.13,345.98,215.37,158.0,116.2,98.45,87.15,81.32,24.0,85.99
730,371.81,371.09,345.96,215.31,158.04,116.22,98.41,87.06,81.3,23.77,86.09
731,371.88,370.99,345.96,215.29,158.05,116.25,98.38,87.09,81.32,23.74,86.17
732,371.97,370.85,346.02,215.33,158.1,116.32,98.38,87.21,81.39,23.65,86.27
733,372.04,370.7,346.09,215.31,158.13,116.37,98.42,87.29,81.46,23.86,86.37
734,372.09,370.7,346.22,215.22,158.17,116.41,98.43,87.31,81.51,24.05,86.46
735,372.1,370.77,346.32,215.15,158.18,116.43,98.41,87.34,81.54,24.01,86.56
736,372.14,370.93,346.37,215.19,158.25,116.49,98.47,87.45,81.66,24.17,86.7
737,372.15,371.06,346.42,215.32,158.28,116.55,98.52,87.54,81.81,24.34,86.84
738,372.13,371.12,346.43,215.4,158.32,116.61,98.6,87.7,81.91,24.34,86.92
739,372.16,371.15,346.44,215.47,158.37,116.67,98.68,87.91,82.02,24.51,87.02
740,372.21,371.15,346.43,215.42,158.41,116.73,98.78,88.09,82.14,24.61,87.12
741,372.24,371.13,346.51,215.4,158.44,116.8,98.9,88.29,82.25,24.52,87.23
742,372.29,371.14,346.6,215.38,158.45,116.84,98.99,88.4,82.38,24.47,87.34
743,372.36,371.2,346.67,215.37,158.51,116.92,99.11,88.58,82.54,24.68,87.44
744,372.42,371.28,346.69,215.29,158.53,117.01,99.25,88.75,82.67,24.63,87.57
745,372.44,371.4,346.76,215.34,158.59,117.08,99.43,88.91,82.9,24.6,87.74
746,372.44,371.46,346.84,215.38,158.63,117.13,99.47,88.85,83.05,24.38,87.92
747,372.42,371.5,346.88,215.41,158.65,117.16,99.47,88.74,83.06,24.16,88.03
748,372.41,371.52,346.9,215.46,158.69,117.19,99.53,88.74,83.1,24.14,88.13
749,372.43,371.56,346.94,215.46,158.71,117.21,99.55,88.7,83.11,24.14,88.23
750,372.48,371.62,346.99,215.38,158.69,117.24,99.5,88.63,83.1,24.12,88.32
751,372.53,371.66,347.05,215.22,158.66,117.25,99.41,88.54,83.07,24.14,88.39
752,372.58,371.68,347.15,215.05,158.62,117.25,99.36,88.49,83.03,23.95,88.46
753,372.67,371.69,347.26,214.99,158.61,117.27,99.34,88.56,83.02,23.86,88.55
754,372.74,371.73,347.35,214.87,158.58,117.3,99.38,88.68,83.09,23.73,88.64
755,372.79,371.85,347.44,214.8,158.55,117.34,99.47,88.74,83.13,23.64,88.71
756,372.83,371.98,347.53,214.76,158.51,117.35,99.55,88.71,83.15,23.59,88.78
757,372.87,372.07,347.71,214.84,158.5,117.41,99.69,88.84,83.22,23.71,88.84
758,372.91,372.13,347.76,214.87,158.47,117.46,99.75,88.96,83.3,23.6,88.89
759,372.97,372.13,347.75,214.81,158.46,117.48,99.83,89.04,83.4,23.58,88.95
760,373.02,372.1,347.71,214.84,158.46,117.52,99.94,89.17,83.5,23.65,89.03
761,373.11,372.13,347.66,214.95,158.5,117.6,100.07,89.32,83.64,23.73,89.1
762,373.16,372.16,347.62,215.04,158.49,117.64,100.18,89.43,83.77,23.76,89.17
763,373.17,372.2,347.57,215.16,158.51,117.7,100.25,89.57,83.96,23.86,89.29
764,373.21,372.16,347.51,215.37,158.59,117.79,100.33,89.72,84.12,23.77,89.4
765,373.3,372.12,347.49,215.54,158.66,117.88,100.45,89.81,84.22,23.59,89.47
766,373.36,372.11,347.51,215.59,158.71,117.96,100.55,89.83,84.3,23.83,89.56
767,373.4,372.12,347.57,215.68,158.76,118.03,100.66,89.86,84.38,23.89,89.65
768,373.39,372.14,347.65,215.86,158.81,118.07,100.73,89.91,84.46,24.14,89.74
769,373.36,372.15,347.62,216.03,158.85,118.14,100.76,90.06,84.53,24.47,89.82
770,373.38,372.19,347.57,216.09,158.9,118.18,100.79,90.16,84.65,24.57,89.9
771,373.37,372.26,347.64,216.26,158.98,118.27,100.84,90.36,84.77,24.86,89.97
772,373.35,372.36,347.66,216.4,159.11,118.35,100.92,90.55,84.95,24.9,90.1
773,373.45,372.43,347.62,216.45,159.23,118.45,100.98,90.67,85.12,24.87,90.23
774,373.48,372.44,347.68,216.41,159.27,118.52,100.99,90.76,85.2,24.85,90.31
775,373.53,372.47,347.74,216.28,159.3,118.58,100.98,90.64,85.2,24.69,90.4
776,373.6,372.53,347.76,216.09,159.31,118.63,100.98,90.48,85.16,24.47,90.48
777,373.65,372.6,347.75,215.95,159.29,118.64,101.01,90.44,85.13,24.47,90.56
778,373.68,372.66,347.77,215.74,159.24,118.66,101.04,90.39,85.09,24.4,90.62
779,373.68,372.72,347.84,215.47,159.18,118.66,101.06,90.34,85.1,24.2,90.68
780,373.65,372.78,347.94,215.29,159.1,118.64,101.05,90.32,85.14,23.78,90.77
781,373.69,372.8,348.06,215.08,159.0,118.62,100.96,90.31,85.17,23.42,90.86
782,373.78,372.78,348.18,214.91,158.89,118.61,100.91,90.31,85.19,23.55,90.93
783,373.81,372.71,348.27,214.77,158.85,118.61,100.9,90.34,85.23,23.72,90.99
784,373.83,372.74,348.35,214.74,158.83,118.64,100.93,90.51,85.33,23.93,91.03
785,373.8,372.79,348.38,214.77,158.78,118.68,101.0,90.69,85.46,24.03,91.09
786,373.86,372.86,348.4,214.82,158.72,118.68,101.06,90.74,85.57,24.04,91.14
787,373.91,372.94,348.41,214.89,158.68,118.67,101.11,90.75,85.68,24.12,91.21
788,374.0,373.06,348.42,214.96,158.62,118.68,101.12,90.84,85.74,24.09,91.25
789,374.1,373.19,348.44,215.09,158.58,118.71,101.14,91.01,85.82,24.15,91.31
790,374.2,373.31,348.56,215.26,158.6,118.75,101.23,91.18,85.95,24.14,91.4
791,374.24,373.36,348.76,215.41,158.69,118.8,101.41,91.31,86.11,24.24,91.5
792,374.32,373.37,348.83,215.58,158.78,118.88,101.52,91.5,86.21,24.19,91.56
793,374.4,373.38,348.92,215.7,158.83,118.94,101.62,91.57,86.31,24.14,91.64
794,374.48,373.44,349.0,215.7,158.85,118.97,101.69,91.48,86.35,24.03,91.69
795,374.53,373.5,349.08,215.66,158.8,118.98,101.73,91.37,86.36,24.05,91.76
796,374.58,373.56,349.15,215.58,158.74,118.95,101.75,91.27,86.35,24.15,91.83
797,374.64,373.62,349.23,215.49,158.64,118.91,101.77,91.14,86.32,24.23,91.9
798,374.67,373.66,349.27,215.4,158.52,118.88,101.71,91.07,86.29,24.13,91.95
799,374.7,373.72,349.3,215.24,158.33,118.81,101.58,90.9,86.19,24.14,92.02
800,374.75,373.83,349.38,215.08,158.18,118.76,101.39,90.84,86.12,23.97,92.07
801,374.83,373.87,349.41,215.03,158.15,118.73,101.27,90.9,86.12,23.98,92.1
802,374.86,373.93,349.37,215.06,158.12,118.73,101.27,91.05,86.16,24.06,92.13
803,374.89,374.01,349.33,215.03,158.07,118.73,101.31,91.21,86.22,24.1,92.18
804,374.92,374.08,349.23,215.08,158.05,118.74,101.27,91.36,86.3,23.89,92.22
805,374.95,374.04,349.1,215.17,158.08,118.75,101.25,91.46,86.38,23.89,92.24
806,375.03,373.91,349.02,215.33,158.15,118.79,101.3,91.59,86.47,23.87,92.27
807,375.13,373.77,348.97,215.49,158.23,118.84,101.33,91.71,86.55,23.85,92.32
808,375.24,373.68,348.88,215.67,158.37,118.9,101.35,91.74,86.66,23.78,92.39
809,375.32,373.74,348.9,215.8,158.51,118.96,101.37,91.69,86.74,23.86,92.47
810,375.34,373.83,348.94,215.87,158.56,118.99,101.43,91.68,86.81,23.77,92.53
811,375.38,373.96,348.97,215.94,158.62,119.03,101.5,91.77,86.92,23.68,92.6
812,375.43,374.01,349.03,215.94,158.7,119.06,101.57,91.73,86.96,23.5,92.67
813,375.49,374.06,349.08,215.82,158.76,119.08,101.57,91.58,86.95,23.48,92.73
814,375.55,374.11,349.18,215.71,158.79,119.08,101.5,91.43,86.91,23.57,92.8
815,375.6,374.15,349.35,215.61,158.8,119.06,101.49,91.44,86.89,23.65,92.85
816,375.64,374.23,349.49,215.67,158.83,119.05,101.58,91.53,86.92,23.83,92.92
817,375.7,374.3,349.57,215.8,158.83,119.05,101.66,91.7,87.0,23.98,93.0
818,375.74,374.34,349.59,215.94,158.82,119.04,101.71,91.81,87.09,23.78,93.05
819,375.77,374.38,349.61,216.0,158.77,119.04,101.68,91.87,87.16,23.63,93.09
820,375.8,374.44,349.61,216.06,158.75,119.02,101.64,91.81,87.17,23.69,93.13
821,375.85,374.52,349.61,216.07,158.75,119.02,101.63,91.78,87.2,23.61,93.17
822,375.88,374.56,349.64,215.99,158.76,119.02,101.57,91.7,87.18,23.51,93.2
823,375.87,374.56,349.67,215.88,158.75,119.02,101.52,91.66,87.19,23.63,93.22
824,375.87,374.57,349.77,215.75,158.75,119.01,101.49,91.64,87.18,23.58,93.26
825,375.89,374.58,349.87,215.67,158.7,119.02,101.54,91.79,87.2,23.58,93.3
826,375.95,374.44,349.95,215.69,158.7,119.05,101.66,91.91,87.29,23.51,93.37
827,376.03,374.25,349.96,215.73,158.78,119.09,101.7,91.93,87.31,23.47,93.44
828,376.07,374.24,350.04,215.72,158.82,119.11,101.69,91.88,87.28,23.54,93.49
829,376.05,374.29,350.11,215.68,158.87,119.13,101.66,91.68,87.2,23.76,93.53
830,376.03,374.34,350.19,215.73,158.9,119.11,101.59,91.49,87.09,23.62,93.56
831,376.01,374.38,350.33,215.81,158.94,119.1,101.53,91.46,87.02,23.58,93.58
832,376.04,374.45,350.44,215.89,158.95,119.09,101.56,91.54,87.02,23.52,93.6
833,376.09,374.56,350.53,215.97,158.96,119.07,101.62,91.58,87.07,23.62,93.62
834,376.1,374.71,350.62,216.1,158.97,119.08,101.68,91.75,87.2,23.63,93.63
835,376.09,374.76,350.62,216.27,159.01,119.1,101.79,91.92,87.36,23.67,93.66
836,376.1,374.78,350.64,216.42,159.11,119.14,101.85,92.04,87.42,23.58,93.67
837,376.12,374.84,350.66,216.48,159.22,119.19,101.91,92.16,87.5,23.68,93.71
838,376.16,374.89,350.68,216.57,159.31,119.24,101.98,92.2,87.56,23.74,93.76
839,376.22,374.95,350.73,216.75,159.41,119.32,102.08,92.29,87.65,23.74,93.8
840,376.27,375.0,350.78,216.87,159.52,119.37,102.18,92.28,87.69,23.74,93.84
841,376.31,375.07,350.83,217.05,159.62,119.45,102.31,92.38,87.75,23.67,93.88
842,376.33,375.16,350.85,217.17,159.73,119.53,102.4,92.48,87.83,23.49,93.92
843,376.36,375.22,350.87,217.24,159.8,119.59,102.45,92.53,87.87,23.49,93.96
844,376.44,375.27,350.9,217.26,159.94,119.66,102.53,92.6,87.98,23.48,94.03
845,376.43,375.34,350.92,217.38,160.09,119.74,102.64,92.75,88.11,23.6,94.1
846,376.41,375.4,350.99,217.65,160.18,119.83,102.72,92.85,88.18,23.62,94.15
847,376.45,375.46,351.12,217.81,160.27,119.89,102.8,92.9,88.24,23.75,94.2
848,376.53,375.5,351.25,217.82,160.33,119.98,102.9,93.01,88.32,23.82,94.25
849,376.65,375.58,351.33,217.72,160.41,120.04,102.97,93.08,88.4,23.72,94.31
850,376.79,375.66,351.39,217.74,160.5,120.12,103.1,93.24,88.51,23.79,94.37
851,376.89,375.77,351.45,217.87,160.57,120.17,103.21,93.22,88.6,23.76,94.44
852,376.98,375.96,351.52,218.1,160.68,120.23,103.26,93.18,88.61,23.68,94.53
853,377.08,376.16,351.57,218.28,160.81,120.3,103.3,93.25,88.65,23.63,94.61
854,377.08,376.28,351.59,218.37,160.94,120.36,103.31,93.34,88.73,23.65,94.65
855,377.05,376.36,351.62,218.5,161.04,120.43,103.22,93.3,88.75,23.69,94.71
856,377.02,376.43,351.7,218.58,161.16,120.5,103.23,93.27,88.78,23.7,94.77
857,377.04,376.48,351.78,218.65,161.25,120.59,103.33,93.43,88.82,23.64,94.83
858,377.09,376.52,351.85,218.73,161.34,120.67,103.4,93.54,88.88,23.61,94.88
859,377.14,376.55,351.95,218.81,161.41,120.74,103.38,93.41,88.9,23.72,94.93
860,377.2,376.61,351.95,218.84,161.46,120.79,103.37,93.36,88.89,23.68,94.97
861,377.27,376.66,351.9,218.84,161.51,120.82,103.44,93.32,88.9,23.79,95.01
862,377.3,376.54,351.89,218.91,161.56,120.86,103.55,93.3,88.92,23.76,95.07
863,377.34,376.54,351.96,218.96,161.61,120.91,103.68,93.35,88.97,23.76,95.14
864,377.39,376.5,352.07,219.07,161.64,120.97,103.69,93.49,89.05,23.77,95.17
865,377.43,376.45,352.12,219.2,161.69,121.03,103.63,93.63,89.11,23.92,95.21
866,377.47,376.49,352.2,219.29,161.76,121.12,103.64,93.75,89.19,23.95,95.25
867,377.47,376.49,352.28,219.31,161.83,121.19,103.66,93.84,89.28,23.89,95.29
868,377.44,376.45,352.31,219.32,161.89,121.23,103.66,93.82,89.31,24.17,95.33
869,377.47,376.46,352.36,219.38,161.95,121.29,103.67,93.73,89.31,24.17,95.38
870,377.56,376.49,352.37,219.39,162.0,121.31,103.63,93.63,89.24,23.86,95.41
871,377.69,376.57,352.39,219.45,162.06,121.36,103.74,93.76,89.24,23.73,95.46
872,377.75,376.58,352.44,219.45,162.07,121.38,103.78,93.74,89.22,23.81,95.5
873,377.78,376.56,352.54,219.32,162.04,121.38,103.73,93.56,89.15,23.76,95.54
874,377.84,376.48,352.59,219.16,162.0,121.36,103.59,93.37,89.04,24.15,95.56
875,377.89,376.41,352.69,219.05,161.97,121.35,103.41,93.22,88.92,24.17,95.56
876,377.95,376.46,352.81,218.99,161.94,121.31,103.35,93.09,88.83,24.12,95.56
877,378.02,376.52,352.88,218.99,161.9,121.27,103.33,93.12,88.8,24.01,95.57
878,378.06,376.56,352.94,218.94,161.86,121.24,103.28,93.05,88.76,23.97,95.56
879,378.11,376.64,352.99,218.97,161.83,121.24,103.18,93.05,88.7,23.65,95.56
880,378.24,376.77,353.02,219.09,161.86,121.26,103.1,93.17,88.64,24.33,95.53
881,378.36,376.96,353.05,219.14,161.92,121.29,103.15,93.34,88.7,24.44,95.51
882,378.39,377.1,353.07,219.12,161.95,121.3,103.18,93.43,88.73,24.69,95.51
883,378.41,377.2,353.1,219.06,161.97,121.31,103.15,93.33,88.71,24.95,95.51
884,378.45,377.27,353.12,218.98,161.96,121.27,103.08,93.16,88.64,24.92,95.51
885,378.52,377.37,353.15,218.95,161.95,121.24,103.07,93.1,88.61,25.05,95.5
886,378.58,377.51,353.21,218.89,161.91,121.2,103.07,93.07,88.59,24.73,95.49
887,378.57,377.62,353.25,218.91,161.87,121.19,103.08,92.99,88.6,24.54,95.48
888,378.53,377.68,353.32,218.95,161.86,121.18,103.03,92.91,88.58,24.52,95.48
889,378.54,377.7,353.43,218.98,161.84,121.17,102.95,92.84,88.5,24.25,95.48
890,378.62,377.73,353.52,219.03,161.81,121.13,102.9,92.74,88.45,24.04,95.48
891,378.68,377.68,353.62,219.0,161.74,121.1,102.85,92.71,88.43,23.9,95.46
892,378.71,377.63,353.71,218.9,161.7,121.09,102.73,92.69,88.37,23.88,95.44
893,378.77,377.61,353.7,218.86,161.68,121.05,102.6,92.56,88.29,23.76,95.43
894,378.85,377.62,353.63,218.88,161.67,121.01,102.5,92.37,88.2,23.71,95.41
895,378.9,377.62,353.52,218.95,161.65,120.96,102.42,92.29,88.11,23.8,95.39
896,378.87,377.58,353.49,219.01,161.64,120.94,102.48,92.35,88.08,23.91,95.36
897,378.87,377.57,353.51,219.06,161.62,120.92,102.57,92.45,88.08,23.8,95.36
898,378.91,377.62,353.59,219.04,161.54,120.88,102.6,92.42,88.08,23.81,95.35
899,378.9,377.63,353.7,219.02,161.46,120.83,102.62,92.4,88.07,23.74,95.33
900,378.9,377.68,353.76,218.97,161.35,120.76,102.6,92.34,88.04,23.85,95.32
901,378.91,377.74,353.81,218.99,161.28,120.72,102.59,92.41,88.0,23.83,95.29
902,378.96,377.82,353.85,219.03,161.27,120.71,102.54,92.48,87.98,23.67,95.27
903,379.04,377.94,353.88,219.1,161.3,120.71,102.44,92.58,88.01,23.72,95.25
904,379.13,378.08,353.91,219.24,161.35,120.73,102.32,92.67,88.04,23.74,95.24
905,379.21,378.2,353.92,219.4,161.41,120.77,102.31,92.82,88.1,23.79,95.24
906,379.19,378.33,353.93,219.58,161.49,120.81,102.45,93.03,88.24,23.79,95.22
907,379.18,378.36,353.91,219.69,161.54,120.85,102.65,93.27,88.46,23.78,95.22
908,379.18,378.32,353.89,219.79,161.55,120.89,102.74,93.44,88.6,24.0,95.22
909,379.21,378.27,353.87,219.91,161.59,120.92,102.81,93.54,88.66,23.93,95.23
910,379.24,378.23,353.85,220.0,161.65,120.96,102.88,93.55,88.7,23.85,95.25
911,379.24,378.24,353.84,219.94,161.69,120.97,102.88,93.49,88.72,23.86,95.27
912,379.24,378.27,353.86,219.9,161.7,120.97,102.94,93.51,88.73,23.83,95.28
913,379.27,378.27,353.91,219.78,161.66,120.95,102.99,93.42,88.75,23.8,95.32
914,379.31,378.28,354.0,219.55,161.59,120.92,102.97,93.26,88.72,23.89,95.34
915,379.39,378.31,354.09,219.28,161.46,120.87,102.85,93.09,88.65,23.89,95.36
916,379.5,378.32,354.17,219.13,161.39,120.83,102.81,93.03,88.6,23.9,95.38
917,379.57,378.35,354.21,219.1,161.37,120.82,102.89,93.08,88.6,23.83,95.4
918,379.59,378.43,354.25,219.1,161.36,120.81,102.95,93.19,88.61,24.01,95.41
919,379.54,378.5,354.29,219.15,161.38,120.82,102.97,93.24,88.64,23.98,95.41
920,379.53,378.57,354.27,219.26,161.41,120.84,102.97,93.25,88.64,24.15,95.43
921,379.62,378.66,354.24,219.42,161.47,120.86,103.0,93.33,88.69,24.02,95.44
922,379.72,378.71,354.23,219.6,161.54,120.9,103.01,93.41,88.75,23.75,95.47
923,379.79,378.71,354.24,219.69,161.6,120.94,102.98,93.47,88.8,23.86,95.48
924,379.83,378.7,354.27,219.75,161.67,120.95,102.98,93.51,88.83,23.96,95.5
925,379.87,378.66,354.34,219.9,161.77,121.0,103.02,93.65,88.93,24.28,95.54
926,379.85,378.66,354.36,220.08,161.88,121.04,103.12,93.8,89.11,24.45,95.58
927,379.87,378.69,354.34,220.26,161.95,121.11,103.22,93.9,89.21,24.54,95.62
928,379.87,378.71,354.34,220.45,162.04,121.15,103.3,93.86,89.25,24.52,95.66
929,379.88,378.63,354.34,220.61,162.11,121.19,103.42,93.91,89.28,24.18,95.7
930,379.9,378.6,354.38,220.8,162.19,121.24,103.56,94.04,89.35,24.03,95.75
931,379.91,378.67,354.54,220.94,162.29,121.28,103.69,94.19,89.45,24.18,95.79
932,379.95,378.8,354.65,221.19,162.4,121.35,103.79,94.36,89.57,24.6,95.84
933,380.05,378.95,354.74,221.37,162.51,121.42,103.87,94.45,89.67,24.91,95.9
934,380.15,379.05,354.84,221.45,162.64,121.49,103.97,94.53,89.8,24.92,95.98
935,380.23,379.09,354.99,221.46,162.78,121.55,104.04,94.48,89.88,25.01,96.07
936,380.25,379.13,355.06,221.42,162.83,121.59,104.08,94.42,89.87,24.96,96.11
937,380.27,379.19,355.16,221.38,162.83,121.63,104.13,94.41,89.86,25.06,96.16
938,380.29,379.27,355.23,221.31,162.83,121.65,104.1,94.28,89.79,25.02,96.2
939,380.31,379.35,355.25,221.25,162.84,121.67,104.09,94.11,89.69,24.98,96.22
940,380.37,379.43,355.26,221.19,162.87,121.69,104.1,94.03,89.62,24.82,96.25
941,380.42,379.48,355.28,221.04,162.86,121.69,104.15,94.0,89.56,24.85,96.27
942,380.51,379.51,355.35,220.83,162.81,121.67,104.17,93.92,89.52,24.91,96.28
943,380.63,379.48,355.41,220.62,162.71,121.63,104.1,93.84,89.43,24.81,96.29
944,380.77,379.54,355.45,220.53,162.58,121.61,104.04,93.82,89.36,25.1,96.29
945,380.83,379.65,355.5,220.47,162.51,121.59,104.04,93.81,89.35,25.0,96.29
946,380.9,379.78,355.55,220.41,162.43,121.55,104.01,93.8,89.32,25.06,96.28
947,380.9,379.89,355.54,220.33,162.32,121.52,103.94,93.8,89.28,25.2,96.27
948,380.86,379.94,355.49,220.1,162.2,121.49,103.85,93.75,89.24,25.16,96.27
949,380.85,379.98,355.48,219.91,162.11,121.45,103.83,93.79,89.25,25.28,96.28
950,380.84,379.98,355.53,219.76,162.03,121.45,103.81,93.77,89.24,25.35,96.26
951,380.86,380.01,355.6,219.54,161.88,121.43,103.78,93.67,89.22,25.33,96.26
952,380.9,380.05,355.61,219.38,161.71,121.4,103.65,93.58,89.14,25.41,96.24
953,380.94,380.08,355.58,219.21,161.62,121.35,103.59,93.5,89.09,25.37,96.24
954,380.98,380.11,355.6,219.11,161.56,121.33,103.54,93.45,89.04,25.33,96.23
955,381.05,380.15,355.62,218.97,161.47,121.3,103.51,93.39,89.0,25.28,96.21
956,381.11,380.24,355.63,218.72,161.35,121.25,103.48,93.33,88.95,25.22,96.19
957,381.16,380.33,355.63,218.57,161.27,121.21,103.37,93.28,88.9,25.34,96.16
958,381.22,380.38,355.64,218.53,161.24,121.19,103.27,93.36,88.9,25.25,96.14
959,381.28,380.38,355.63,218.62,161.25,121.21,103.23,93.51,88.94,25.32,96.12
960,381.35,380.35,355.63,218.72,161.28,121.22,103.36,93.71,89.06,25.08,96.1
961,381.45,380.37,355.61,218.87,161.36,121.23,103.47,93.91,89.22,25.07,96.11
962,381.47,380.41,355.62,219.04,161.44,121.28,103.49,94.03,89.3,25.08,96.12
963,381.5,380.45,355.71,219.26,161.5,121.33,103.61,94.17,89.38,24.98,96.14
964,381.53,380.45,355.74,219.34,161.53,121.35,103.75,94.35,89.51,24.93,96.17
965,381.56,380.42,355.79,219.4,161.57,121.37,103.88,94.49,89.65,25.02,96.19
966,381.61,380.44,355.88,219.51,161.63,121.42,103.97,94.51,89.73,24.86,96.23
967,381.64,380.47,355.91,219.57,161.68,121.46,104.02,94.55,89.77,24.69,96.24
968,381.65,380.51,355.94,219.67,161.75,121.51,104.12,94.67,89.82,24.7,96.27
969,381.61,380.54,355.97,219.89,161.84,121.55,104.26,94.87,89.95,24.52,96.32
970,381.58,380.51,355.94,220.15,161.98,121.63,104.44,95.06,90.14,24.17,96.36
971,381.59,380.44,355.92,220.28,162.13,121.7,104.59,95.24,90.35,24.02,96.42
972,381.65,380.44,355.98,220.38,162.25,121.77,104.75,95.42,90.51,23.86,96.47
973,381.63,380.46,356.12,220.43,162.37,121.83,104.89,95.5,90.64,24.0,96.53
974,381.67,380.42,356.16,220.56,162.49,121.94,105.03,95.58,90.75,24.01,96.59
975,381.73,380.28,356.19,220.67,162.6,122.03,105.12,95.54,90.79,24.14,96.64
976,381.83,380.19,356.31,220.59,162.66,122.09,105.11,95.42,90.82,24.2,96.7
977,381.91,380.21,356.45,220.4,162.69,122.11,105.04,95.19,90.78,24.01,96.75
978,382.01,380.29,356.41,220.15,162.67,122.11,104.88,95.02,90.64,24.06,96.8
979,382.11,380.35,356.39,219.91,162.63,122.11,104.76,94.92,90.54,24.39,96.84
980,382.17,380.44,356.39,219.75,162.56,122.11,104.68,94.88,90.47,24.61,96.86
981,382.23,380.55,356.46,219.59,162.51,122.11,104.64,94.82,90.42,24.69,96.89
982,382.26,380.69,356.54,219.5,162.47,122.11,104.53,94.69,90.3,24.54,96.89
983,382.3,380.8,356.57,219.45,162.46,122.09,104.46,94.54,90.21,24.58,96.9
984,382.37,380.9,356.56,219.48,162.45,122.08,104.49,94.56,90.16,24.47,96.9
985,382.42,381.01,356.59,219.5,162.45,122.08,104.5,94.57,90.12,24.35,96.92
986,382.43,381.04,356.61,219.51,162.43,122.07,104.45,94.52,90.04,24.36,96.91
987,382.36,380.88,356.61,219.58,162.46,122.09,104.39,94.58,90.0,24.33,96.9
988,382.29,380.67,356.59,219.78,162.57,122.13,104.33,94.68,90.08,24.29,96.91
989,382.31,380.64,356.59,219.96,162.65,122.2,104.43,94.81,90.16,24.39,96.91
990,382.32,380.62,356.6,220.08,162.74,122.26,104.54,95.0,90.27,24.39,96.92
991,382.34,380.57,356.64,220.22,162.83,122.34,104.69,95.18,90.38,24.27,96.94
992,382.41,380.64,356.72,220.37,162.9,122.39,104.81,95.21,90.46,24.26,96.98
993,382.48,380.78,356.76,220.43,162.92,122.43,104.9,95.18,90.51,24.32,97.01
994,382.55,380.93,356.8,220.46,162.91,122.43,104.95,95.08,90.52,24.26,97.04
995,382.61,381.04,356.87,220.58,162.87,122.43,104.97,95.06,90.54,24.39,97.06
996,382.63,381.12,356.9,220.77,162.86,122.45,105.06,95.21,90.61,24.41,97.09
997,382.66,381.26,357.0,220.98,162.89,122.47,105.17,95.29,90.77,24.37,97.13
998,382.74,381.45,357.11,221.2,162.96,122.52,105.28,95.43,90.96,24.18,97.19
999,382.76,381.57,357.24,221.44,163.04,122.57,105.33,95.48,91.05,24.17,97.24
1000,382.78,381.68,357.31,221.6,163.06,122.62,105.4,95.53,91.15,24.02,97.28
1001,382.82,381.81,357.44,221.71,163.1,122.63,105.44,95.51,91.21,24.1,97.33
1002,382.84,381.9,357.46,221.83,163.13,122.65,105.41,95.55,91.26,24.06,97.36
1003,382.88,381.92,357.46,221.92,163.18,122.68,105.4,95.54,91.26,23.85,97.39
1004,382.95,381.93,357.47,221.97,163.26,122.72,105.41,95.55,91.25,23.96,97.42
1005,383.11,381.88,357.56,222.0,163.34,122.77,105.49,95.64,91.27,24.0,97.47
1006,383.25,381.79,357.6,221.97,163.38,122.8,105.5,95.58,91.21,24.03,97.5
1007,383.3,381.75,357.66,221.91,163.36,122.79,105.47,95.42,91.16,23.95,97.54
1008,383.32,381.77,357.74,221.76,163.33,122.76,105.39,95.23,91.07,24.09,97.56
1009,383.37,381.81,357.83,221.57,163.26,122.71,105.28,95.11,90.96,24.16,97.56
1010,383.35,381.87,357.9,221.46,163.19,122.67,105.2,95.05,90.86,24.12,97.56
1011,383.35,381.93,357.94,221.41,163.11,122.63,105.11,95.04,90.8,24.16,97.56
1012,383.36,381.98,358.0,221.46,163.05,122.63,105.13,95.16,90.82,24.32,97.57
1013,383.37,382.03,358.02,221.59,163.01,122.63,105.13,95.34,90.86,24.18,97.57
1014,383.38,382.06,358.02,221.7,162.98,122.64,105.12,95.42,90.93,24.18,97.56
1015,383.33,382.08,358.05,221.76,163.01,122.64,105.1,95.42,91.02,24.06,97.58
1016,383.31,382.15,358.12,221.79,163.08,122.66,105.07,95.41,91.05,23.91,97.6
1017,383.3,382.21,358.22,221.79,163.11,122.66,105.05,95.42,91.04,24.02,97.62
1018,383.29,382.26,358.28,221.87,163.15,122.69,105.06,95.51,91.06,24.21,97.63
1019,383.29,382.29,358.32,221.95,163.19,122.7,105.13,95.53,91.09,24.25,97.65
1020,383.35,382.3,358.39,222.0,163.21,122.68,105.18,95.47,91.11,24.28,97.67
1021,383.39,382.19,358.36,221.95,163.21,122.66,105.09,95.22,91.06,24.16,97.68
1022,383.36,381.96,358.27,221.66,163.17,122.6,104.88,94.88,90.92,24.13,97.7
1023,383.25,381.73,358.12,221.3,163.1,122.52,104.64,94.42,90.74,24.1,97.69
1024,383.09,381.26,357.79,221.06,162.96,122.44,104.21,94.12,90.3,24.11,97.64
1025,382.94,380.74,357.42,220.74,162.78,122.34,103.78,93.75,89.85,24.09,97.55
1026,382.81,380.5,357.2,220.39,162.63,122.22,103.49,93.38,89.53,24.1,97.47
1027,382.66,380.31,357.01,219.92,162.45,122.1,103.18,93.07,89.24,24.15,97.38
1028,382.49,380.11,356.9,219.46,162.24,121.96,102.85,92.74,88.95,24.2,97.27
1029,382.34,379.92,356.85,219.07,162.05,121.82,102.53,92.47,88.65,24.16,97.14
1030,382.24,379.77,356.81,218.67,161.87,121.66,102.3,92.2,88.38,24.21,97.01
1031,382.16,379.63,356.84,218.36,161.65,121.55,102.06,91.98,88.1,24.1,96.88
1032,382.06,379.35,356.8,217.86,161.27,121.36,101.58,91.56,87.65,24.22,96.63
1033,381.95,378.94,356.68,217.39,160.87,121.15,101.09,91.18,87.21,24.17,96.36
1034,381.88,378.59,356.53,216.96,160.62,120.93,100.8,90.86,86.96,24.19,96.18
1035,381.78,378.26,356.35,216.61,160.36,120.72,100.54,90.58,86.68,24.19,95.99
