Time	TC1_tip	TC_9.5	TC3	TC5	TC7	TC9	TC10	TC_Bottom_rec_groove	TC4	TC6	TC8	TC_wall_ins_ext	TC_bottom_ins_groove	TC2
Seconds	°C	°C	°C	°C	°C	°C	°C	°C	°C	°C	°C	°C	°C	°C
														
0	376.6	24.71	379.28	377.29	189.53	82.25	70.71	363.31	380.11	288.2	133.18	24.93	25.52	378.09
1	376.55	24.56	379.29	377.3	189.62	82.31	70.71	363.34	380.1	288.08	133.34	24.92	25.51	378.1
2	376.51	24.71	379.31	377.35	189.82	82.42	70.71	363.38	380.1	287.99	133.61	24.92	25.52	378.12
3	376.45	24.64	379.34	377.41	190.01	82.54	70.72	363.4	380.1	287.92	133.76	24.92	25.52	378.14
4	376.37	24.82	379.36	377.5	190.11	82.66	70.73	363.45	380.09	287.85	133.81	24.92	25.52	378.16
5	376.27	24.68	379.38	377.6	190.17	82.74	70.74	363.47	380.09	287.8	133.79	24.92	25.52	378.17
6	376.16	24.72	379.41	377.67	190.29	82.79	70.74	363.49	380.11	287.77	133.83	24.92	25.51	378.16
7	376.05	24.6	379.43	377.77	190.44	82.86	70.77	363.5	380.11	287.78	133.9	24.92	25.51	378.15
8	375.96	24.51	379.44	377.85	190.58	82.91	70.78	363.52	380.12	287.74	134.04	24.92	25.51	378.14
9	375.86	24.46	379.43	377.94	190.67	82.96	70.8	363.54	380.14	287.71	134.1	24.93	25.52	378.11
10	375.75	24.37	379.42	378.01	190.71	82.96	70.81	363.56	380.15	287.69	133.97	24.91	25.5	378.07
11	375.66	24.37	379.43	378.1	190.67	82.92	70.84	363.57	380.16	287.68	133.92	24.92	25.5	378.03
12	375.54	24.62	379.41	378.15	190.6	82.88	70.86	363.58	380.18	287.7	133.87	24.92	25.5	377.99
13	375.33	24.49	379.37	378.18	190.56	82.85	70.88	363.59	380.19	287.7	133.79	24.92	25.49	377.92
14	375.14	24.49	379.33	378.19	190.86	82.85	70.92	363.61	380.21	287.68	133.8	24.92	25.49	377.87
15	375.03	24.51	379.31	378.23	191.29	82.9	70.95	363.61	380.23	287.61	133.79	24.93	25.5	377.84
16	374.94	24.56	379.31	378.29	191.8	82.96	71	363.63	380.25	287.46	133.84	24.92	25.5	377.8
17	374.95	24.56	379.32	378.37	192.22	83	71.03	363.64	380.28	287.31	133.86	24.92	25.49	377.8
18	375.14	24.41	379.35	378.42	192.58	83.09	71.07	363.67	380.31	287.24	134.02	24.92	25.49	377.86
19	375.46	24.45	379.38	378.45	192.89	83.18	71.11	363.73	380.35	287.26	134.13	24.91	25.48	377.98
20	375.83	24.42	379.41	378.41	193.18	83.28	71.15	363.83	380.39	287.28	134.12	24.92	25.48	378.09
21	376.23	24.36	379.45	378.37	193.39	83.35	71.2	363.97	380.44	287.25	134.02	24.91	25.49	378.13
22	376.74	24.44	379.52	378.24	193.56	83.43	71.26	364.24	380.48	287.21	134.05	24.92	25.49	378.22
23	377.19	24.44	379.62	378.1	193.63	83.55	71.34	364.54	380.49	287.18	134.19	24.92	25.48	378.35
24	377.44	24.44	379.67	378	193.64	83.65	71.39	364.75	380.49	287.2	134.22	24.92	25.49	378.43
25	377.67	24.36	379.71	377.89	193.6	83.76	71.43	364.96	380.48	287.31	134.26	24.91	25.48	378.52
26	377.88	24.41	379.76	377.8	193.31	83.85	71.5	365.15	380.46	287.52	134.36	24.91	25.49	378.6
27	378.04	24.39	379.8	377.72	192.89	83.92	71.55	365.36	380.47	287.7	134.4	24.92	25.48	378.64
28	378.18	24.5	379.82	377.61	192.74	83.98	71.6	365.55	380.46	287.8	134.45	24.92	25.48	378.68
29	378.31	24.42	379.83	377.55	192.77	84.01	71.66	365.73	380.43	287.84	134.46	24.92	25.48	378.73
30	378.42	24.45	379.85	377.48	192.94	83.99	71.7	365.89	380.39	287.81	134.43	24.92	25.48	378.78
31	378.49	24.43	379.87	377.41	192.42	83.83	71.73	366.1	380.37	287.76	134.28	24.91	25.48	378.83
32	378.47	24.48	379.87	377.35	191.83	83.67	71.74	366.27	380.34	287.77	134.1	24.91	25.48	378.87
33	378.47	24.41	379.89	377.34	191.66	83.53	71.74	366.37	380.32	287.76	133.94	24.92	25.49	378.89
34	378.45	24.41	379.9	377.33	191.69	83.43	71.73	366.46	380.32	287.67	133.78	24.92	25.48	378.91
35	378.41	24.55	379.92	377.31	191.66	83.36	71.73	366.54	380.33	287.66	133.76	24.92	25.49	378.9
36	378.4	24.47	379.94	377.29	191.38	83.31	71.72	366.6	380.31	287.67	133.71	24.92	25.49	378.9
37	378.37	24.53	379.94	377.27	191.05	83.28	71.7	366.66	380.29	287.71	133.65	24.92	25.49	378.87
38	378.33	24.52	379.95	377.24	190.79	83.22	71.69	366.7	380.28	287.71	133.56	24.92	25.49	378.87
39	378.28	24.42	379.95	377.21	190.38	83.15	71.67	366.73	380.26	287.68	133.48	24.92	25.48	378.9
40	378.21	24.58	379.94	377.17	189.82	83.07	71.65	366.79	380.26	287.62	133.4	24.92	25.48	378.94
41	378.17	24.56	379.94	377.14	189.55	83	71.63	366.82	380.26	287.57	133.34	24.92	25.49	378.94
42	378.14	24.58	379.96	377.16	189.52	82.97	71.63	366.85	380.28	287.52	133.35	24.92	25.49	378.94
43	378.1	24.63	379.98	377.22	189.59	82.96	71.63	366.87	380.3	287.47	133.44	24.93	25.5	378.95
44	378.07	24.67	379.98	377.32	189.68	82.96	71.63	366.9	380.32	287.45	133.49	24.93	25.49	378.98
45	378.01	24.7	380	377.41	189.8	82.99	71.63	366.92	380.34	287.43	133.62	24.92	25.49	379
46	377.96	24.57	379.99	377.51	189.79	83	71.62	366.93	380.35	287.39	133.66	24.92	25.49	379.02
47	377.92	24.55	379.98	377.57	189.91	83.01	71.62	366.95	380.36	287.36	133.66	24.91	25.49	379
48	377.86	24.49	379.98	377.62	190.01	83.04	71.6	366.96	380.35	287.31	133.61	24.91	25.49	378.98
49	377.75	24.53	379.96	377.67	190.44	83.09	71.6	366.99	380.36	287.26	133.66	24.92	25.49	378.94
50	377.64	24.5	379.96	377.71	191.07	83.23	71.6	367.01	380.37	287.2	133.9	24.92	25.5	378.91
51	377.56	24.48	379.96	377.74	191.52	83.38	71.62	367.03	380.38	287.16	134.15	24.91	25.5	378.87
52	377.5	24.6	379.95	377.78	191.71	83.52	71.63	367.04	380.4	287.13	134.42	24.92	25.49	378.85
53	377.41	24.81	379.95	377.82	191.68	83.63	71.65	367.05	380.4	287.12	134.63	24.93	25.51	378.84
54	377.34	24.73	379.95	377.86	191.77	83.75	71.65	367.07	380.41	287.21	134.9	24.92	25.51	378.82
55	377.27	24.53	379.95	377.9	192.02	83.87	71.68	367.07	380.41	287.3	135.17	24.92	25.51	378.82
56	377.2	24.68	379.95	377.94	192.29	83.98	71.71	367.08	380.41	287.32	135.31	24.92	25.5	378.81
57	377.13	24.56	379.95	377.98	192.62	84.09	71.75	367.09	380.42	287.24	135.42	24.91	25.5	378.81
58	377.01	24.56	379.97	378.06	193.14	84.22	71.81	367.1	380.43	287.13	135.5	24.91	25.5	378.82
59	376.91	24.57	379.99	378.13	193.57	84.34	71.87	367.1	380.43	287.04	135.58	24.92	25.5	378.82
60	376.93	24.55	380	378.17	193.81	84.43	71.9	367.1	380.46	287	135.62	24.92	25.51	378.84
61	377.04	24.59	380.03	378.21	194.04	84.49	71.95	367.11	380.53	286.87	135.57	24.92	25.51	378.9
62	377.23	24.8	380.06	378.18	194.25	84.56	71.99	367.13	380.61	286.69	135.53	24.92	25.51	378.96
63	377.39	24.67	380.09	378.09	194.42	84.6	72.05	367.17	380.65	286.55	135.47	24.92	25.51	379.04
64	377.55	24.71	380.13	377.99	194.31	84.67	72.1	367.22	380.66	286.4	135.52	24.93	25.5	379.1
65	377.74	24.57	380.12	377.85	194.12	84.76	72.15	367.31	380.64	286.37	135.65	24.91	25.51	379.1
66	377.93	24.5	380.14	377.73	194.1	84.82	72.21	367.41	380.61	286.42	135.78	24.91	25.5	379.12
67	378.23	24.64	380.14	377.53	194.31	84.89	72.28	367.59	380.57	286.48	135.83	24.91	25.5	379.17
68	378.52	24.66	380.15	377.34	194.59	84.89	72.36	367.82	380.51	286.54	135.84	24.92	25.5	379.17
69	378.69	24.69	380.14	377.22	194.73	84.89	72.4	367.97	380.44	286.61	135.78	24.91	25.5	379.18
70	378.82	24.59	380.11	377.1	194.62	84.87	72.44	368.13	380.4	286.66	135.74	24.92	25.49	379.18
71	378.92	24.42	380.1	376.99	194.64	84.89	72.46	368.28	380.31	286.79	135.78	24.91	25.49	379.17
72	379	24.38	380.07	376.88	194.8	84.97	72.5	368.43	380.22	286.95	135.81	24.91	25.48	379.16
73	379.05	24.43	380.03	376.78	194.95	85.06	72.55	368.57	380.14	287.07	135.86	24.9	25.49	379.14
74	379.1	24.36	380	376.69	195.08	85.14	72.61	368.72	380.05	287.2	135.91	24.91	25.48	379.11
75	379.11	24.41	379.95	376.57	195.15	85.19	72.65	368.84	379.96	287.27	135.87	24.91	25.49	379.08
76	379.09	24.49	379.87	376.42	195.05	85.25	72.72	369.04	379.87	287.33	135.94	24.91	25.49	379.02
77	379.07	24.5	379.79	376.27	194.97	85.34	72.8	369.24	379.8	287.34	135.96	24.91	25.49	378.94
78	379.06	24.5	379.74	376.18	194.86	85.39	72.84	369.36	379.71	287.38	136.07	24.91	25.49	378.89
79	379.03	24.64	379.68	376.09	194.66	85.38	72.9	369.49	379.62	287.45	136.01	24.91	25.5	378.86
80	379	24.73	379.62	375.99	194.38	85.38	72.93	369.61	379.51	287.57	135.96	24.91	25.49	378.81
81	378.98	24.77	379.56	375.89	194.16	85.35	72.96	369.71	379.42	287.72	135.97	24.91	25.5	378.76
82	378.93	24.64	379.5	375.81	194.2	85.32	72.99	369.8	379.32	287.75	135.94	24.91	25.5	378.69
83	378.89	24.72	379.44	375.74	194.11	85.27	73.01	369.89	379.24	287.76	135.99	24.92	25.5	378.62
84	378.82	24.67	379.38	375.68	194.2	85.22	73.04	369.99	379.2	287.72	135.99	24.91	25.5	378.57
85	378.71	24.61	379.28	375.57	194.29	85.11	73.06	370.08	379.12	287.61	135.88	24.91	25.5	378.48
86	378.63	24.68	379.21	375.44	193.8	84.99	73.05	370.16	379.03	287.46	135.75	24.91	25.5	378.4
87	378.59	24.71	379.16	375.39	193.29	84.92	73.05	370.2	378.96	287.34	135.56	24.91	25.5	378.35
88	378.54	24.85	379.11	375.32	193.13	84.91	73.05	370.25	378.9	287.24	135.61	24.92	25.5	378.32
89	378.49	24.83	379.07	375.24	193.34	84.89	73.03	370.27	378.83	287	135.63	24.92	25.5	378.29
90	378.43	24.72	379.02	375.17	193.56	84.88	73.03	370.31	378.77	286.66	135.58	24.92	25.5	378.27
91	378.42	24.73	378.97	375.09	193.81	84.87	73.04	370.33	378.72	286.4	135.48	24.92	25.51	378.24
92	378.4	24.62	378.9	374.98	193.99	84.83	73.02	370.34	378.63	286.02	135.33	24.92	25.51	378.2
93	378.35	24.66	378.85	374.88	194.1	84.81	73.01	370.38	378.53	285.71	135.25	24.91	25.51	378.13
94	378.3	24.64	378.75	374.75	194.19	84.78	73.01	370.46	378.46	285.45	135.16	24.92	25.5	378.03
95	378.26	24.66	378.64	374.6	194.14	84.75	73	370.53	378.38	285.27	135.16	24.91	25.51	377.93
96	378.19	24.55	378.56	374.5	194.07	84.76	72.99	370.59	378.29	285.21	135.24	24.92	25.5	377.85
97	378.13	24.49	378.48	374.42	193.88	84.81	72.99	370.64	378.19	285.27	135.39	24.91	25.49	377.77
98	378.08	24.45	378.41	374.35	193.65	84.86	73	370.71	378.14	285.36	135.42	24.92	25.5	377.69
99	378.04	24.51	378.33	374.28	193.62	84.94	73	370.76	378.04	285.47	135.5	24.91	25.5	377.61
100	377.97	24.54	378.26	374.2	193.53	85.02	73.02	370.82	377.95	285.62	135.58	24.91	25.5	377.53
101	377.92	24.5	378.18	374.11	193.35	85.05	73.03	370.87	377.86	285.83	135.6	24.91	25.5	377.46
102	377.85	24.59	378.11	374.03	193	85.06	73.04	370.92	377.77	286.04	135.56	24.91	25.5	377.38
103	377.74	24.64	378.02	373.95	192.47	85.02	73.06	370.99	377.68	286.2	135.49	24.91	25.5	377.27
104	377.65	24.48	377.93	373.89	192.08	84.95	73.07	371.04	377.61	286.31	135.44	24.91	25.49	377.19
105	377.59	24.62	377.86	373.82	191.79	84.84	73.07	371.06	377.55	286.33	135.23	24.9	25.5	377.12
106	377.55	24.51	377.81	373.77	191.74	84.68	73.06	371.08	377.48	286.33	134.88	24.91	25.49	377.08
107	377.49	24.52	377.75	373.7	191.86	84.53	73.06	371.09	377.4	286.24	134.62	24.91	25.49	377.03
108	377.44	24.47	377.7	373.63	191.67	84.48	73.04	371.1	377.34	286.14	134.6	24.91	25.49	376.98
109	377.39	24.49	377.66	373.58	191.45	84.5	73.03	371.11	377.29	286.03	134.67	24.91	25.49	376.93
110	377.35	24.47	377.61	373.53	191.45	84.55	73.02	371.12	377.23	285.85	134.73	24.91	25.49	376.89
111	377.28	24.57	377.56	373.46	191.47	84.55	73.02	371.14	377.16	285.65	134.78	24.91	25.48	376.84
112	377.19	24.57	377.49	373.34	191.46	84.6	73.01	371.12	377.12	285.52	134.85	24.91	25.48	376.79
113	377.12	24.49	377.42	373.19	191.66	84.63	73	371.12	377.06	285.26	134.8	24.91	25.49	376.71
114	377.07	24.59	377.37	373.07	191.62	84.63	73	371.11	376.98	284.94	134.75	24.92	25.48	376.67
115	377.01	24.67	377.33	372.98	191.61	84.63	73	371.11	376.91	284.62	134.75	24.92	25.49	376.65
116	376.96	24.55	377.28	372.87	191.57	84.61	73	371.1	376.84	284.3	134.67	24.91	25.49	376.61
117	376.91	24.62	377.23	372.76	191.6	84.6	72.99	371.09	376.74	284.05	134.76	24.91	25.49	376.55
118	376.85	24.61	377.17	372.65	191.71	84.61	72.99	371.08	376.63	283.83	134.84	24.93	25.49	376.49
119	376.79	24.61	377.11	372.55	191.78	84.61	72.99	371.07	376.57	283.67	134.92	24.92	25.49	376.41
120	376.76	24.67	377.06	372.45	191.88	84.63	72.98	371.05	376.49	283.48	135.02	24.91	25.48	376.34
121	376.71	24.69	376.98	372.35	191.88	84.59	72.97	371.03	376.43	283.33	135.04	24.91	25.49	376.25
122	376.63	24.68	376.89	372.26	191.7	84.58	72.96	371.01	376.36	283.26	135.17	24.92	25.48	376.18
123	376.54	24.67	376.81	372.19	191.54	84.57	72.94	371	376.3	283.16	135.18	24.91	25.49	376.12
124	376.46	24.68	376.73	372.12	191.42	84.53	72.93	370.98	376.24	283.02	135.11	24.91	25.48	376.06
125	376.37	24.66	376.68	372.04	191.37	84.49	72.91	370.96	376.18	282.86	135.09	24.92	25.49	375.98
126	376.29	24.81	376.58	371.93	191.22	84.47	72.9	370.95	376.12	282.75	135.05	24.91	25.49	375.9
127	376.21	24.88	376.51	371.81	191.15	84.44	72.89	370.92	376.02	282.61	134.92	24.92	25.49	375.82
128	376.14	24.84	376.43	371.66	191.17	84.42	72.88	370.9	375.92	282.43	134.85	24.92	25.49	375.76
129	376.07	24.8	376.35	371.55	190.95	84.37	72.85	370.87	375.84	282.23	134.7	24.92	25.49	375.72
130	375.98	24.69	376.26	371.36	190.68	84.31	72.83	370.85	375.77	282.06	134.64	24.92	25.5	375.65
131	375.85	24.68	376.18	371.17	190.91	84.32	72.8	370.81	375.72	281.84	134.73	24.91	25.5	375.55
132	375.75	24.77	376.12	371.07	191.01	84.35	72.78	370.79	375.66	281.63	134.87	24.92	25.5	375.49
133	375.65	24.71	376.08	370.97	190.8	84.41	72.77	370.78	375.63	281.51	134.89	24.91	25.49	375.44
134	375.55	24.58	376.03	370.87	190.41	84.44	72.76	370.76	375.59	281.41	134.9	24.91	25.49	375.37
135	375.47	24.47	375.99	370.8	190.01	84.44	72.72	370.73	375.55	281.3	134.94	24.91	25.48	375.32
136	375.37	24.53	375.94	370.74	189.8	84.41	72.71	370.72	375.52	281.21	134.87	24.92	25.47	375.26
137	375.29	24.42	375.89	370.69	189.78	84.35	72.67	370.7	375.48	281.09	134.77	24.91	25.47	375.23
138	375.2	24.41	375.85	370.65	190.01	84.27	72.65	370.68	375.45	280.97	134.86	24.91	25.45	375.16
139	375.06	24.42	375.76	370.58	190.6	84.17	72.61	370.64	375.41	280.81	134.94	24.92	25.45	375.06
140	374.92	24.43	375.67	370.5	190.94	84.12	72.58	370.61	375.37	280.67	134.89	24.91	25.45	374.97
141	374.86	24.45	375.62	370.44	190.99	84.06	72.56	370.59	375.32	280.42	134.8	24.91	25.45	374.92
142	374.81	24.41	375.59	370.32	190.81	84.02	72.54	370.57	375.26	280.2	134.69	24.92	25.46	374.87
143	374.76	24.42	375.54	370.15	190.51	83.96	72.51	370.55	375.19	280.09	134.64	24.91	25.46	374.81
144	374.71	24.41	375.51	369.98	190.26	83.87	72.48	370.53	375.12	280.04	134.59	24.91	25.46	374.77
145	374.67	24.5	375.44	369.78	189.9	83.79	72.42	370.51	375.03	279.95	134.58	24.9	25.46	374.71
146	374.65	24.53	375.34	369.6	189.55	83.77	72.39	370.5	374.94	279.87	134.6	24.91	25.47	374.67
147	374.66	24.41	375.27	369.46	189.48	83.8	72.37	370.49	374.87	279.8	134.57	24.91	25.46	374.62
148	374.68	24.57	375.19	369.31	189.82	83.92	72.34	370.46	374.77	279.63	134.43	24.91	25.47	374.53
149	374.67	24.56	375.11	369.26	189.91	84.01	72.33	370.45	374.66	279.41	134.23	24.91	25.47	374.43
150	374.65	24.47	375.04	369.27	189.91	84.06	72.34	370.45	374.57	279.25	134.09	24.9	25.47	374.36
151	374.63	24.62	374.98	369.29	189.95	84.15	72.35	370.45	374.49	279.13	134.07	24.9	25.48	374.31
152	374.61	24.46	374.91	369.32	189.8	84.22	72.36	370.43	374.4	279.06	134.16	24.9	25.48	374.23
153	374.6	24.42	374.85	369.34	189.57	84.32	72.38	370.44	374.32	279.07	134.23	24.91	25.48	374.17
154	374.58	24.55	374.79	369.37	189.05	84.39	72.39	370.43	374.27	279.14	134.18	24.91	25.49	374.09
155	374.56	24.51	374.71	369.41	188.37	84.43	72.4	370.43	374.21	279.3	133.94	24.92	25.47	374.03
156	374.54	24.55	374.65	369.46	187.81	84.44	72.41	370.42	374.13	279.44	133.75	24.91	25.45	373.97
157	374.5	24.56	374.55	369.51	187.62	84.53	72.44	370.42	374.07	279.57	133.8	24.91	25.46	373.87
158	374.47	24.51	374.44	369.53	187.74	84.69	72.48	370.41	373.99	279.69	133.99	24.91	25.46	373.77
159	374.44	24.55	374.38	369.53	187.95	84.81	72.51	370.4	373.89	279.84	134.19	24.91	25.45	373.7
160	374.41	24.47	374.31	369.53	188.34	84.93	72.56	370.39	373.8	279.91	134.21	24.92	25.46	373.65
161	374.35	24.38	374.22	369.52	188.74	85	72.62	370.39	373.73	279.88	134.17	24.9	25.45	373.57
162	374.3	24.44	374.14	369.52	189.04	85.02	72.68	370.37	373.66	279.77	134	24.91	25.46	373.51
163	374.27	24.36	374.08	369.52	189.22	85.05	72.75	370.36	373.57	279.68	133.97	24.91	25.46	373.45
164	374.23	24.42	374.01	369.52	189.35	85.08	72.83	370.35	373.51	279.53	133.83	24.91	25.46	373.39
165	374.17	24.53	373.94	369.51	189.44	85.09	72.89	370.34	373.43	279.31	133.64	24.91	25.46	373.3
166	374.1	24.38	373.84	369.45	189.44	85.07	72.95	370.32	373.36	279.07	133.41	24.91	25.46	373.21
167	374.02	24.42	373.75	369.39	189.39	85.03	72.98	370.3	373.28	278.82	133.23	24.91	25.46	373.13
168	373.96	24.46	373.69	369.35	189.29	85	73	370.29	373.24	278.71	133.25	24.91	25.46	373.07
169	373.91	24.52	373.64	369.32	189.13	84.94	73.02	370.3	373.18	278.6	133.14	24.91	25.46	373.01
170	373.86	24.66	373.59	369.29	188.99	84.87	73.03	370.29	373.12	278.48	132.93	24.91	25.47	372.97
171	373.8	24.5	373.56	369.25	188.74	84.81	73.04	370.28	373.05	278.42	132.89	24.91	25.47	372.93
172	373.75	24.51	373.51	369.18	188.65	84.74	73.03	370.25	372.99	278.37	132.89	24.92	25.48	372.89
173	373.69	24.52	373.46	369.12	188.37	84.66	73.01	370.23	372.92	278.35	133.01	24.91	25.48	372.85
174	373.65	24.56	373.42	369.06	188.1	84.61	72.99	370.2	372.88	278.38	133.13	24.91	25.47	372.81
175	373.6	24.51	373.36	368.99	187.67	84.46	72.92	370.18	372.84	278.39	133.06	24.91	25.46	372.77
176	373.53	24.41	373.3	368.89	187.08	84.23	72.86	370.14	372.79	278.42	132.86	24.91	25.45	372.71
177	373.49	24.48	373.26	368.85	186.93	84.07	72.82	370.12	372.76	278.44	132.64	24.91	25.45	372.67
178	373.44	24.57	373.22	368.78	187.07	83.91	72.79	370.08	372.7	278.41	132.58	24.92	25.45	372.65
179	373.41	24.48	373.18	368.72	187.08	83.75	72.76	370.06	372.64	278.35	132.4	24.92	25.45	372.61
180	373.38	24.52	373.16	368.66	187.17	83.64	72.74	370.03	372.6	278.11	132.23	24.91	25.45	372.6
181	373.34	24.49	373.12	368.58	187.14	83.56	72.72	370.01	372.54	277.84	131.98	24.91	25.46	372.57
182	373.3	24.44	373.08	368.46	187.05	83.47	72.68	369.98	372.49	277.64	131.75	24.92	25.45	372.55
183	373.26	24.49	373.02	368.36	186.87	83.38	72.63	369.97	372.42	277.41	131.55	24.91	25.45	372.51
184	373.15	24.57	372.95	368.21	186.94	83.29	72.55	369.93	372.35	277.26	131.5	24.91	25.46	372.46
185	373.06	24.53	372.84	368.1	187	83.2	72.48	369.91	372.26	277.1	131.44	24.91	25.47	372.37
186	372.99	24.61	372.75	368.02	187.07	83.14	72.43	369.88	372.17	276.93	131.51	24.91	25.47	372.28
187	372.93	24.5	372.67	367.94	187.06	83.11	72.37	369.85	372.11	276.81	131.53	24.9	25.47	372.2
188	372.87	24.58	372.62	367.89	187	83.05	72.31	369.82	372.06	276.67	131.4	24.91	25.48	372.13
189	372.81	24.44	372.57	367.84	186.82	82.98	72.25	369.79	372.04	276.56	131.3	24.91	25.48	372.05
190	372.75	24.35	372.51	367.77	186.74	82.87	72.17	369.77	371.98	276.39	131.23	24.91	25.46	371.97
191	372.69	24.26	372.45	367.66	186.53	82.8	72.08	369.73	371.9	276.22	131.25	24.91	25.45	371.91
192	372.63	24.28	372.38	367.54	186.13	82.74	72	369.7	371.79	276.12	131.32	24.9	25.45	371.86
193	372.56	24.22	372.29	367.36	186.05	82.76	71.9	369.64	371.68	276.01	131.55	24.9	25.43	371.75
194	372.5	24.28	372.24	367.14	186.12	82.88	71.82	369.58	371.58	275.93	131.77	24.91	25.44	371.65
195	372.46	24.21	372.22	366.99	186.32	83.03	71.79	369.55	371.51	275.89	132.08	24.91	25.43	371.6
196	372.43	24.3	372.19	366.85	186.6	83.19	71.79	369.52	371.47	275.85	132.27	24.91	25.44	371.57
197	372.4	24.28	372.14	366.74	186.71	83.29	71.79	369.48	371.39	275.75	132.25	24.91	25.44	371.55
198	372.37	24.4	372.08	366.6	186.54	83.35	71.78	369.45	371.29	275.68	132.17	24.91	25.45	371.52
199	372.34	24.33	372.05	366.54	186.22	83.4	71.78	369.42	371.21	275.63	132.11	24.91	25.44	371.51
200	372.28	24.29	371.99	366.5	186.02	83.42	71.77	369.38	371.16	275.61	132.15	24.91	25.44	371.47
201	372.21	24.37	371.95	366.48	186.18	83.47	71.76	369.34	371.12	275.56	132.29	24.9	25.45	371.45
202	372.13	24.32	371.87	366.43	186.64	83.58	71.76	369.29	371.08	275.46	132.4	24.9	25.44	371.39
203	372.06	24.34	371.8	366.4	186.97	83.72	71.77	369.25	371.05	275.38	132.46	24.91	25.45	371.31
204	372.01	24.23	371.76	366.38	186.99	83.8	71.8	369.21	371.05	275.28	132.59	24.9	25.43	371.27
205	371.97	24.32	371.72	366.36	186.58	83.8	71.8	369.17	371.04	275.22	132.51	24.9	25.44	371.22
206	371.92	24.36	371.69	366.33	186.15	83.71	71.81	369.14	371.03	275.19	132.29	24.9	25.44	371.15
207	371.86	24.37	371.65	366.28	185.76	83.57	71.8	369.1	371	275.14	132.02	24.91	25.44	371.06
208	371.79	24.45	371.61	366.2	185.32	83.43	71.78	369.06	370.98	275.09	131.83	24.91	25.44	370.98
209	371.71	24.42	371.56	366.1	185.08	83.3	71.76	369.03	370.93	275.01	131.7	24.91	25.43	370.89
210	371.63	24.51	371.51	365.97	184.88	83.2	71.75	369	370.91	274.98	131.61	24.91	25.44	370.84
211	371.51	24.41	371.43	365.65	184.65	83.1	71.69	368.94	370.89	274.89	131.59	24.91	25.45	370.75
212	371.36	24.41	371.34	365.18	184.57	83.09	71.64	368.89	370.86	274.81	131.63	24.92	25.44	370.65
213	371.29	24.46	371.27	364.86	184.8	83.15	71.63	368.85	370.82	274.75	131.84	24.91	25.44	370.59
214	371.23	24.28	371.21	364.58	184.96	83.23	71.63	368.83	370.78	274.71	132.07	24.91	25.44	370.53
215	371.15	24.4	371.14	364.33	185.01	83.3	71.61	368.79	370.72	274.65	132.17	24.92	25.44	370.47
216	371.1	24.55	371.1	364.09	185.07	83.32	71.61	368.75	370.68	274.52	132.07	24.92	25.45	370.41
217	371.04	24.57	371.05	363.82	185.15	83.27	71.6	368.71	370.63	274.4	131.92	24.92	25.45	370.33
218	370.96	24.46	371	363.55	185.23	83.2	71.6	368.68	370.54	274.19	131.87	24.91	25.44	370.27
219	370.92	24.45	370.94	363.32	185.25	83.13	71.59	368.63	370.45	274.03	131.95	24.91	25.43	370.2
220	370.83	24.5	370.85	363.09	185.37	83.01	71.59	368.58	370.34	273.89	131.95	24.91	25.44	370.11
221	370.77	24.48	370.74	362.93	185.67	82.95	71.59	368.52	370.22	273.75	131.93	24.92	25.44	370.04
222	370.72	24.3	370.65	362.83	185.8	82.89	71.59	368.49	370.11	273.56	131.83	24.9	25.44	369.98
223	370.67	24.49	370.57	362.73	185.67	82.85	71.58	368.45	370	273.38	131.71	24.92	25.45	369.93
224	370.64	24.31	370.49	362.64	185.58	82.79	71.58	368.42	369.94	273.26	131.56	24.91	25.45	369.88
225	370.59	24.4	370.4	362.56	185.42	82.71	71.56	368.39	369.82	273.06	131.23	24.91	25.44	369.83
226	370.54	24.48	370.31	362.48	185.36	82.63	71.53	368.34	369.73	272.87	131.01	24.91	25.45	369.77
227	370.49	24.5	370.24	362.41	185.2	82.56	71.5	368.31	369.6	272.76	130.94	24.92	25.45	369.71
228	370.43	24.55	370.18	362.36	185.27	82.56	71.46	368.27	369.48	272.68	130.93	24.91	25.45	369.65
229	370.35	24.59	370.1	362.25	185.22	82.54	71.41	368.21	369.37	272.6	130.96	24.92	25.45	369.56
230	370.26	24.65	370	362.12	184.72	82.53	71.36	368.15	369.27	272.52	131.01	24.92	25.45	369.46
231	370.2	24.76	369.95	362.04	184.25	82.56	71.35	368.12	369.2	272.49	131.05	24.91	25.45	369.42
232	370.15	24.7	369.86	362.01	184.27	82.59	71.32	368.08	369.1	272.39	131.19	24.92	25.46	369.38
233	370.07	24.7	369.76	361.98	184.32	82.61	71.3	368.03	368.99	272.31	131.19	24.93	25.46	369.32
234	370	24.72	369.66	362	183.98	82.59	71.28	368	368.9	272.34	131.06	24.92	25.46	369.2
235	369.96	24.62	369.59	362.1	183.72	82.55	71.26	367.96	368.81	272.4	130.96	24.92	25.46	369.08
236	369.91	24.61	369.53	362.26	183.5	82.54	71.25	367.93	368.75	272.49	131.06	24.92	25.47	368.98
237	369.86	24.52	369.48	362.44	183.5	82.57	71.23	367.89	368.71	272.51	131.06	24.92	25.47	368.91
238	369.77	24.64	369.4	362.71	183.71	82.63	71.23	367.82	368.69	272.5	131.03	24.93	25.47	368.83
239	369.69	24.69	369.32	362.95	184.06	82.75	71.24	367.76	368.65	272.48	131.1	24.93	25.47	368.75
240	369.65	24.71	369.28	363.1	183.86	82.87	71.27	367.71	368.6	272.51	131.17	24.92	25.47	368.7
241	369.61	24.75	369.23	363.23	183.66	82.95	71.3	367.66	368.57	272.64	131.17	24.92	25.47	368.67
242	369.57	24.72	369.2	363.37	183.78	83.06	71.34	367.63	368.53	272.76	131.24	24.93	25.47	368.62
243	369.53	24.63	369.13	363.46	183.82	83.16	71.36	367.58	368.48	272.9	131.32	24.92	25.47	368.57
244	369.5	24.68	369.09	363.55	183.86	83.23	71.4	367.54	368.42	273.03	131.34	24.92	25.47	368.54
245	369.46	24.7	369.04	363.62	183.69	83.3	71.43	367.5	368.38	273.16	131.33	24.93	25.46	368.49
246	369.42	24.63	369	363.71	183.56	83.37	71.46	367.45	368.34	273.4	131.4	24.93	25.46	368.44
247	369.35	24.59	368.9	363.79	183.51	83.49	71.5	367.39	368.28	273.71	131.55	24.91	25.46	368.36
248	369.28	24.6	368.82	363.85	183.64	83.58	71.54	367.32	368.23	274.06	131.69	24.92	25.46	368.27
249	369.23	24.73	368.77	363.87	183.79	83.63	71.56	367.27	368.18	274.36	131.75	24.92	25.47	368.23
250	369.18	24.66	368.72	363.88	184.17	83.67	71.61	367.24	368.11	274.54	131.78	24.93	25.47	368.18
251	369.13	24.72	368.66	363.9	184.62	83.69	71.65	367.19	368.06	274.62	131.69	24.93	25.48	368.13
252	369.08	24.58	368.61	363.93	184.99	83.72	71.69	367.15	368.01	274.6	131.58	24.93	25.47	368.09
253	369.03	24.61	368.54	363.92	185.24	83.75	71.74	367.1	367.96	274.56	131.46	24.93	25.47	368.02
254	368.97	24.65	368.49	363.92	185.38	83.82	71.79	367.06	367.9	274.53	131.38	24.93	25.47	367.97
255	368.93	24.66	368.43	363.91	185.45	83.86	71.83	367.01	367.88	274.51	131.36	24.92	25.47	367.9
256	368.85	24.6	368.35	363.92	185.27	83.95	71.89	366.95	367.83	274.59	131.39	24.92	25.47	367.84
257	368.82	24.46	368.32	363.92	185.1	83.98	71.91	366.93	367.77	274.74	131.49	24.92	25.46	367.81
258	368.72	24.48	368.21	363.89	184.64	84.05	71.98	366.83	367.73	274.97	131.53	24.92	25.45	367.7
259	368.66	24.48	368.16	363.87	184.49	84.07	72.01	366.79	367.7	275.07	131.48	24.92	25.45	367.64
260	368.63	24.49	368.12	363.84	184.36	84.07	72.03	366.75	367.66	275.15	131.36	24.92	25.44	367.59
261	368.57	24.41	368.08	363.83	184.27	84.04	72.05	366.71	367.61	275.21	131.25	24.92	25.44	367.55
262	368.52	24.5	368.04	363.82	184	84	72.07	366.66	367.59	275.23	131.15	24.93	25.44	367.51
263	368.47	24.63	368.01	363.79	183.64	83.94	72.09	366.62	367.54	275.24	131	24.92	25.44	367.46
264	368.42	24.53	367.94	363.75	183.3	83.74	72.09	366.56	367.49	275.2	130.77	24.92	25.43	367.42
265	368.36	24.45	367.88	363.71	183.22	83.45	72.07	366.49	367.46	275.11	130.31	24.93	25.43	367.36
266	368.33	24.43	367.83	363.65	183.3	83.29	72.05	366.46	367.43	275.02	130.06	24.92	25.43	367.34
267	368.29	24.58	367.79	363.59	183.5	83.14	72.03	366.43	367.38	274.85	129.92	24.92	25.43	367.29
268	368.27	24.61	367.77	363.54	183.61	83.01	72	366.38	367.33	274.65	129.77	24.92	25.43	367.26
269	368.24	24.53	367.75	363.49	183.7	82.95	71.98	366.35	367.29	274.45	129.84	24.92	25.42	367.23
270	368.21	24.58	367.73	363.44	183.54	82.96	71.95	366.32	367.26	274.27	129.96	24.92	25.42	367.21
271	368.16	24.62	367.68	363.36	183.29	82.99	71.94	366.28	367.21	274.1	130.07	24.92	25.42	367.18
272	368.11	24.27	367.62	363.28	183.38	83.06	71.94	366.25	367.13	273.9	130.11	24.91	25.42	367.13
273	368.03	24.47	367.54	363.19	183.29	83.12	71.92	366.2	367.07	273.79	130.1	24.92	25.43	367.05
274	367.9	24.46	367.42	363.09	183.1	83.2	71.92	366.15	367	273.64	130.23	24.92	25.43	366.89
275	367.79	24.44	367.32	362.98	183.38	83.34	71.92	366.08	366.94	273.53	130.45	24.92	25.42	366.76
276	367.72	24.52	367.27	362.91	183.78	83.42	71.95	366.04	366.86	273.35	130.52	24.92	25.42	366.69
277	367.64	24.5	367.2	362.83	184.13	83.47	71.96	365.99	366.77	273.17	130.51	24.91	25.42	366.61
278	367.59	24.53	367.13	362.78	184.33	83.49	71.98	365.94	366.7	272.98	130.46	24.92	25.42	366.55
279	367.54	24.52	367.08	362.74	184.52	83.56	72	365.91	366.63	272.84	130.54	24.92	25.42	366.5
280	367.49	24.77	367.03	362.68	184.63	83.65	72.01	365.85	366.59	272.82	130.67	24.92	25.43	366.45
281	367.43	24.64	366.98	362.6	184.58	83.76	72.03	365.81	366.52	272.82	130.84	24.92	25.43	366.39
282	367.34	24.85	366.89	362.52	184.72	83.89	72.07	365.73	366.46	272.85	131.01	24.93	25.44	366.31
283	367.26	24.65	366.81	362.43	184.87	83.94	72.1	365.66	366.41	272.84	131.13	24.93	25.43	366.26
284	367.22	24.49	366.78	362.39	184.7	83.98	72.12	365.63	366.35	272.87	131.28	24.92	25.43	366.21
285	367.18	24.52	366.73	362.34	184.59	84.02	72.14	365.58	366.33	272.93	131.42	24.93	25.43	366.18
286	367.14	24.57	366.7	362.27	184.46	84.05	72.16	365.54	366.28	272.97	131.53	24.93	25.43	366.14
287	367.1	24.73	366.66	362.22	184.42	84.05	72.19	365.5	366.27	272.97	131.54	24.94	25.44	366.1
288	367.07	24.66	366.64	362.19	184.48	84	72.19	365.47	366.22	272.97	131.5	24.94	25.44	366.08
289	367.04	24.42	366.58	362.13	184.46	83.88	72.21	365.43	366.17	272.92	131.38	24.94	25.44	366.05
290	367.01	24.38	366.55	362.07	184.3	83.78	72.2	365.39	366.09	272.84	131.28	24.93	25.43	366.03
291	366.99	24.4	366.51	361.99	184.28	83.71	72.21	365.35	366.01	272.77	131.37	24.93	25.43	366.01
292	366.96	24.4	366.48	361.86	184.47	83.63	72.21	365.31	365.95	272.74	131.39	24.93	25.43	365.99
293	366.91	24.45	366.39	361.69	184.58	83.54	72.2	365.25	365.89	272.76	131.47	24.92	25.43	365.95
294	366.87	24.36	366.32	361.59	184.79	83.51	72.19	365.21	365.84	272.76	131.49	24.93	25.43	365.89
295	366.81	24.42	366.26	361.51	184.84	83.52	72.19	365.17	365.77	272.74	131.6	24.93	25.43	365.82
296	366.74	24.54	366.19	361.46	185.05	83.57	72.19	365.14	365.7	272.74	131.77	24.93	25.43	365.73
297	366.67	24.57	366.12	361.4	185.17	83.62	72.2	365.09	365.62	272.77	131.86	24.93	25.43	365.66
298	366.59	24.56	366.05	361.37	185.17	83.69	72.22	365.04	365.54	272.81	131.99	24.93	25.43	365.55
299	366.5	24.52	365.97	361.32	184.98	83.69	72.23	364.98	365.45	272.85	131.88	24.93	25.44	365.45
300	366.41	24.47	365.89	361.25	184.75	83.59	72.22	364.93	365.39	272.86	131.63	24.94	25.44	365.35
301	366.31	24.37	365.8	361.19	184.64	83.41	72.22	364.85	365.35	272.83	131.47	24.94	25.43	365.25
302	366.22	24.5	365.72	361.14	184.55	83.31	72.21	364.79	365.3	272.77	131.36	24.94	25.44	365.16
303	366.15	24.42	365.67	361.09	184.51	83.28	72.18	364.74	365.23	272.7	131.34	24.93	25.43	365.11
304	366.12	24.45	365.62	361.06	184.57	83.25	72.16	364.71	365.17	272.65	131.29	24.93	25.43	365.07
305	366.08	24.43	365.58	361.01	184.35	83.21	72.15	364.67	365.12	272.6	131.19	24.93	25.43	365.03
306	366.05	24.34	365.53	360.97	184.14	83.11	72.12	364.63	365.04	272.54	130.94	24.93	25.43	365
307	366.01	24.45	365.5	360.91	184.07	83.01	72.08	364.58	364.98	272.44	130.86	24.93	25.43	364.98
308	365.98	24.4	365.47	360.84	183.85	82.96	72.04	364.54	364.95	272.36	130.84	24.93	25.44	364.96
309	365.94	24.38	365.43	360.73	183.79	82.9	72.01	364.51	364.87	272.17	130.74	24.93	25.43	364.93
310	365.89	24.42	365.36	360.59	183.77	82.83	71.96	364.45	364.79	272.03	130.71	24.92	25.42	364.89
311	365.82	24.57	365.26	360.48	183.86	82.88	71.91	364.38	364.7	271.96	130.85	24.93	25.43	364.82
312	365.75	24.61	365.19	360.41	184.13	82.92	71.88	364.34	364.6	271.89	131.01	24.94	25.44	364.73
313	365.68	24.57	365.13	360.37	184.38	82.98	71.87	364.31	364.53	271.82	131.07	24.93	25.43	364.64
314	365.61	24.67	365.05	360.31	184.34	82.96	71.85	364.26	364.46	271.7	130.89	24.93	25.43	364.56
315	365.54	24.62	364.99	360.26	183.95	82.87	71.84	364.22	364.42	271.63	130.77	24.93	25.43	364.49
316	365.47	24.57	364.93	360.23	183.66	82.81	71.81	364.18	364.37	271.64	130.76	24.93	25.44	364.42
317	365.41	24.47	364.87	360.2	183.36	82.74	71.78	364.12	364.29	271.69	130.65	24.92	25.43	364.36
318	365.3	24.42	364.77	360.15	183.28	82.69	71.75	364.05	364.23	271.72	130.62	24.93	25.44	364.24
319	365.23	24.62	364.68	360.1	183.45	82.76	71.73	363.97	364.18	271.79	130.78	24.93	25.45	364.12
320	365.17	24.41	364.62	360.07	183.6	82.86	71.73	363.93	364.11	271.92	130.94	24.93	25.44	364.07
321	365.11	24.63	364.57	360.05	183.71	83	71.74	363.88	364.05	272.07	131.08	24.94	25.45	364.03
322	365.06	24.39	364.51	360.04	183.59	83.15	71.75	363.82	364.01	272.18	131.22	24.93	25.44	363.99
323	365.01	24.41	364.45	360	183.64	83.26	71.77	363.76	363.95	272.27	131.3	24.93	25.44	363.93
324	364.95	24.54	364.38	359.97	183.73	83.26	71.78	363.71	363.89	272.27	131.24	24.94	25.45	363.88
325	364.91	24.54	364.34	359.96	183.7	83.25	71.79	363.66	363.85	272.25	131.22	24.94	25.45	363.83
326	364.87	24.71	364.29	359.94	183.47	83.25	71.8	363.61	363.81	272.31	131.27	24.94	25.46	363.8
327	364.79	24.62	364.23	359.89	183.53	83.24	71.8	363.53	363.77	272.31	131.2	24.94	25.45	363.73
328	364.72	24.65	364.18	359.84	183.68	83.16	71.81	363.46	363.72	272.23	131.07	24.94	25.45	363.68
329	364.69	24.7	364.16	359.81	183.76	83.07	71.81	363.42	363.7	272.17	131.07	24.94	25.45	363.65
330	364.64	24.54	364.13	359.78	183.87	82.98	71.8	363.38	363.66	271.98	130.9	24.94	25.45	363.63
331	364.6	24.55	364.09	359.74	183.95	82.94	71.77	363.33	363.62	271.74	130.81	24.94	25.45	363.6
332	364.59	24.49	364.05	359.7	184.05	82.94	71.77	363.3	363.57	271.47	130.8	24.93	25.44	363.58
333	364.54	24.5	364.01	359.63	184.14	82.97	71.76	363.25	363.5	271.2	130.84	24.94	25.46	363.54
334	364.5	24.47	363.96	359.54	184.3	83.03	71.77	363.21	363.43	270.95	130.95	24.94	25.45	363.51
335	364.47	24.56	363.91	359.45	184.36	83.11	71.78	363.18	363.34	270.77	131.05	24.94	25.45	363.47
336	364.43	24.51	363.84	359.36	184.24	83.2	71.8	363.14	363.28	270.7	131.15	24.94	25.46	363.39
337	364.34	24.6	363.75	359.22	184.29	83.34	71.84	363.08	363.22	270.66	131.3	24.94	25.45	363.27
338	364.24	24.64	363.68	359.13	184.66	83.43	71.88	363.01	363.16	270.58	131.38	24.94	25.45	363.18
339	364.17	24.44	363.62	359.06	184.85	83.43	71.92	362.95	363.1	270.43	131.27	24.93	25.45	363.1
340	364.09	24.52	363.55	358.99	185	83.44	71.93	362.91	363.04	270.32	131.15	24.94	25.46	363.02
341	364.03	24.66	363.5	358.92	184.95	83.45	71.96	362.86	362.99	270.23	131.03	24.95	25.45	362.96
342	363.98	24.58	363.45	358.86	184.53	83.45	71.97	362.8	362.92	270.19	130.93	24.94	25.46	362.92
343	363.93	24.7	363.4	358.81	183.92	83.41	71.97	362.76	362.88	270.21	130.8	24.95	25.45	362.87
344	363.89	24.64	363.36	358.77	183.25	83.35	71.98	362.71	362.82	270.25	130.64	24.95	25.46	362.85
345	363.82	24.61	363.3	358.73	182.73	83.29	71.97	362.63	362.77	270.27	130.52	24.94	25.45	362.78
346	363.78	24.64	363.25	358.66	182.9	83.31	71.95	362.57	362.71	270.22	130.61	24.94	25.45	362.74
347	363.73	24.56	363.21	358.59	183.12	83.35	71.96	362.52	362.65	270.12	130.75	24.94	25.45	362.7
348	363.71	24.56	363.17	358.54	183.31	83.42	71.96	362.48	362.57	270.01	130.88	24.94	25.45	362.67
349	363.68	24.39	363.14	358.5	183.44	83.52	71.97	362.45	362.49	269.94	131.05	24.93	25.44	362.66
350	363.65	24.49	363.11	358.44	183.52	83.53	71.98	362.42	362.45	269.91	130.94	24.95	25.45	362.64
351	363.63	24.58	363.07	358.37	183.48	83.48	71.98	362.38	362.38	269.88	130.7	24.94	25.45	362.63
352	363.6	24.6	363.03	358.29	183.54	83.47	71.98	362.34	362.31	269.82	130.72	24.94	25.44	362.61
353	363.58	24.69	363.01	358.21	183.54	83.43	71.99	362.32	362.23	269.69	130.67	24.95	25.45	362.6
354	363.57	24.53	362.97	358.1	183.23	83.4	71.99	362.28	362.16	269.6	130.51	24.94	25.44	362.59
355	363.53	24.5	362.9	357.98	182.93	83.29	71.97	362.23	362.1	269.51	130.35	24.94	25.43	362.56
356	363.47	24.53	362.86	357.83	182.96	83.19	71.97	362.18	362.06	269.34	130.29	24.94	25.44	362.52
357	363.45	24.57	362.86	357.72	183.11	83.13	71.95	362.14	362.04	269.21	130.33	24.94	25.44	362.49
358	363.41	24.61	362.82	357.64	183.27	83.04	71.92	362.1	362.01	269.07	130.42	24.95	25.44	362.46
359	363.38	24.72	362.82	357.57	183.2	82.91	71.9	362.07	361.99	268.88	130.33	24.94	25.43	362.43
360	363.35	24.72	362.79	357.51	182.81	82.8	71.85	362.03	361.92	268.78	130.19	24.94	25.44	362.41
361	363.24	24.67	362.72	357.44	182.36	82.69	71.82	362	361.83	268.69	130.06	24.95	25.44	362.36
362	363.13	24.71	362.63	357.38	181.92	82.61	71.77	361.94	361.78	268.64	130.01	24.94	25.43	362.25
363	363	24.52	362.5	357.31	181.68	82.61	71.72	361.86	361.73	268.56	129.93	24.93	25.43	362.06
364	362.89	24.56	362.37	357.24	181.85	82.64	71.68	361.78	361.69	268.51	129.99	24.94	25.44	361.89
365	362.81	24.44	362.29	357.2	181.88	82.66	71.66	361.72	361.63	268.43	130.04	24.94	25.43	361.78
366	362.74	24.63	362.22	357.18	181.89	82.72	71.63	361.67	361.57	268.39	130.14	24.94	25.44	361.68
367	362.66	24.54	362.15	357.15	181.98	82.72	71.61	361.61	361.51	268.35	130.13	24.94	25.43	361.6
368	362.6	24.54	362.08	357.1	181.78	82.69	71.61	361.55	361.46	268.34	130.06	24.94	25.44	361.53
369	362.55	24.54	362.01	357.06	181.41	82.66	71.59	361.5	361.39	268.4	129.99	24.94	25.44	361.49
370	362.5	24.6	361.95	357.02	181.23	82.62	71.57	361.45	361.33	268.49	130.02	24.94	25.44	361.43
371	362.45	24.68	361.91	357.01	181.16	82.62	71.55	361.4	361.31	268.54	130.02	24.94	25.43	361.39
372	362.38	24.67	361.85	356.98	181.52	82.67	71.55	361.32	361.26	268.52	130.1	24.94	25.44	361.33
373	362.33	24.72	361.8	356.94	181.94	82.75	71.55	361.25	361.22	268.42	130.18	24.95	25.43	361.28
374	362.3	24.64	361.77	356.93	182.12	82.78	71.56	361.21	361.2	268.25	130.21	24.94	25.43	361.24
375	362.26	24.67	361.73	356.9	182.12	82.72	71.56	361.17	361.18	268.11	129.98	24.94	25.43	361.22
376	362.24	24.65	361.68	356.86	182.02	82.65	71.55	361.14	361.13	267.96	129.78	24.94	25.44	361.2
377	362.21	24.65	361.65	356.76	182.07	82.61	71.54	361.1	361.06	267.8	129.75	24.94	25.44	361.17
378	362.19	24.59	361.6	356.67	182.29	82.65	71.51	361.06	360.98	267.7	129.85	24.94	25.44	361.14
379	362.14	24.62	361.54	356.52	182.53	82.69	71.49	361.02	360.87	267.54	129.9	24.94	25.44	361.08
380	362.08	24.77	361.48	356.43	182.73	82.68	71.49	360.99	360.77	267.35	129.86	24.94	25.44	360.99
381	362.03	24.71	361.42	356.35	182.8	82.61	71.47	360.93	360.71	267.17	129.63	24.94	25.44	360.89
382	361.93	24.67	361.33	356.27	182.71	82.44	71.43	360.86	360.65	267.02	129.49	24.94	25.43	360.79
383	361.84	24.84	361.25	356.2	182.38	82.28	71.4	360.79	360.6	266.92	129.35	24.95	25.44	360.73
384	361.77	24.81	361.19	356.14	182.24	82.18	71.34	360.74	360.55	266.83	129.27	24.95	25.45	360.68
385	361.72	24.81	361.14	356.09	182.05	82.12	71.31	360.7	360.53	266.76	129.21	24.94	25.44	360.64
386	361.66	24.87	361.09	356.06	181.52	82.02	71.26	360.65	360.47	266.71	129.04	24.94	25.44	360.6
387	361.62	24.76	361.04	356	181.03	81.9	71.23	360.6	360.41	266.67	128.83	24.95	25.44	360.55
388	361.57	24.72	361.01	355.95	180.72	81.77	71.18	360.56	360.33	266.68	128.62	24.94	25.44	360.51
389	361.51	24.77	360.95	355.88	180.5	81.63	71.12	360.51	360.26	266.7	128.55	24.93	25.44	360.45
390	361.42	24.69	360.81	355.81	180.37	81.58	71.03	360.46	360.2	266.78	128.68	24.94	25.44	360.33
391	361.33	24.68	360.71	355.76	180.47	81.67	70.97	360.4	360.14	266.88	128.88	24.94	25.43	360.25
392	361.28	24.66	360.66	355.74	180.39	81.75	70.93	360.35	360.11	266.9	129.04	24.94	25.44	360.19
393	361.21	24.71	360.6	355.71	180.07	81.83	70.9	360.3	360.06	266.94	129.11	24.94	25.44	360.12
394	361.14	24.69	360.55	355.68	179.61	81.9	70.87	360.25	360.01	266.96	129.03	24.94	25.43	360.07
395	361.07	24.63	360.49	355.64	179.37	81.98	70.85	360.21	359.96	266.94	128.99	24.94	25.43	360
396	361.01	24.39	360.44	355.61	179.55	82.05	70.84	360.16	359.9	266.86	128.92	24.93	25.42	359.94
397	360.95	24.42	360.39	355.58	179.73	82.02	70.83	360.12	359.85	266.72	128.67	24.94	25.43	359.86
398	360.89	24.56	360.34	355.55	179.76	81.95	70.82	360.07	359.79	266.54	128.31	24.94	25.43	359.81
399	360.82	24.63	360.28	355.52	179.82	81.84	70.79	360.02	359.76	266.45	128.22	24.94	25.44	359.75
400	360.76	24.65	360.2	355.48	179.8	81.71	70.74	359.95	359.72	266.33	128.11	24.94	25.43	359.68
401	360.71	24.61	360.14	355.43	179.64	81.63	70.69	359.88	359.68	266.24	128.17	24.94	25.44	359.63
402	360.68	24.66	360.09	355.39	179.31	81.59	70.64	359.84	359.62	266.09	128.14	24.94	25.44	359.6
403	360.67	24.72	360.06	355.35	179.12	81.53	70.63	359.79	359.57	265.87	127.93	24.94	25.44	359.59
404	360.65	24.73	360.01	355.29	179.12	81.5	70.59	359.74	359.49	265.5	127.85	24.95	25.44	359.55
405	360.62	24.76	359.95	355.19	178.97	81.44	70.56	359.71	359.41	265.06	127.59	24.95	25.45	359.5
406	360.61	24.71	359.88	355.09	178.76	81.33	70.54	359.66	359.37	264.77	127.34	24.96	25.44	359.43
407	360.58	24.64	359.76	354.97	178.43	81.22	70.49	359.61	359.29	264.34	127.16	24.94	25.44	359.35
408	360.54	24.77	359.68	354.8	178.09	81.09	70.45	359.59	359.22	263.89	126.97	24.95	25.44	359.28
409	360.51	24.67	359.57	354.59	177.57	80.9	70.36	359.52	359.15	263.43	126.82	24.94	25.44	359.23
410	360.44	24.69	359.47	354.41	177.26	80.77	70.28	359.47	359.09	262.96	126.87	24.94	25.44	359.17
411	360.4	24.72	359.43	354.28	176.85	80.7	70.22	359.43	359.03	262.5	126.83	24.94	25.44	359.14
412	360.36	24.77	359.4	354.16	176.39	80.58	70.14	359.39	358.96	262.04	126.64	24.95	25.43	359.09
413	360.32	24.58	359.38	354.02	175.99	80.48	70.08	359.36	358.9	261.59	126.52	24.94	25.44	359.04
414	360.3	24.47	359.38	353.9	175.61	80.34	70.02	359.32	358.84	261.15	126.42	24.94	25.44	359.02
415	360.27	24.56	359.39	353.79	175.37	80.19	69.95	359.28	358.82	260.85	126.31	24.94	25.45	359.01
416	360.27	24.49	359.38	353.69	175.22	80.09	69.87	359.25	358.78	260.39	126.22	24.94	25.44	359.02
417	360.25	24.57	359.36	353.56	175.22	79.99	69.79	359.21	358.77	259.93	126.13	24.95	25.44	359.02
418	360.35	24.55	359.38	353.41	175.6	79.98	69.7	359.2	358.81	259.5	126.27	24.95	25.44	359.32
419	360.55	24.49	359.49	353.33	175.95	80.14	69.63	359.34	358.91	259.13	126.52	24.95	25.45	359.75
420	360.72	24.56	359.62	353.31	176.41	80.32	69.61	359.52	359.01	258.91	126.74	24.95	25.44	360.03
421	360.87	24.72	359.75	353.32	176.94	80.51	69.62	359.75	359.18	258.59	127.03	24.96	25.45	360.29
422	361.05	24.73	359.87	353.35	177.36	80.68	69.62	360.01	359.33	258.33	127.19	24.97	25.45	360.54
423	361.19	24.67	359.99	353.4	177.69	80.89	69.64	360.29	359.45	258.14	127.45	24.96	25.45	360.76
424	361.34	24.6	360.11	353.46	177.95	81.11	69.67	360.56	359.59	258.02	127.64	24.96	25.44	360.95
425	361.48	24.49	360.23	353.53	178.23	81.32	69.72	360.85	359.75	257.95	127.95	24.96	25.44	361.12
426	361.62	24.42	360.35	353.6	178.44	81.59	69.8	361.14	359.89	257.96	128.4	24.96	25.44	361.25
427	361.79	24.61	360.51	353.68	178.7	82.04	69.92	361.56	360	258.03	128.76	24.96	25.44	361.41
428	361.95	24.69	360.65	353.73	178.77	82.45	70.06	361.99	360.13	258.12	129.1	24.96	25.43	361.57
429	362.04	24.83	360.71	353.73	178.76	82.66	70.16	362.27	360.25	258.22	129.38	24.96	25.45	361.63
430	362.11	24.75	360.76	353.73	178.84	82.86	70.28	362.54	360.35	258.33	129.7	24.96	25.43	361.69
431	362.19	24.64	360.8	353.71	178.95	83.09	70.41	362.81	360.43	258.47	129.98	24.96	25.42	361.76
432	362.26	24.62	360.85	353.69	179	83.3	70.55	363.08	360.52	258.55	130.19	24.96	25.41	361.85
433	362.35	24.55	360.9	353.66	179.28	83.53	70.72	363.34	360.58	258.61	130.47	24.96	25.42	361.94
434	362.41	24.5	360.96	353.66	179.62	83.76	70.88	363.61	360.6	258.61	130.6	24.95	25.41	362.01
435	362.52	24.49	361.1	353.67	179.66	84.16	71.17	364.01	360.66	258.65	130.9	24.95	25.41	362.11
436	362.63	24.6	361.23	353.65	179.49	84.47	71.47	364.4	360.74	258.7	131.11	24.96	25.4	362.17
437	362.71	24.57	361.29	353.62	179.49	84.64	71.66	364.65	360.82	258.74	131.25	24.96	25.41	362.25
438	362.79	24.47	361.31	353.55	179.49	84.81	71.86	364.88	360.9	258.81	131.46	24.96	25.41	362.31
439	362.85	24.67	361.33	353.45	179.51	85.02	72.07	365.11	360.96	258.88	131.71	24.96	25.41	362.35
440	362.91	24.77	361.36	353.35	179.54	85.22	72.29	365.34	361.02	258.96	131.83	24.97	25.42	362.41
441	362.98	24.79	361.38	353.26	179.62	85.39	72.5	365.57	361.06	259	131.91	24.98	25.42	362.44
442	363.03	24.77	361.39	353.19	179.74	85.51	72.71	365.79	361.11	259	131.99	24.97	25.42	362.42
443	363.07	24.75	361.42	353.17	180.01	85.67	72.92	366.01	361.16	259.02	132.21	24.97	25.42	362.39
444	363.09	24.7	361.46	353.19	180.38	85.88	73.15	366.22	361.18	259.04	132.57	24.96	25.41	362.37
445	363.09	24.72	361.49	353.26	180.74	86.24	73.51	366.5	361.19	259.06	132.75	24.97	25.42	362.46
446	363.08	24.71	361.52	353.37	180.91	86.56	73.88	366.77	361.2	259.09	132.85	24.97	25.42	362.46
447	363.03	24.5	361.54	353.46	181.24	86.83	74.13	366.95	361.2	259.11	133.09	24.96	25.41	362.38
448	362.96	24.59	361.58	353.57	181.78	87.08	74.4	367.14	361.21	259.1	133.27	24.97	25.41	362.33
449	362.93	24.67	361.62	353.7	182.28	87.3	74.66	367.31	361.24	259.01	133.4	24.96	25.42	362.33
450	362.89	24.73	361.64	353.79	182.69	87.56	74.93	367.47	361.29	258.91	133.69	24.97	25.42	362.31
451	362.84	24.47	361.67	353.88	182.84	87.81	75.2	367.64	361.33	258.85	133.96	24.96	25.41	362.29
452	362.8	24.3	361.69	353.98	182.67	88	75.47	367.81	361.37	258.86	134.02	24.96	25.41	362.29
453	362.75	24.43	361.71	354.1	182.2	88.22	75.87	368.09	361.41	258.92	134.07	24.96	25.41	362.28
454	362.72	24.46	361.73	354.2	182.25	88.44	76.26	368.36	361.46	259.01	134.09	24.96	25.4	362.3
455	362.75	24.46	361.74	354.26	182.42	88.64	76.51	368.53	361.49	259.07	134.2	24.96	25.42	362.34
456	362.8	24.39	361.72	354.31	182.45	88.86	76.77	368.7	361.52	259.12	134.39	24.97	25.42	362.4
457	362.92	24.34	361.76	354.39	182.57	89.06	77.05	368.88	361.53	259.18	134.52	24.96	25.41	362.46
458	363.05	24.49	361.79	354.43	182.56	89.24	77.3	369.02	361.54	259.3	134.83	24.97	25.41	362.47
459	363.19	24.55	361.84	354.47	182.66	89.42	77.58	369.17	361.56	259.45	135.09	24.97	25.41	362.46
460	363.35	24.56	361.87	354.48	182.61	89.59	77.85	369.32	361.6	259.59	135.32	24.97	25.41	362.49
461	363.47	24.49	361.93	354.47	182.65	89.76	78.12	369.45	361.61	259.71	135.51	24.97	25.41	362.55
462	363.59	24.46	362	354.47	182.68	89.97	78.37	369.59	361.63	259.76	135.61	24.96	25.41	362.62
463	363.7	24.43	362.08	354.44	182.87	90.31	78.77	369.79	361.66	259.85	135.84	24.96	25.41	362.61
464	363.81	24.58	362.14	354.42	183.09	90.68	79.18	369.98	361.71	259.97	136.03	24.97	25.41	362.64
465	363.9	24.65	362.17	354.42	183.34	90.88	79.46	370.11	361.74	260.06	136.24	24.98	25.42	362.64
466	363.99	24.7	362.2	354.42	183.52	91.02	79.73	370.2	361.78	260.13	136.31	24.97	25.42	362.62
467	364.06	24.66	362.21	354.45	183.58	91.11	79.99	370.31	361.81	260.22	136.31	24.97	25.42	362.59
468	364.14	24.74	362.21	354.48	183.45	91.22	80.25	370.41	361.86	260.32	136.37	24.97	25.42	362.58
469	364.22	24.64	362.2	354.52	183.26	91.35	80.5	370.52	361.89	260.37	136.38	24.96	25.41	362.58
470	364.27	24.63	362.22	354.58	183.04	91.51	80.75	370.63	361.96	260.44	136.44	24.97	25.41	362.59
471	364.35	24.51	362.28	354.68	182.88	91.81	81.14	370.83	362.03	260.51	136.58	24.97	25.41	362.6
472	364.41	24.63	362.33	354.8	183.06	92.11	81.53	371.02	362.11	260.56	136.73	24.96	25.41	362.55
473	364.42	24.62	362.38	354.89	183.45	92.3	81.8	371.12	362.17	260.54	136.77	24.97	25.41	362.53
474	364.41	24.59	362.42	354.95	183.9	92.55	82.08	371.23	362.2	260.53	137.04	24.97	25.41	362.5
475	364.44	24.6	362.42	354.99	184.31	92.84	82.37	371.34	362.26	260.53	137.44	24.97	25.41	362.35
476	364.41	24.44	362.38	355.01	184.78	93.1	82.65	371.43	362.29	260.48	137.58	24.97	25.41	362.18
477	364.36	24.44	362.29	355.02	185.22	93.36	82.94	371.52	362.37	260.4	137.75	24.97	25.4	362.07
478	364.33	24.58	362.26	355.04	185.65	93.57	83.24	371.6	362.43	260.32	137.91	24.96	25.41	362.03
479	364.28	24.59	362.27	355.03	186	93.76	83.54	371.69	362.49	260.19	137.91	24.97	25.41	362.04
480	364.27	24.69	362.3	355.04	186.22	93.89	83.81	371.76	362.51	260.08	137.92	24.98	25.42	362.11
481	364.22	24.74	362.37	355.09	186.42	94.03	84.23	371.9	362.52	259.98	137.91	24.98	25.42	362.12
482	364.13	24.73	362.41	355.15	186.42	94.12	84.61	372.01	362.52	259.94	137.96	24.99	25.42	362.11
483	364.08	24.76	362.44	355.18	186.07	94.23	84.85	372.1	362.53	259.95	138.03	24.98	25.43	362.19
484	364.07	24.69	362.46	355.21	185.77	94.33	85.07	372.18	362.56	260.02	138.17	24.97	25.42	362.22
485	364.06	24.66	362.45	355.22	185.6	94.42	85.27	372.26	362.6	260.11	138.31	24.97	25.42	362.17
486	364.05	24.59	362.44	355.23	185.46	94.5	85.47	372.35	362.63	260.25	138.46	24.97	25.42	362.1
487	364.03	24.69	362.42	355.23	185.32	94.61	85.69	372.43	362.64	260.38	138.51	24.98	25.42	362.05
488	364.01	24.7	362.39	355.2	185.33	94.71	85.9	372.53	362.63	260.51	138.54	24.98	25.42	362.06
489	363.94	24.76	362.31	355.14	185.42	94.92	86.23	372.65	362.63	260.64	138.67	24.98	25.42	362.14
490	363.89	24.92	362.26	355.1	185.48	95.16	86.59	372.78	362.65	260.73	138.74	24.99	25.42	362.24
491	363.87	24.9	362.23	355.07	185.58	95.36	86.82	372.86	362.65	260.9	138.95	24.99	25.43	362.26
492	363.84	24.9	362.2	355.06	186.01	95.57	87.07	372.94	362.65	261.05	139.15	24.99	25.42	362.25
493	363.82	24.88	362.18	355.06	186.37	95.8	87.33	373.01	362.6	261.13	139.36	24.99	25.43	362.23
494	363.79	24.78	362.18	355.08	186.42	96.02	87.57	373.09	362.58	261.23	139.63	24.99	25.43	362.19
495	363.78	24.81	362.2	355.08	186.54	96.21	87.81	373.15	362.55	261.32	139.79	24.99	25.42	362.12
496	363.81	24.78	362.23	355.12	186.76	96.45	88.07	373.23	362.55	261.4	140.1	24.99	25.43	362.06
497	363.84	24.75	362.25	355.15	186.9	96.71	88.33	373.3	362.56	261.47	140.31	24.98	25.42	362.02
498	363.91	24.72	362.27	355.2	187.31	97.14	88.71	373.4	362.57	261.52	140.61	24.99	25.42	361.95
499	364.05	24.76	362.27	355.24	187.45	97.5	89.09	373.45	362.58	261.57	140.76	24.99	25.42	361.95
500	364.24	24.68	362.25	355.27	187.61	97.64	89.34	373.48	362.61	261.65	140.72	24.99	25.42	361.92
501	364.4	24.68	362.21	355.29	187.88	97.76	89.59	373.51	362.63	261.71	140.76	25	25.42	361.83
502	364.48	24.55	362.19	355.31	188.22	97.93	89.82	373.57	362.64	261.72	140.95	24.99	25.42	361.76
503	364.46	24.48	362.19	355.31	188.54	98.14	90.07	373.63	362.61	261.71	141.18	24.98	25.4	361.74
504	364.33	24.49	362.18	355.31	188.84	98.36	90.32	373.69	362.61	261.7	141.32	24.98	25.41	361.73
505	364.18	24.57	362.17	355.32	189.18	98.58	90.57	373.74	362.61	261.64	141.36	24.98	25.4	361.76
506	364.05	24.52	362.16	355.32	189.4	98.72	90.82	373.79	362.61	261.56	141.34	24.98	25.41	361.79
507	363.99	24.51	362.15	355.34	189.54	98.85	91.07	373.81	362.6	261.42	141.26	24.99	25.4	361.8
508	363.98	24.57	362.11	355.37	189.56	99.03	91.43	373.85	362.61	261.33	141.3	24.99	25.41	361.91
509	364.01	24.52	362.11	355.4	189.58	99.23	91.77	373.92	362.61	261.33	141.39	24.99	25.41	362.03
510	364.07	24.64	362.12	355.4	189.58	99.37	91.99	373.95	362.62	261.35	141.46	24.98	25.4	362.06
511	364.11	24.64	362.11	355.37	189.41	99.5	92.21	374	362.63	261.36	141.44	24.99	25.4	362.08
512	364.15	24.49	362.11	355.32	189.32	99.6	92.43	374.04	362.65	261.42	141.36	24.99	25.4	362.08
513	364.18	24.4	362.1	355.25	189.42	99.77	92.67	374.1	362.68	261.5	141.46	24.98	25.4	362.09
514	364.19	24.55	362.11	355.16	189.62	99.93	92.89	374.17	362.7	261.54	141.58	24.98	25.4	362.08
515	364.17	24.53	362.11	355.08	189.83	100.05	93.12	374.23	362.69	261.52	141.63	24.98	25.41	362.09
516	364.12	24.48	362.1	355.02	189.83	100.14	93.33	374.28	362.68	261.55	141.71	24.99	25.4	362.1
517	364.05	24.48	362.07	354.96	189.27	100.25	93.6	374.34	362.63	261.65	141.78	24.98	25.4	362.01
518	363.97	24.47	362.06	354.97	188.64	100.4	93.88	374.42	362.61	261.75	141.84	24.99	25.4	361.91
519	363.92	24.62	362.01	354.97	188.51	100.52	94.08	374.49	362.6	261.91	142.05	24.98	25.4	361.85
520	363.94	24.75	361.96	354.98	188.67	100.72	94.28	374.56	362.62	262.04	142.37	24.99	25.4	361.83
521	363.98	24.7	361.93	355	188.66	100.95	94.51	374.64	362.64	262.16	142.63	24.99	25.4	361.82
522	363.94	24.71	361.91	355.02	188.67	101.14	94.7	374.72	362.69	262.27	142.66	25	25.41	361.82
523	363.86	24.61	361.9	355.08	188.6	101.31	94.92	374.8	362.72	262.38	142.8	24.99	25.4	361.84
524	363.79	24.69	361.89	355.16	188.63	101.44	95.14	374.87	362.75	262.49	143.03	25	25.41	361.82
525	363.74	24.64	361.89	355.28	188.99	101.71	95.45	374.98	362.77	262.56	143.36	24.98	25.4	361.83
526	363.74	24.75	361.96	355.39	189.59	102.03	95.81	375.08	362.8	262.57	143.67	24.99	25.41	361.97
527	363.76	24.66	362.03	355.42	189.97	102.19	96.02	375.14	362.82	262.55	143.73	25	25.4	362.09
528	363.8	24.59	362.1	355.44	190.26	102.32	96.22	375.2	362.85	262.47	143.79	24.99	25.4	362.19
529	363.84	24.66	362.19	355.46	190.13	102.39	96.43	375.23	362.89	262.37	143.65	25	25.4	362.28
530	363.83	24.58	362.25	355.48	189.94	102.48	96.63	375.27	362.94	262.31	143.58	25	25.4	362.35
531	363.84	24.48	362.3	355.47	189.84	102.58	96.83	375.32	362.95	262.29	143.68	24.99	25.4	362.4
532	363.9	24.59	362.33	355.47	189.77	102.71	97.02	375.34	362.95	262.34	143.8	24.98	25.4	362.41
533	363.98	24.57	362.36	355.43	189.81	102.84	97.2	375.38	362.98	262.47	143.9	24.99	25.4	362.42
534	364.1	24.53	362.35	355.39	189.91	102.98	97.4	375.43	363.02	262.6	143.96	24.98	25.4	362.44
535	364.26	24.7	362.3	355.32	190.03	103.22	97.69	375.52	363.04	262.77	144.03	24.99	25.4	362.42
536	364.36	24.56	362.25	355.29	189.86	103.41	97.97	375.61	363.05	262.94	144.13	24.99	25.4	362.22
537	364.41	24.71	362.26	355.27	189.67	103.52	98.14	375.69	363.05	263.13	144.14	24.99	25.4	362.18
538	364.44	24.93	362.21	355.24	189.55	103.65	98.32	375.75	363.06	263.27	144.22	25	25.41	362.2
539	364.42	24.78	362.15	355.2	189.64	103.79	98.49	375.79	363.05	263.37	144.43	25	25.4	362.18
540	364.37	24.76	362.08	355.16	189.7	103.93	98.67	375.83	363.02	263.48	144.69	24.99	25.4	362.18
541	364.28	24.75	362.05	355.11	189.64	104.06	98.84	375.86	363.03	263.59	144.88	25	25.4	362.15
542	364.17	24.76	362.03	355.06	189.41	104.15	98.99	375.87	363.02	263.69	144.89	25	25.4	362.08
543	364.02	24.86	362.05	355.07	189.03	104.28	99.24	375.94	363.01	263.8	144.84	25	25.4	362.02
544	363.86	24.66	362.09	355.12	188.83	104.38	99.47	375.99	363	263.89	144.84	24.99	25.4	361.96
545	363.8	24.69	362.13	355.21	188.93	104.48	99.65	376.03	363	263.97	144.97	24.99	25.4	361.88
546	363.77	24.65	362.17	355.31	189.23	104.61	99.79	376.04	363.01	264.03	145.09	24.99	25.39	361.82
547	363.74	24.53	362.22	355.4	189.53	104.76	99.96	376.07	363.02	264.07	145.18	25	25.4	361.82
548	363.71	24.66	362.24	355.49	189.7	104.95	100.12	376.08	363.03	264.11	145.41	25	25.4	361.85
549	363.72	24.65	362.29	355.58	189.95	105.2	100.29	376.09	363.05	264.21	145.68	25	25.4	361.87
550	363.78	24.57	362.33	355.68	190.1	105.45	100.48	376.12	363.07	264.31	145.9	25	25.4	361.88
551	363.92	24.6	362.39	355.77	190.27	105.68	100.66	376.13	363.11	264.42	146.27	25	25.4	361.92
552	364.12	24.68	362.47	355.88	190.79	106.09	100.93	376.16	363.15	264.51	146.54	25	25.4	362.04
553	364.28	24.68	362.55	355.96	191.49	106.52	101.23	376.21	363.17	264.54	146.72	25	25.4	362.2
554	364.34	24.75	362.61	355.98	191.94	106.82	101.45	376.26	363.2	264.58	147.04	25	25.4	362.29
555	364.41	24.85	362.65	355.99	192.12	107.09	101.67	376.31	363.21	264.63	147.37	25.01	25.4	362.37
556	364.51	24.79	362.69	355.99	192	107.29	101.88	376.35	363.25	264.71	147.49	25	25.41	362.41
557	364.59	24.63	362.71	355.98	191.81	107.44	102.1	376.42	363.28	264.8	147.47	25.01	25.41	362.37
558	364.67	24.65	362.72	355.99	191.7	107.51	102.31	376.47	363.32	264.89	147.31	25	25.4	362.24
559	364.81	24.67	362.72	355.96	191.7	107.56	102.51	376.53	363.38	264.95	147.12	25	25.4	362.16
560	364.82	24.74	362.71	355.97	191.64	107.63	102.71	376.58	363.42	265	146.9	25.01	25.41	362.12
561	364.62	24.66	362.69	355.96	191.64	107.73	103.01	376.67	363.47	265.06	146.87	25	25.41	362.11
562	364.32	24.65	362.62	355.96	191.9	107.93	103.29	376.74	363.5	265.11	146.95	25	25.41	362.09
563	364.15	24.71	362.59	355.96	192.1	108.09	103.48	376.78	363.54	265.22	147.32	25.01	25.41	362.05
564	364.03	24.66	362.56	355.94	192.15	108.22	103.66	376.81	363.57	265.37	147.61	25.02	25.41	362.08
565	363.99	24.56	362.51	355.92	192.12	108.36	103.85	376.86	363.59	265.49	147.74	25.02	25.41	362.06
566	364.01	24.59	362.46	355.92	192.02	108.5	104.03	376.88	363.58	265.61	147.83	25.02	25.41	362.04
567	364.07	24.61	362.45	355.94	191.94	108.59	104.21	376.91	363.52	265.69	147.81	25	25.41	362.03
568	364.17	24.88	362.45	355.98	192.03	108.67	104.36	376.93	363.45	265.79	147.99	25.02	25.41	362.07
569	364.27	24.91	362.45	356.03	192.12	108.77	104.53	376.96	363.4	265.84	148.06	25.01	25.42	362.12
570	364.39	24.88	362.45	356.11	191.88	108.74	104.74	377	363.34	265.91	148.07	25.01	25.41	362.13
571	364.43	24.85	362.51	356.17	191.66	108.64	104.93	377.04	363.33	265.99	147.99	25.02	25.41	362.15
572	364.41	24.77	362.57	356.19	191.65	108.57	105.06	377.07	363.34	265.98	147.74	25.01	25.39	362.19
573	364.41	24.8	362.65	356.21	191.72	108.59	105.19	377.1	363.38	265.99	147.73	25.01	25.4	362.27
574	364.49	24.76	362.74	356.24	192	108.7	105.32	377.12	363.42	266.02	147.91	25.02	25.4	362.37
575	364.58	24.74	362.8	356.25	192.19	108.75	105.43	377.15	363.48	266	147.84	25.01	25.4	362.47
576	364.67	24.63	362.86	356.26	192.37	108.79	105.56	377.18	363.54	265.9	147.59	25.01	25.4	362.51
577	364.75	24.66	362.88	356.27	192.46	108.78	105.67	377.22	363.61	265.76	147.33	25.01	25.39	362.53
578	364.81	24.52	362.9	356.29	192.72	108.8	105.8	377.27	363.67	265.64	147.25	25	25.38	362.52
579	364.91	24.64	362.93	356.31	193.14	108.82	105.99	377.35	363.73	265.48	147.35	25	25.39	362.54
580	364.99	24.65	362.93	356.28	193.4	108.86	106.13	377.42	363.8	265.3	147.41	25.01	25.39	362.62
581	364.95	24.68	362.94	356.25	193.48	108.94	106.24	377.46	363.84	265.18	147.5	25.01	25.4	362.64
582	364.89	24.74	362.98	356.24	193.45	108.97	106.32	377.5	363.87	265.02	147.49	25.02	25.4	362.68
583	364.84	24.66	363.01	356.22	193.12	108.99	106.4	377.52	363.88	264.96	147.5	25.02	25.39	362.75
584	364.86	24.55	363.05	356.22	192.75	109.02	106.44	377.53	363.89	264.98	147.6	25.01	25.39	362.8
585	364.9	24.57	363.08	356.24	192.55	109.03	106.5	377.54	363.91	265.07	147.74	25.01	25.39	362.82
586	364.91	24.76	363.08	356.25	192.53	109.05	106.57	377.56	363.93	265.17	147.8	25.02	25.4	362.84
587	364.91	24.72	363.05	356.26	192.56	109.04	106.64	377.59	363.96	265.22	147.63	25.02	25.4	362.81
588	364.87	24.8	363.1	356.25	192.49	109.01	106.74	377.63	363.98	265.2	147.5	25.02	25.4	362.71
589	364.83	24.69	363.18	356.25	192.24	109.06	106.84	377.65	363.98	265.22	147.53	25.02	25.4	362.66
590	364.79	24.63	363.22	356.25	192.29	109.15	106.9	377.67	364.01	265.3	147.79	25.02	25.39	362.62
591	364.78	24.68	363.27	356.27	192.34	109.22	106.98	377.71	364.01	265.39	147.95	25.02	25.4	362.64
592	364.79	24.65	363.31	356.31	192.32	109.26	107.04	377.75	364.02	265.48	147.95	25.02	25.39	362.68
593	364.78	24.7	363.33	356.35	192.08	109.3	107.1	377.77	364.05	265.59	147.94	25.02	25.39	362.74
594	364.73	24.73	363.35	356.41	191.88	109.37	107.18	377.79	364.07	265.72	147.9	25.02	25.39	362.81
595	364.66	24.7	363.38	356.5	191.83	109.44	107.26	377.81	364.09	265.77	147.97	25.02	25.4	362.84
596	364.62	24.69	363.4	356.58	191.79	109.56	107.33	377.83	364.11	265.82	148.19	25.01	25.39	362.87
597	364.53	24.53	363.37	356.71	191.85	109.84	107.43	377.85	364.16	265.89	148.49	25.01	25.37	362.95
598	364.46	24.53	363.29	356.83	192.1	110.13	107.52	377.86	364.21	265.96	148.74	25.01	25.37	363.01
599	364.44	24.46	363.22	356.91	192.27	110.37	107.61	377.85	364.26	266.01	149.03	25.01	25.37	363.04
600	364.41	24.45	363.17	356.95	192.47	110.59	107.7	377.87	364.29	266.04	149.2	25.02	25.36	363.05
601	364.39	24.38	363.03	356.99	192.72	110.8	107.8	377.87	364.34	266.09	149.48	25.01	25.36	362.95
602	364.39	24.4	362.95	357.03	192.9	111.01	107.92	377.91	364.37	266.18	149.77	25.01	25.36	362.93
603	364.42	24.53	362.89	357.07	193.03	111.2	108.04	377.92	364.39	266.28	149.96	25.01	25.35	362.97
604	364.47	24.57	362.87	357.11	193.11	111.34	108.17	377.97	364.39	266.36	149.92	25.01	25.35	362.99
605	364.55	24.62	362.88	357.11	193.34	111.49	108.31	378	364.38	266.47	150.03	25.01	25.35	363.01
606	364.67	24.57	362.93	357.08	193.39	111.68	108.54	378.04	364.38	266.58	150.02	25.01	25.36	363.06
607	364.72	24.55	362.99	357.07	193.5	111.73	108.76	378.09	364.35	266.67	149.9	25.01	25.35	363.12
608	364.71	24.6	363	357.07	193.46	111.77	108.9	378.11	364.33	266.79	150	25.01	25.35	363.11
609	364.7	24.59	363.04	357.09	193.29	111.79	109.03	378.15	364.32	266.85	149.95	25.01	25.35	363.12
610	364.69	24.42	363.1	357.09	193.23	111.82	109.16	378.17	364.31	266.95	149.88	25	25.35	363.15
611	364.72	24.57	363.16	357.07	193.17	111.85	109.28	378.19	364.33	267.05	149.96	25.01	25.35	363.14
612	364.81	24.49	363.24	357.08	193.1	111.9	109.4	378.22	364.36	267.12	150.02	25	25.34	363.14
613	364.88	24.67	363.29	357.05	193.1	111.99	109.5	378.25	364.39	267.21	150.14	25.02	25.35	363.19
614	364.92	24.59	363.37	357.03	193.09	112.12	109.6	378.28	364.42	267.25	150.2	25.02	25.35	363.27
615	364.98	24.63	363.46	356.98	193.09	112.21	109.73	378.31	364.42	267.27	150.16	25.01	25.35	363.36
616	365.05	24.66	363.51	356.91	193.03	112.34	109.86	378.35	364.42	267.3	150.23	25.02	25.35	363.31
617	365.17	24.72	363.56	356.87	193.04	112.44	109.96	378.38	364.38	267.34	150.39	25.02	25.35	363.26
618	365.24	24.66	363.63	356.82	193.01	112.49	110.07	378.4	364.31	267.38	150.43	25.02	25.36	363.22
619	365.25	24.61	363.72	356.81	193.04	112.51	110.16	378.42	364.26	267.39	150.45	25.01	25.35	363.21
620	365.23	24.66	363.75	356.79	193.03	112.58	110.26	378.44	364.21	267.37	150.5	25.02	25.35	363.26
621	365.19	24.51	363.72	356.76	193.06	112.63	110.36	378.46	364.15	267.34	150.46	25.01	25.35	363.33
622	365.17	24.59	363.71	356.74	193.18	112.65	110.45	378.46	364.11	267.29	150.34	25.01	25.35	363.43
623	365.17	24.62	363.72	356.73	193.39	112.68	110.56	378.47	364.11	267.23	150.26	25.01	25.35	363.55
624	365.15	24.54	363.63	356.73	193.66	112.79	110.7	378.47	364.14	267.21	150.27	25.01	25.35	363.64
625	365.07	24.71	363.55	356.74	193.85	112.91	110.83	378.46	364.16	267.19	150.25	25.02	25.36	363.69
626	365	24.64	363.5	356.79	193.93	113.06	110.93	378.46	364.19	267.18	150.46	25.01	25.36	363.75
627	364.93	24.82	363.49	356.85	194.08	113.29	111.03	378.45	364.22	267.22	150.77	25.02	25.36	363.72
628	364.86	24.59	363.55	356.9	194.28	113.54	111.14	378.46	364.27	267.25	151.05	25.02	25.35	363.66
629	364.82	24.72	363.61	356.94	194.62	113.82	111.25	378.48	364.33	267.27	151.3	25.02	25.36	363.62
630	364.83	24.69	363.71	356.99	194.92	114.1	111.39	378.5	364.36	267.28	151.47	25.02	25.36	363.63
631	364.87	24.78	363.79	357.05	195.36	114.39	111.51	378.51	364.41	267.25	151.82	25.02	25.36	363.65
632	364.94	24.65	363.89	357.11	195.8	114.66	111.65	378.53	364.46	267.21	152.09	25.02	25.36	363.69
633	365.04	24.69	364	357.21	196.25	114.98	111.85	378.58	364.52	267.15	152.38	25.03	25.36	363.76
634	365.12	24.38	364.07	357.35	196.33	115.25	112.04	378.64	364.54	267.12	152.59	25.02	25.35	363.83
635	365.17	24.55	364.11	357.46	196.54	115.38	112.19	378.67	364.56	267.08	152.58	25.03	25.36	363.84
636	365.21	24.64	364.14	357.55	196.7	115.44	112.33	378.71	364.56	266.99	152.49	25.02	25.37	363.79
637	365.24	24.65	364.18	357.62	196.69	115.42	112.46	378.75	364.53	266.92	152.41	25.02	25.36	363.68
638	365.25	24.61	364.21	357.69	196.61	115.41	112.58	378.79	364.48	266.85	152.31	25.02	25.36	363.66
639	365.27	24.66	364.24	357.74	196.3	115.36	112.7	378.82	364.43	266.82	152.2	25.02	25.37	363.68
640	365.3	24.75	364.27	357.78	196.15	115.31	112.8	378.87	364.45	266.81	151.91	25.02	25.37	363.71
641	365.34	24.8	364.31	357.77	196.11	115.27	112.91	378.9	364.48	266.73	151.65	25.02	25.37	363.76
642	365.37	24.84	364.37	357.72	195.57	115.19	113.02	378.92	364.56	266.69	151.57	25.02	25.38	363.85
643	365.34	24.95	364.42	357.7	195.17	115.16	113.12	378.97	364.63	266.71	151.54	25.02	25.38	363.88
644	365.3	24.87	364.43	357.71	195.05	115.13	113.19	379	364.68	266.74	151.47	25.01	25.37	363.86
645	365.22	24.84	364.4	357.73	195.17	115.11	113.28	379.05	364.74	266.79	151.36	25.02	25.37	363.9
646	365.22	24.83	364.36	357.76	195.33	115.18	113.34	379.1	364.8	266.79	151.44	25.02	25.37	363.94
647	365.29	24.89	364.33	357.75	195.57	115.32	113.42	379.14	364.85	266.8	151.71	25.02	25.37	363.94
648	365.4	24.89	364.33	357.69	195.83	115.49	113.52	379.18	364.88	266.83	151.92	25.01	25.37	363.93
649	365.53	25	364.32	357.66	195.97	115.68	113.61	379.21	364.9	266.88	151.99	25.01	25.37	363.89
650	365.71	25.12	364.32	357.66	196.08	115.76	113.69	379.23	364.91	266.98	152.1	25.02	25.38	363.85
651	365.91	25	364.27	357.64	196.27	115.85	113.82	379.28	364.92	267.04	152.17	25.01	25.38	363.87
652	366.07	25.03	364.27	357.6	195.96	115.93	113.94	379.32	364.94	267.12	152.29	25.02	25.37	363.94
653	366.13	24.88	364.25	357.59	195.8	115.91	114.02	379.32	364.96	267.2	152.19	25.02	25.38	363.94
654	366.17	24.89	364.27	357.61	195.76	115.9	114.1	379.32	365.01	267.29	152.07	25.02	25.38	363.92
655	366.2	25.01	364.33	357.62	195.96	115.92	114.18	379.32	365.05	267.38	152.13	25.02	25.37	363.95
656	366.21	24.98	364.37	357.62	196.09	115.99	114.25	379.32	365.07	267.46	152.34	25.03	25.38	363.96
657	366.22	24.97	364.44	357.64	196.11	116.14	114.34	379.33	365.09	267.58	152.58	25.03	25.38	363.98
658	366.19	24.82	364.49	357.69	195.95	116.25	114.42	379.33	365.12	267.67	152.69	25.01	25.37	363.98
659	366.17	24.94	364.5	357.76	195.98	116.24	114.49	379.34	365.14	267.81	152.72	25.02	25.38	364.02
660	366.12	25.03	364.5	357.85	195.84	116.21	114.56	379.36	365.18	267.93	152.75	25.03	25.37	364.03
661	366.02	24.88	364.51	357.88	195.56	116.19	114.63	379.39	365.21	268.01	152.76	25.01	25.37	363.98
662	365.91	25.03	364.54	357.89	195.57	116.23	114.66	379.4	365.25	268.08	152.85	25.02	25.37	363.99
663	365.78	24.78	364.58	357.92	195.65	116.33	114.71	379.43	365.25	268.18	153.08	25.01	25.36	364.05
664	365.67	24.87	364.61	357.95	195.74	116.5	114.77	379.46	365.2	268.23	153.36	25.01	25.36	364.11
665	365.64	24.86	364.66	357.97	195.67	116.67	114.84	379.49	365.17	268.3	153.41	25.02	25.35	364.18
666	365.64	24.71	364.71	357.98	195.66	116.83	114.92	379.52	365.16	268.39	153.51	25.01	25.35	364.23
667	365.68	24.67	364.69	357.99	195.63	116.99	115.01	379.53	365.17	268.46	153.54	25.02	25.35	364.25
668	365.75	24.63	364.64	358.01	195.52	117.07	115.09	379.53	365.19	268.56	153.46	25.02	25.35	364.27
669	365.85	24.59	364.56	358.08	195.28	117.02	115.19	379.54	365.21	268.63	153.21	25.01	25.34	364.27
670	365.97	24.57	364.55	358.19	195.51	116.9	115.29	379.57	365.22	268.57	153.06	25.01	25.34	364.28
671	366.01	24.49	364.53	358.24	195.82	116.93	115.36	379.59	365.27	268.5	153.16	25	25.33	364.3
672	366.06	24.62	364.51	358.29	196.1	117.02	115.43	379.61	365.31	268.44	153.24	25.02	25.34	364.32
673	366.11	24.58	364.5	358.36	195.97	117.16	115.51	379.62	365.37	268.37	153.35	25.01	25.33	364.32
674	366.15	24.79	364.51	358.44	195.73	117.24	115.59	379.63	365.43	268.4	153.26	25.02	25.34	364.3
675	366.18	24.79	364.52	358.5	195.72	117.22	115.67	379.64	365.47	268.43	153.01	25.02	25.33	364.27
676	366.24	24.8	364.54	358.53	195.77	117.19	115.75	379.67	365.5	268.41	152.75	25.02	25.33	364.25
677	366.34	24.78	364.56	358.55	195.76	117.11	115.81	379.69	365.53	268.37	152.49	25.02	25.33	364.25
678	366.48	24.81	364.56	358.56	195.55	117.02	115.88	379.73	365.53	268.34	152.36	25.02	25.33	364.25
679	366.46	24.7	364.54	358.58	195.27	117.04	115.94	379.75	365.56	268.39	152.43	25.02	25.33	364.18
680	366.41	24.59	364.57	358.59	194.98	117.05	115.98	379.77	365.59	268.46	152.38	25.02	25.32	364.1
681	366.35	24.62	364.6	358.63	194.85	117.09	116.04	379.8	365.59	268.49	152.31	25.02	25.33	364.11
682	366.27	24.64	364.65	358.66	194.83	117.09	116.09	379.82	365.63	268.49	152.16	25.02	25.33	364.14
683	366.21	24.64	364.66	358.67	194.69	117.07	116.15	379.85	365.64	268.48	151.9	25.02	25.33	364.19
684	366.16	24.67	364.69	358.66	194.68	117.04	116.19	379.87	365.65	268.43	151.82	25.02	25.33	364.23
685	366.13	24.58	364.74	358.61	195	117.07	116.24	379.89	365.66	268.31	151.93	25.03	25.33	364.27
686	366.13	24.73	364.77	358.57	195.35	117.11	116.29	379.91	365.69	268.18	152.14	25.03	25.34	364.27
687	366.14	24.73	364.81	358.51	195.83	117.25	116.37	379.94	365.71	268.02	152.35	25.03	25.34	364.31
688	366.17	24.87	364.85	358.44	196.27	117.46	116.44	379.97	365.72	267.91	152.45	25.04	25.34	364.41
689	366.17	24.83	364.83	358.39	196.5	117.59	116.5	379.98	365.73	267.69	152.56	25.03	25.34	364.48
690	366.18	24.84	364.8	358.34	196.71	117.68	116.57	380.01	365.76	267.47	152.58	25.03	25.34	364.51
691	366.17	24.75	364.76	358.32	196.81	117.74	116.62	380.03	365.77	267.31	152.48	25.03	25.34	364.44
692	366.15	24.84	364.72	358.34	196.87	117.83	116.67	380.05	365.77	267.2	152.56	25.04	25.34	364.43
693	366.14	24.71	364.72	358.36	196.87	117.95	116.68	380.08	365.77	267.13	152.73	25.03	25.34	364.4
694	366.15	24.72	364.74	358.38	196.59	118.02	116.7	380.11	365.79	267.16	152.78	25.03	25.33	364.31
695	366.18	24.72	364.78	358.38	196.2	118.03	116.72	380.14	365.8	267.16	152.71	25.03	25.32	364.19
696	366.29	24.81	364.88	358.36	196.13	117.98	116.75	380.18	365.84	267.17	152.71	25.03	25.34	364.2
697	366.4	24.9	364.98	358.37	196.3	117.96	116.8	380.22	365.88	267.17	152.78	25.04	25.35	364.26
698	366.47	24.9	365.05	358.41	196.23	117.96	116.83	380.23	365.91	267.09	152.71	25.03	25.34	364.35
699	366.52	24.78	365.11	358.49	196.29	117.98	116.88	380.24	365.94	267.05	152.69	25.04	25.34	364.46
700	366.5	24.85	365.15	358.58	196.14	118.02	116.93	380.25	365.96	267.05	152.66	25.03	25.34	364.61
701	366.46	24.79	365.19	358.68	195.96	118.01	116.99	380.26	366	267.1	152.66	25.04	25.34	364.71
702	366.43	24.83	365.23	358.77	196.02	118	117.02	380.27	366.03	267.21	152.81	25.04	25.34	364.77
703	366.37	24.81	365.26	358.85	196.24	118.03	117.07	380.28	366.06	267.26	152.96	25.03	25.34	364.83
704	366.35	24.66	365.29	358.92	196.33	118.1	117.12	380.29	366.09	267.36	153.19	25.03	25.34	364.9
705	366.37	24.75	365.26	358.98	196.27	118.28	117.21	380.33	366.08	267.52	153.36	25.04	25.34	364.95
706	366.41	24.93	365.24	358.98	195.93	118.41	117.29	380.38	366.1	267.68	153.4	25.04	25.34	364.87
707	366.41	24.79	365.24	358.91	195.68	118.47	117.34	380.42	366.14	267.8	153.39	25.04	25.34	364.77
708	366.38	24.89	365.27	358.83	195.79	118.54	117.38	380.45	366.18	268	153.5	25.04	25.34	364.65
709	366.35	24.72	365.32	358.76	196.19	118.68	117.43	380.48	366.18	268.14	153.79	25.04	25.34	364.6
710	366.37	24.83	365.38	358.71	196.66	118.84	117.5	380.5	366.16	268.23	154.05	25.04	25.34	364.67
711	366.42	24.79	365.41	358.66	197.08	118.95	117.57	380.53	366.12	268.19	154.13	25.05	25.35	364.76
712	366.5	24.9	365.42	358.59	197.39	119	117.64	380.55	366.07	268.08	154.21	25.04	25.34	364.86
713	366.55	24.78	365.41	358.54	197.68	119.1	117.73	380.58	366.02	267.96	154.29	25.03	25.34	364.93
714	366.65	24.69	365.34	358.51	197.85	119.22	117.85	380.6	365.99	267.89	154.37	25.03	25.33	364.86
715	366.74	24.8	365.24	358.48	197.94	119.31	117.97	380.6	365.98	267.8	154.39	25.04	25.34	364.81
716	366.72	24.85	365.2	358.44	197.71	119.37	118.04	380.57	366	267.7	154.34	25.04	25.34	364.81
717	366.71	24.81	365.17	358.42	197.25	119.42	118.12	380.56	366.03	267.64	154.14	25.04	25.34	364.8
718	366.75	24.77	365.12	358.43	196.86	119.36	118.17	380.57	366.05	267.7	153.88	25.04	25.34	364.81
719	366.81	24.91	365.07	358.45	196.61	119.2	118.22	380.59	366.07	267.81	153.67	25.05	25.34	364.81
720	366.88	24.89	365.07	358.47	196.47	119.06	118.26	380.62	366.09	267.94	153.7	25.04	25.34	364.8
721	366.95	24.75	365.12	358.49	196.48	118.98	118.29	380.64	366.1	267.99	153.7	25.03	25.33	364.81
722	367.04	24.8	365.17	358.51	196.54	118.9	118.31	380.66	366.15	268	153.64	25.04	25.33	364.85
723	367.2	24.97	365.22	358.56	196.56	118.87	118.34	380.66	366.21	267.98	153.49	25.04	25.34	364.89
724	367.36	24.93	365.28	358.62	196.39	118.95	118.4	380.67	366.26	268	153.48	25.04	25.33	364.97
725	367.35	24.85	365.35	358.64	196.64	119.12	118.45	380.68	366.29	268.04	153.72	25.03	25.33	365.08
726	367.32	24.75	365.44	358.67	196.91	119.22	118.5	380.7	366.34	268.03	153.71	25.03	25.33	365.15
727	367.28	24.85	365.53	358.65	197.15	119.27	118.54	380.72	366.38	267.95	153.65	25.05	25.33	365.18
728	367.23	24.83	365.62	358.64	197.37	119.36	118.6	380.75	366.41	267.81	153.84	25.04	25.33	365.18
729	367.23	24.76	365.68	358.64	197.52	119.49	118.65	380.78	366.39	267.7	154.09	25.04	25.33	365.18
730	367.32	24.86	365.74	358.62	197.61	119.65	118.71	380.8	366.32	267.67	154.31	25.04	25.33	365.19
731	367.43	24.99	365.78	358.58	197.82	119.85	118.77	380.81	366.21	267.67	154.67	25.04	25.33	365.21
732	367.5	24.91	365.79	358.58	197.91	120.1	118.89	380.85	366.15	267.69	154.86	25.04	25.33	365.26
733	367.45	24.89	365.77	358.63	197.75	120.23	119.02	380.9	366.15	267.76	154.79	25.04	25.33	365.32
734	367.36	24.88	365.77	358.68	197.73	120.21	119.09	380.91	366.19	267.89	154.83	25.04	25.32	365.4
735	367.26	24.9	365.78	358.76	197.65	120.2	119.14	380.92	366.24	267.99	154.92	25.05	25.33	365.47
736	367.21	24.9	365.83	358.86	197.39	120.19	119.2	380.92	366.3	268.1	155.09	25.05	25.32	365.51
737	367.21	24.76	365.87	358.94	197.35	120.22	119.23	380.95	366.33	268.23	155.25	25.04	25.32	365.51
738	367.24	24.71	365.95	359	197.53	120.35	119.3	380.99	366.4	268.42	155.49	25.04	25.31	365.56
739	367.24	24.82	366.04	359.06	197.75	120.51	119.37	380.99	366.48	268.6	155.74	25.04	25.32	365.6
740	367.23	24.95	366.11	359.12	198.03	120.67	119.43	381.01	366.53	268.75	156.04	25.05	25.32	365.61
741	367.19	24.96	366.19	359.21	198.4	120.93	119.55	381.04	366.59	268.84	156.27	25.05	25.33	365.57
742	367.16	24.94	366.25	359.3	198.2	121.01	119.66	381.08	366.63	268.97	156.22	25.05	25.32	365.51
743	367.09	25	366.29	359.36	197.9	120.95	119.73	381.11	366.67	269.11	156.17	25.06	25.32	365.5
744	367.04	24.96	366.32	359.44	197.59	120.92	119.79	381.16	366.7	269.22	156.17	25.05	25.32	365.47
745	367.05	24.98	366.34	359.55	197.36	120.91	119.84	381.19	366.73	269.36	156.14	25.05	25.31	365.48
746	367.07	24.9	366.35	359.67	197.21	120.87	119.89	381.21	366.76	269.48	156.05	25.05	25.32	365.54
747	367.05	24.96	366.38	359.75	197.34	120.87	119.93	381.24	366.82	269.55	155.99	25.05	25.31	365.62
748	367.01	24.79	366.42	359.77	197.6	120.96	119.99	381.26	366.89	269.58	156.17	25.05	25.3	365.69
749	366.98	24.83	366.43	359.8	197.76	121.13	120.05	381.29	366.92	269.63	156.34	25.05	25.31	365.71
750	366.99	24.89	366.42	359.81	197.93	121.37	120.15	381.33	366.95	269.72	156.47	25.04	25.31	365.67
751	367.06	24.91	366.39	359.77	198.37	121.5	120.26	381.38	366.97	269.78	156.49	25.05	25.31	365.57
752	367.13	24.86	366.41	359.74	198.72	121.59	120.34	381.42	367	269.82	156.53	25.05	25.31	365.52
753	367.21	24.85	366.39	359.74	198.69	121.72	120.42	381.45	367.01	269.86	156.69	25.05	25.31	365.52
754	367.3	24.78	366.39	359.76	198.67	121.77	120.5	381.48	367.02	269.93	156.63	25.05	25.31	365.45
755	367.31	24.8	366.36	359.76	198.92	121.78	120.58	381.5	367	269.97	156.69	25.05	25.3	365.41
756	367.28	24.68	366.33	359.75	199.17	121.82	120.66	381.52	366.99	269.96	156.72	25.04	25.3	365.35
757	367.28	24.76	366.36	359.72	199.14	121.85	120.75	381.54	367	269.98	156.76	25.05	25.31	365.3
758	367.3	24.75	366.4	359.72	199.27	121.88	120.82	381.54	367.01	269.97	156.85	25.05	25.31	365.35
759	367.32	24.69	366.49	359.73	199.42	121.85	120.92	381.58	367.04	269.97	156.8	25.05	25.31	365.53
760	367.33	24.72	366.58	359.77	199.05	121.68	120.99	381.61	367.07	270.04	156.66	25.05	25.31	365.7
761	367.36	24.68	366.64	359.81	198.53	121.54	121	381.64	367.11	270.11	156.48	25.05	25.3	365.78
762	367.41	24.7	366.69	359.83	198	121.37	121.01	381.66	367.16	270.2	156.33	25.05	25.31	365.84
763	367.44	24.69	366.74	359.86	197.59	121.19	121.01	381.68	367.21	270.28	156.16	25.06	25.31	365.9
764	367.44	24.7	366.79	359.88	197.34	121.03	121	381.69	367.28	270.35	156	25.05	25.31	365.96
765	367.44	24.74	366.83	359.88	197.07	120.87	120.98	381.69	367.31	270.37	155.9	25.06	25.3	366.07
766	367.45	24.85	366.84	359.86	196.94	120.69	120.95	381.69	367.37	270.38	155.77	25.06	25.31	366.17
767	367.45	24.96	366.86	359.85	196.88	120.55	120.91	381.68	367.42	270.39	155.84	25.06	25.32	366.21
768	367.4	24.89	366.89	359.84	196.87	120.54	120.89	381.67	367.48	270.39	155.93	25.06	25.31	366.13
769	367.37	24.85	366.92	359.87	196.94	120.55	120.85	381.64	367.51	270.32	155.92	25.06	25.31	366.04
770	367.33	24.93	366.95	359.9	197.02	120.58	120.83	381.62	367.52	270.25	155.84	25.06	25.32	366.04
771	367.28	24.83	367	359.92	197.28	120.61	120.84	381.63	367.53	270.2	155.85	25.07	25.32	366.04
772	367.27	24.8	367.07	359.92	197.5	120.6	120.84	381.63	367.54	270.17	155.79	25.05	25.31	366.08
773	367.29	24.75	367.14	359.9	197.7	120.58	120.82	381.62	367.52	270.12	155.88	25.05	25.3	366.13
774	367.33	24.73	367.21	359.86	198.01	120.62	120.82	381.62	367.53	270.05	156.01	25.05	25.31	366.16
775	367.38	24.66	367.23	359.82	198.34	120.61	120.8	381.6	367.55	269.95	156.03	25.06	25.3	366.23
776	367.42	24.83	367.21	359.79	198.64	120.6	120.79	381.58	367.57	269.81	156.07	25.06	25.3	366.28
777	367.55	24.88	367.21	359.78	198.99	120.6	120.78	381.55	367.56	269.61	155.97	25.05	25.31	366.3
778	367.65	24.87	367.15	359.85	199.22	120.6	120.77	381.54	367.56	269.39	155.93	25.05	25.31	366.3
779	367.72	24.91	367.1	359.92	199.21	120.58	120.77	381.55	367.55	269.24	155.94	25.06	25.3	366.24
780	367.8	24.82	367.08	359.97	198.8	120.51	120.76	381.57	367.57	269.11	155.76	25.05	25.3	366.13
781	367.85	24.91	367.06	360.02	198.49	120.48	120.75	381.59	367.58	269.08	155.61	25.06	25.3	366.12
782	367.88	24.9	367.05	360.07	198.1	120.47	120.73	381.6	367.6	269.15	155.67	25.05	25.3	366.13
783	367.94	24.79	367.04	360.13	197.7	120.53	120.71	381.61	367.65	269.27	155.79	25.06	25.3	366.18
784	367.97	24.88	367.02	360.18	197.69	120.66	120.72	381.63	367.72	269.31	155.93	25.05	25.3	366.21
785	367.99	24.91	367.01	360.23	197.91	120.82	120.74	381.67	367.78	269.28	155.87	25.06	25.3	366.26
786	367.97	25.01	366.96	360.29	197.6	120.92	120.76	381.72	367.82	269.28	155.79	25.06	25.31	366.35
787	367.96	24.96	366.84	360.33	197.37	121.01	120.78	381.77	367.84	269.36	155.86	25.05	25.31	366.44
788	367.99	24.98	366.78	360.31	197.33	121.06	120.78	381.81	367.85	269.5	156.07	25.05	25.31	366.46
789	368.06	25.02	366.75	360.27	197.41	121.16	120.78	381.85	367.81	269.67	156.31	25.06	25.31	366.46
790	368.13	25.11	366.75	360.24	197.48	121.28	120.78	381.89	367.68	269.85	156.52	25.06	25.31	366.44
791	368.17	24.95	366.77	360.24	197.63	121.43	120.79	381.94	367.58	270	156.7	25.06	25.3	366.44
792	368.18	24.98	366.77	360.23	197.95	121.59	120.81	381.98	367.49	270.02	156.7	25.06	25.3	366.46
793	368.15	24.93	366.71	360.24	198.21	121.63	120.85	382.02	367.44	269.99	156.55	25.06	25.31	366.46
794	368.14	24.94	366.69	360.25	198.33	121.64	120.89	382.05	367.39	269.96	156.47	25.06	25.31	366.5
795	368.16	24.96	366.68	360.24	198.11	121.66	120.94	382.07	367.39	269.98	156.46	25.06	25.31	366.58
796	368.22	24.95	366.71	360.22	198.13	121.71	120.99	382.11	367.44	270.08	156.61	25.06	25.32	366.65
797	368.29	24.82	366.76	360.22	197.94	121.66	121.02	382.14	367.49	270.16	156.59	25.06	25.31	366.65
798	368.34	24.89	366.79	360.24	197.71	121.52	121.06	382.17	367.51	270.22	156.34	25.07	25.31	366.67
799	368.34	24.87	366.81	360.27	197.59	121.4	121.08	382.18	367.53	270.34	156.17	25.06	25.31	366.7
800	368.31	24.88	366.84	360.29	197.44	121.31	121.1	382.2	367.53	270.42	155.97	25.06	25.31	366.69
801	368.25	24.82	366.89	360.33	197.4	121.25	121.12	382.22	367.54	270.52	155.77	25.06	25.31	366.66
802	368.22	25.07	366.95	360.39	197.48	121.27	121.14	382.23	367.57	270.65	155.78	25.06	25.31	366.7
803	368.21	25.1	367.03	360.43	197.55	121.32	121.17	382.26	367.61	270.75	156.02	25.06	25.32	366.77
804	368.16	25.11	367.13	360.5	197.96	121.54	121.23	382.25	367.7	270.8	156.29	25.07	25.32	366.87
805	368.09	25.21	367.18	360.53	198.3	121.78	121.29	382.25	367.77	270.81	156.23	25.08	25.33	366.91
806	368.08	25.28	367.22	360.53	198.65	121.9	121.37	382.26	367.84	270.72	156.16	25.07	25.34	366.81
807	368.11	25.31	367.28	360.51	198.96	122	121.44	382.28	367.87	270.64	156.14	25.08	25.33	366.73
808	368.13	25.23	367.35	360.5	199.26	122.03	121.5	382.28	367.86	270.5	156.08	25.06	25.32	366.72
809	368.16	25.13	367.39	360.5	199.44	121.99	121.55	382.3	367.81	270.32	155.96	25.07	25.33	366.76
810	368.17	25.08	367.43	360.52	199.54	121.97	121.61	382.33	367.77	270.16	156.01	25.07	25.32	366.82
811	368.2	25.13	367.49	360.51	199.66	122	121.65	382.35	367.73	270.03	156.08	25.07	25.32	366.84
812	368.22	25.21	367.51	360.51	199.77	122.08	121.69	382.38	367.73	269.98	156.27	25.07	25.32	366.78
813	368.35	25.35	367.53	360.53	199.68	122.26	121.76	382.4	367.75	270.04	156.44	25.07	25.32	366.74
814	368.44	25.25	367.55	360.58	199.48	122.43	121.84	382.44	367.77	270.1	156.44	25.07	25.33	366.7
815	368.5	25.12	367.58	360.61	199.51	122.48	121.88	382.46	367.83	270.18	156.43	25.07	25.32	366.61
816	368.55	25.1	367.6	360.64	199.35	122.52	121.93	382.49	367.9	270.24	156.48	25.07	25.32	366.58
817	368.57	25.28	367.61	360.64	199.16	122.6	121.97	382.52	368	270.35	156.55	25.07	25.32	366.58
818	368.59	25.21	367.62	360.67	199.12	122.72	122.03	382.55	368.1	270.49	156.71	25.07	25.32	366.53
819	368.57	24.98	367.64	360.68	199.13	122.85	122.08	382.55	368.17	270.65	156.88	25.07	25.32	366.53
820	368.49	25.15	367.64	360.68	199.2	122.96	122.15	382.56	368.23	270.84	157.07	25.07	25.32	366.57
821	368.43	25.27	367.65	360.71	199.31	123.08	122.22	382.59	368.27	270.98	157.08	25.07	25.33	366.69
822	368.38	25.31	367.6	360.77	199.58	123.14	122.35	382.62	368.3	271.11	157.18	25.08	25.33	366.79
823	368.39	25.25	367.56	360.82	199.55	123.14	122.43	382.67	368.3	271.21	157.29	25.08	25.33	366.81
824	368.44	25.16	367.62	360.86	199.7	123.22	122.51	382.71	368.29	271.37	157.54	25.08	25.33	366.84
825	368.51	25.15	367.67	360.88	199.96	123.29	122.58	382.75	368.29	271.46	157.76	25.08	25.33	366.89
826	368.59	25.14	367.71	360.89	200.36	123.43	122.65	382.79	368.29	271.48	157.93	25.08	25.34	366.92
827	368.66	25.19	367.76	360.91	200.61	123.53	122.72	382.82	368.31	271.46	157.99	25.08	25.33	366.9
828	368.69	25.15	367.77	360.94	200.51	123.63	122.78	382.84	368.33	271.43	158.01	25.08	25.34	366.84
829	368.75	25.19	367.75	360.95	200.59	123.75	122.85	382.85	368.36	271.4	158.08	25.08	25.33	366.84
830	368.84	25.19	367.76	360.97	200.86	123.88	122.93	382.85	368.39	271.31	158.11	25.08	25.34	366.88
831	368.93	25.04	367.78	361	200.53	123.87	123	382.86	368.43	271.28	158	25.08	25.33	366.94
832	368.94	25.07	367.84	361.05	200.08	123.74	123.07	382.89	368.46	271.34	157.96	25.08	25.34	366.99
833	368.94	25.2	367.9	361.07	199.84	123.65	123.09	382.9	368.52	271.46	157.94	25.08	25.34	367.04
834	368.94	25.22	367.95	361.1	199.63	123.6	123.11	382.91	368.58	271.55	157.92	25.1	25.33	367.06
835	368.94	25.24	367.97	361.1	199.63	123.55	123.13	382.93	368.6	271.57	157.87	25.09	25.32	367.07
836	368.95	25.05	368.01	361.1	199.8	123.51	123.15	382.95	368.65	271.53	157.78	25.09	25.33	367.08
837	368.96	25.1	368.05	361.13	200.13	123.49	123.18	382.97	368.69	271.43	157.83	25.09	25.33	367.06
838	368.93	25.04	368.05	361.16	200.4	123.45	123.21	382.99	368.74	271.26	157.79	25.08	25.32	367.05
839	368.91	25.09	368.06	361.18	200.43	123.32	123.23	383	368.79	271.12	157.57	25.09	25.32	367.08
840	368.88	25.18	368.06	361.16	200.11	123.1	123.22	383.03	368.8	271.09	157.51	25.08	25.32	367.17
841	368.79	25	368.09	361.11	199.73	122.92	123.22	383.07	368.82	271.09	157.33	25.08	25.31	367.34
842	368.74	25.1	368.14	361.12	199.69	122.74	123.19	383.1	368.85	271.06	157.01	25.09	25.32	367.44
843	368.72	24.96	368.22	361.14	199.64	122.66	123.16	383.12	368.9	271.04	156.95	25.09	25.32	367.51
844	368.76	25.08	368.31	361.18	199.48	122.61	123.14	383.14	368.96	271.08	156.97	25.09	25.33	367.53
845	368.83	24.98	368.4	361.23	199.34	122.62	123.1	383.16	369.01	271.2	157.21	25.09	25.31	367.56
846	368.87	24.97	368.47	361.29	199.25	122.73	123.1	383.17	369.05	271.35	157.37	25.08	25.31	367.6
847	368.9	24.91	368.54	361.37	199.3	122.83	123.09	383.21	369.07	271.44	157.55	25.08	25.32	367.68
848	368.92	24.99	368.61	361.47	199.46	123	123.08	383.22	369.07	271.51	157.83	25.09	25.32	367.79
849	368.89	25.16	368.69	361.63	199.36	123.24	123.08	383.24	369.07	271.56	158	25.09	25.32	367.85
850	368.89	25.2	368.77	361.77	199.26	123.37	123.08	383.26	369.08	271.66	158.07	25.09	25.32	367.81
851	368.91	25.06	368.81	361.82	199.38	123.4	123.09	383.27	369.1	271.72	158	25.08	25.32	367.82
852	368.96	25.21	368.85	361.88	199.5	123.4	123.11	383.28	369.14	271.81	158	25.09	25.33	367.85
853	369.02	25.36	368.88	361.94	199.81	123.4	123.12	383.29	369.19	271.83	157.98	25.1	25.33	367.87
854	369.09	25.39	368.91	362.01	199.86	123.42	123.15	383.3	369.25	271.85	158.06	25.1	25.33	367.84
855	369.13	25.28	368.92	362.06	199.75	123.41	123.16	383.32	369.32	271.9	158.14	25.09	25.33	367.74
856	369.16	25.3	368.92	362.15	199.71	123.44	123.18	383.33	369.37	271.96	158.28	25.1	25.33	367.7
857	369.22	25.38	368.89	362.26	199.68	123.46	123.18	383.35	369.46	272.09	158.45	25.1	25.33	367.65
858	369.33	25.36	368.76	362.4	199.63	123.58	123.17	383.4	369.52	272.16	158.61	25.11	25.33	367.52
859	369.43	25.47	368.64	362.46	199.42	123.69	123.16	383.42	369.57	272.24	158.63	25.11	25.34	367.44
860	369.5	25.33	368.57	362.5	199.3	123.67	123.16	383.45	369.58	272.3	158.63	25.11	25.33	367.44
861	369.49	25.34	368.51	362.55	199.28	123.61	123.18	383.47	369.58	272.4	158.53	25.1	25.33	367.48
862	369.46	25.41	368.46	362.57	199.49	123.57	123.2	383.49	369.56	272.45	158.42	25.1	25.33	367.53
863	369.47	25.47	368.44	362.61	199.61	123.55	123.21	383.51	369.53	272.43	158.34	25.11	25.33	367.58
864	369.5	25.46	368.45	362.65	199.73	123.6	123.26	383.54	369.49	272.46	158.38	25.1	25.34	367.64
865	369.55	25.39	368.46	362.64	199.72	123.66	123.29	383.55	369.45	272.52	158.46	25.11	25.33	367.71
866	369.58	25.2	368.4	362.6	199.7	123.81	123.34	383.56	369.42	272.61	158.64	25.1	25.33	367.81
867	369.64	25.21	368.37	362.54	199.87	123.99	123.41	383.6	369.39	272.69	158.75	25.1	25.33	367.94
868	369.68	25.35	368.38	362.45	200.01	124.04	123.48	383.63	369.37	272.74	158.83	25.11	25.34	368.03
869	369.63	25.19	368.4	362.37	199.85	124.04	123.51	383.64	369.34	272.79	158.71	25.1	25.33	368.07
870	369.56	25.18	368.42	362.31	199.57	123.96	123.55	383.67	369.3	272.86	158.48	25.1	25.32	368.09
871	369.5	25.19	368.45	362.25	199.27	123.85	123.58	383.71	369.29	272.9	158.35	25.1	25.33	368.09
872	369.47	25.23	368.49	362.2	199.31	123.69	123.6	383.73	369.28	272.94	158.17	25.11	25.32	367.99
873	369.53	25.29	368.55	362.17	199.47	123.5	123.61	383.75	369.3	272.88	157.8	25.11	25.33	367.92
874	369.62	25.39	368.59	362.14	199.4	123.32	123.61	383.78	369.29	272.79	157.46	25.11	25.33	367.88
875	369.73	25.39	368.63	362.11	199.37	123.14	123.6	383.81	369.18	272.7	157.34	25.11	25.33	367.91
876	369.85	25.37	368.71	362.09	199.5	123.03	123.58	383.86	369.04	272.58	157.25	25.1	25.33	368.02
877	369.89	25.47	368.74	362.09	199.75	122.93	123.53	383.89	368.97	272.44	157.25	25.11	25.33	368.14
878	369.9	25.42	368.76	362.06	199.82	122.97	123.49	383.91	368.87	272.23	157.49	25.11	25.32	368.2
879	369.88	25.46	368.74	362.01	199.65	123.1	123.45	383.92	368.77	272.14	157.76	25.11	25.33	368.16
880	369.82	25.36	368.7	361.96	199.45	123.22	123.41	383.95	368.7	272.09	157.85	25.11	25.33	368.09
881	369.76	25.31	368.68	361.91	199.34	123.33	123.4	383.97	368.65	272.06	157.89	25.12	25.32	368.09
882	369.68	25.3	368.66	361.84	199.3	123.47	123.4	383.96	368.59	272.09	158.13	25.11	25.33	368.11
883	369.62	25.39	368.68	361.8	199.3	123.62	123.39	383.97	368.54	272.14	158.37	25.12	25.33	368.11
884	369.58	25.33	368.69	361.76	199.33	123.74	123.39	383.97	368.52	272.19	158.42	25.12	25.33	368.18
885	369.51	25.32	368.72	361.71	199.26	123.78	123.38	383.99	368.51	272.24	158.36	25.11	25.32	368.37
886	369.49	25.37	368.73	361.65	199.01	123.64	123.37	383.99	368.53	272.3	158.19	25.12	25.32	368.44
887	369.48	25.21	368.75	361.64	198.75	123.52	123.36	384.01	368.6	272.36	158.06	25.12	25.32	368.44
888	369.46	25.11	368.78	361.63	198.83	123.41	123.37	384.01	368.68	272.36	157.9	25.1	25.32	368.43
889	369.46	25.34	368.8	361.64	199.07	123.23	123.36	384.03	368.78	272.23	157.58	25.11	25.31	368.4
890	369.47	25.23	368.85	361.69	199.06	123.1	123.35	384.05	368.89	272.08	157.31	25.11	25.31	368.35
891	369.49	25.37	368.89	361.77	198.88	123.07	123.35	384.08	368.96	272.04	157.26	25.12	25.32	368.33
892	369.54	25.27	368.95	361.84	199.07	123.1	123.36	384.1	369.05	271.91	157.32	25.13	25.33	368.37
893	369.59	25.25	369.01	361.93	199.44	123.17	123.37	384.12	369.14	271.76	157.29	25.12	25.32	368.44
894	369.65	25.3	369.12	362	199.91	123.25	123.38	384.15	369.24	271.6	157.34	25.12	25.32	368.54
895	369.69	25.37	369.19	362.01	200.16	123.28	123.39	384.17	369.34	271.42	157.29	25.11	25.32	368.54
896	369.68	25.32	369.2	362	200.05	123.24	123.39	384.17	369.38	271.26	157.13	25.12	25.32	368.5
897	369.67	25.33	369.24	361.99	199.7	123.08	123.38	384.18	369.41	271.19	156.77	25.11	25.32	368.47
898	369.67	25.49	369.26	361.97	199.18	122.87	123.35	384.18	369.45	271.2	156.62	25.13	25.32	368.44
899	369.69	25.36	369.3	361.97	198.81	122.74	123.31	384.19	369.53	271.27	156.6	25.12	25.32	368.43
900	369.75	25.28	369.33	361.99	198.78	122.67	123.27	384.19	369.6	271.35	156.68	25.12	25.32	368.47
901	369.81	25.39	369.33	361.99	198.95	122.68	123.23	384.2	369.59	271.34	156.63	25.12	25.32	368.57
902	369.86	25.43	369.3	362	199.18	122.72	123.2	384.24	369.55	271.27	156.62	25.12	25.32	368.71
903	369.96	25.42	369.3	362.08	199.05	122.86	123.17	384.28	369.51	271.25	156.68	25.12	25.31	368.88
904	370.07	25.42	369.35	362.17	198.95	123.08	123.17	384.34	369.47	271.26	156.85	25.13	25.31	368.93
905	370.15	25.27	369.35	362.22	199	123.23	123.16	384.38	369.46	271.3	156.99	25.12	25.31	368.91
906	370.21	25.31	369.33	362.26	199.08	123.3	123.16	384.41	369.42	271.37	157.12	25.12	25.31	368.88
907	370.25	25.49	369.26	362.24	199.05	123.31	123.16	384.42	369.41	271.47	157.18	25.13	25.31	368.84
908	370.25	25.34	369.17	362.22	198.93	123.29	123.16	384.44	369.42	271.54	157.21	25.12	25.31	368.78
909	370.27	25.45	369.07	362.23	198.91	123.33	123.15	384.47	369.44	271.67	157.33	25.13	25.32	368.73
910	370.29	25.42	369.04	362.26	198.97	123.38	123.16	384.49	369.46	271.78	157.31	25.13	25.31	368.71
911	370.33	25.29	369.04	362.27	199.09	123.4	123.17	384.52	369.48	271.87	157.38	25.12	25.31	368.71
912	370.39	25.56	369.1	362.32	199.26	123.53	123.2	384.56	369.52	271.94	157.54	25.12	25.31	368.71
913	370.48	25.54	369.17	362.37	199.28	123.74	123.24	384.59	369.55	272.05	157.84	25.12	25.31	368.73
914	370.57	25.49	369.24	362.39	199.22	123.85	123.26	384.61	369.58	272.14	158.05	25.12	25.31	368.81
915	370.63	25.46	369.27	362.4	198.98	123.88	123.26	384.63	369.6	272.2	158.03	25.12	25.31	368.87
916	370.61	25.48	369.28	362.37	198.69	123.75	123.25	384.63	369.53	272.25	157.72	25.12	25.31	368.72
917	370.5	25.58	369.25	362.3	198.5	123.53	123.24	384.58	369.4	272.24	157.27	25.13	25.32	368.47
918	370.32	25.52	369.18	362.19	198.41	123.26	123.23	384.45	369.22	272.14	156.78	25.13	25.32	368.22
919	370.11	25.4	369.07	362.09	198.41	122.98	123.22	384.25	369.09	272.04	156.59	25.12	25.31	367.96
920	369.92	25.43	368.95	361.96	198.27	122.76	123.19	384	368.88	271.92	156.36	25.12	25.31	367.72
921	369.55	25.27	368.76	361.77	198.01	122.37	123.13	383.59	368.62	271.76	155.99	25.11	25.3	367.4
