Time,TC1_tip,TC_9.5,TC3,TC5,TC7,TC9,TC10,TC_Bottom_rec_groove,TC4,TC6,TC8,TC_wall_ins_ext,TC_bottom_ins_groove,TC2
Seconds,°C,°C,°C,°C,°C,°C,°C,°C,°C,°C,°C,°C,°C,°C
,,,,,,,,,,,,,,
0,371.72,378.51,378.03,377.21,182.88,68.95,57.78,366.21,380.86,275.54,121.16,26.6,27.44,375.1
1,371.69,377.87,378.03,377.24,182.98,68.95,57.77,366.2,380.88,275.55,121.19,26.6,27.45,375.08
2,371.65,377.49,378.04,377.32,183.12,68.97,57.76,366.17,380.9,275.58,121.33,26.61,27.45,375.07
3,371.62,377.38,378.05,377.4,183.27,69,57.76,366.15,380.92,275.61,121.53,26.61,27.45,375.05
4,371.59,377.4,378.04,377.45,183.38,69.05,57.74,366.12,380.95,275.64,121.69,26.61,27.46,375.04
5,371.57,377.63,378.05,377.49,183.46,69.12,57.74,366.1,380.97,275.66,121.8,26.61,27.46,375.03
6,371.56,378.04,378.06,377.53,183.33,69.14,57.76,366.1,380.98,275.67,121.67,26.61,27.46,375.02
7,371.54,378.66,378.09,377.55,183.03,69.11,57.77,366.08,381.01,275.67,121.45,26.62,27.45,375.02
8,371.53,379.52,378.1,377.58,182.78,69.05,57.76,366.06,381.03,275.66,121.14,26.61,27.45,375.02
9,371.5,379.58,378.1,377.6,182.62,68.97,57.76,366.05,381.05,275.65,120.93,26.61,27.46,375.01
10,371.47,378.48,378.11,377.63,182.56,68.91,57.75,366.02,381.07,275.65,120.9,26.61,27.46,375
11,371.44,378,378.13,377.67,182.55,68.84,57.75,365.99,381.09,275.67,120.86,26.6,27.45,374.97
12,371.4,378.3,378.14,377.71,182.41,68.8,57.74,365.96,381.1,275.7,120.81,26.6,27.45,374.94
13,371.37,378.6,378.14,377.74,182.27,68.75,57.73,365.95,381.11,275.73,120.67,26.6,27.45,374.91
14,371.35,378.75,378.14,377.76,182.25,68.71,57.72,365.94,381.13,275.78,120.62,26.61,27.45,374.9
15,371.34,378.31,378.15,377.79,182.33,68.7,57.71,365.91,381.15,275.82,120.65,26.61,27.46,374.88
16,371.32,379.96,378.16,377.81,182.54,68.72,57.7,365.89,381.18,275.88,120.78,26.61,27.46,374.86
17,371.29,382.67,378.17,377.83,182.82,68.75,57.71,365.88,381.22,276,120.89,26.61,27.47,374.87
18,371.28,383.3,378.19,377.84,183.01,68.77,57.69,365.86,381.32,276.1,120.94,26.62,27.47,375.2
19,371.65,382.37,378.21,377.86,183.19,68.82,57.7,365.86,381.32,276.17,121.02,26.61,27.46,375.43
20,372.53,380.86,378.21,377.7,183.24,68.86,57.7,365.9,381.24,276.21,121.1,26.61,27.46,375.85
21,373.26,379.81,378.21,377.49,183.03,68.83,57.68,366,381.12,276.19,121.01,26.61,27.46,376.16
22,373.75,379.05,378.25,377.34,182.78,68.77,57.67,366.1,380.94,276.1,120.75,26.61,27.45,376.4
23,374.27,378.46,378.29,377.15,182.6,68.73,57.65,366.2,380.79,275.98,120.6,26.61,27.46,376.59
24,374.78,378.15,378.39,376.96,182.61,68.73,57.63,366.33,380.65,275.9,120.66,26.61,27.46,376.8
25,375.28,378,378.5,376.77,182.58,68.72,57.61,366.46,380.55,275.88,120.61,26.61,27.45,377.04
26,375.77,378.22,378.6,376.56,182.53,68.66,57.61,366.61,380.46,275.88,120.5,26.6,27.46,377.24
27,376.15,377.88,378.67,376.37,182.49,68.59,57.59,366.77,380.34,275.86,120.37,26.61,27.45,377.42
28,376.45,377.42,378.74,376.17,182.39,68.51,57.57,366.92,380.23,275.81,120.28,26.62,27.46,377.61
29,376.87,377.66,378.86,375.91,182.25,68.42,57.55,367.17,380.12,275.78,120.22,26.61,27.46,377.78
30,377.21,377.79,378.96,375.65,182.21,68.36,57.51,367.41,380.01,275.76,120.23,26.61,27.45,378
31,377.43,377.74,379.02,375.5,182.24,68.33,57.49,367.57,379.91,275.72,120.27,26.61,27.46,378.09
32,377.57,377.28,379.07,375.36,182.26,68.37,57.48,367.73,379.82,275.66,120.24,26.61,27.46,378.15
33,377.74,377.08,379.12,375.25,182.27,68.39,57.47,367.88,379.79,275.65,120.3,26.61,27.45,378.27
34,377.91,377.47,379.17,375.12,182.3,68.38,57.45,368.01,379.73,275.61,120.36,26.61,27.46,378.32
35,378.02,378.04,379.22,375.01,182.21,68.33,57.43,368.14,379.66,275.54,120.32,26.61,27.46,378.37
36,378.07,378.57,379.24,374.89,181.93,68.26,57.4,368.27,379.59,275.39,120.04,26.61,27.46,378.39
37,378.14,378.18,379.26,374.78,181.62,68.17,57.38,368.37,379.53,275.23,119.79,26.61,27.45,378.45
38,378.19,377.59,379.29,374.64,181.41,68.08,57.34,368.5,379.51,275.06,119.8,26.61,27.47,378.47
39,378.23,377.09,379.3,374.49,181.31,68.04,57.3,368.59,379.49,274.89,119.87,26.61,27.47,378.45
40,378.18,376.76,379.3,374.39,181.28,68.01,57.27,368.62,379.49,274.68,119.85,26.62,27.47,378.41
41,378.16,376.77,379.3,374.32,181.22,67.99,57.25,368.65,379.49,274.44,119.84,26.61,27.47,378.44
42,378.17,376.97,379.29,374.24,181.18,67.99,57.22,368.67,379.5,274.23,119.85,26.61,27.47,378.43
43,378.17,377.33,379.31,374.19,181.29,67.99,57.2,368.69,379.53,273.91,119.94,26.62,27.47,378.44
44,378.17,377.85,379.33,374.14,181.41,68.01,57.18,368.7,379.54,273.54,120.09,26.61,27.47,378.43
45,378.18,378.54,379.36,374.1,181.5,68.03,57.15,368.71,379.53,273.12,120.26,26.61,27.47,378.45
46,378.16,378.98,379.4,374.07,181.57,68.06,57.13,368.72,379.53,272.69,120.34,26.62,27.47,378.48
47,378.14,378.42,379.44,374.05,181.46,68.12,57.11,368.73,379.54,272.41,120.33,26.62,27.48,378.51
48,378.08,377.25,379.48,374.08,181.43,68.22,57.09,368.73,379.54,272.03,120.38,26.61,27.47,378.49
49,378.03,377.63,379.5,374.12,181.34,68.27,57.09,368.73,379.52,271.67,120.47,26.62,27.48,378.48
50,377.97,378.68,379.51,374.18,181.26,68.33,57.09,368.73,379.52,271.35,120.55,26.61,27.47,378.49
51,377.91,378.73,379.51,374.22,181.25,68.33,57.08,368.74,379.51,271.02,120.54,26.6,27.47,378.5
52,377.83,376.6,379.52,374.27,181.22,68.33,57.08,368.73,379.53,270.75,120.54,26.61,27.47,378.49
53,377.78,375.78,379.52,374.31,181.15,68.33,57.07,368.74,379.6,270.51,120.45,26.62,27.47,378.47
54,377.74,375.68,379.51,374.32,181.12,68.31,57.05,368.74,379.66,270.36,120.38,26.61,27.46,378.41
55,377.7,375.51,379.49,374.32,181.15,68.29,57.04,368.73,379.71,270.17,120.39,26.61,27.47,378.33
56,377.64,375.68,379.48,374.31,181.26,68.29,57.02,368.73,379.76,269.95,120.39,26.61,27.47,378.27
57,377.58,376.04,379.46,374.3,181.26,68.29,57.02,368.74,379.81,269.71,120.31,26.62,27.47,378.17
58,377.53,376.34,379.44,374.3,181.18,68.29,57.02,368.74,379.85,269.47,120.26,26.62,27.46,378.11
59,377.46,377.3,379.42,374.31,181.09,68.29,57.01,368.73,379.9,269.25,120.26,26.62,27.47,378.06
60,377.38,378.22,379.39,374.31,181.01,68.3,57,368.72,379.97,269.05,120.3,26.63,27.46,378.05
61,377.3,378.53,379.36,374.33,180.98,68.31,57.01,368.72,380.02,268.92,120.29,26.63,27.46,378.06
62,377.23,378.34,379.35,374.36,180.91,68.34,57.02,368.72,380.09,268.78,120.26,26.63,27.45,378.09
63,377.14,376.92,379.31,374.37,180.72,68.34,57.02,368.72,380.14,268.65,120.16,26.62,27.46,378.11
64,377.04,376.19,379.3,374.42,180.61,68.36,57.04,368.7,380.19,268.53,120.15,26.63,27.45,378.15
65,376.86,377.29,379.29,374.5,180.51,68.38,57.03,368.7,380.25,268.44,120.15,26.62,27.46,378.2
66,376.89,376.97,379.15,374.39,180.23,68.37,57.05,368.63,380.12,268.3,120.05,26.62,27.42,378.26
67,376.5,376.57,378.35,373.74,179.78,68.33,57.05,368.61,379.18,267.99,119.81,26.63,27.38,377.03
68,375.02,375.66,377,372.58,179.3,68.25,57.02,368.61,377.15,267.54,119.36,26.64,27.37,374.87
69,372.84,374.87,375.19,370.87,178.86,68.15,57,368.59,374.42,266.83,118.92,26.63,27.37,371.97
70,370.11,374.25,373.05,368.73,178.33,68.01,56.97,368.59,372.27,266.23,118.57,26.63,27.37,368.37
71,366.92,373.97,370.53,366.22,177.59,67.86,56.96,368.59,368.63,265.13,117.98,26.63,27.36,364.12
72,363.27,374.29,367.72,363.44,176.89,67.7,56.92,368.58,364.98,263.98,117.71,26.63,27.36,359.78
73,359.43,374.57,364.72,360.43,176.35,67.62,56.9,368.57,361.19,262.67,117.53,26.62,27.36,355.59
74,353.24,374.94,359.96,355.55,175.63,67.51,56.86,368.58,357.44,261.27,117.32,26.62,27.36,349.53
75,347.35,376.15,355.14,350.34,174.83,67.37,56.81,368.59,353.51,259.7,116.99,26.63,27.37,343.51
76,343.62,380.2,351.79,346.7,174.24,67.28,56.76,368.58,349.46,258.04,116.66,26.63,27.38,339.42
77,340.04,381.28,348.41,342.99,173.63,67.19,56.7,368.58,346.75,256.88,116.45,26.63,27.38,335.29
78,336.53,380.85,344.99,339.24,172.98,67.11,56.67,368.61,342.68,255.08,116.11,26.63,27.38,331.34
79,333.07,380.36,341.57,335.49,172.31,67.01,56.62,368.67,338.61,253.25,115.8,26.63,27.4,327.39
80,329.65,379.58,338.13,331.71,171.62,66.94,56.57,368.76,334.54,251.35,115.49,26.64,27.4,323.46
81,326.31,378.93,334.7,327.94,170.87,66.85,56.52,368.87,330.47,249.4,115.14,26.63,27.4,319.66
82,323,378.61,331.21,324.18,170.11,66.77,56.47,368.96,326.4,247.41,114.79,26.63,27.41,315.93
83,318.08,378.52,326.03,318.6,168.88,66.63,56.4,369.11,322.32,245.37,114.37,26.63,27.4,310.43
84,313.15,378.61,320.85,313.04,167.56,66.48,56.31,369.3,319.56,243.99,114.12,26.62,27.4,304.8
85,309.83,378.61,317.39,309.39,166.63,66.37,56.26,369.42,315.46,241.91,113.66,26.64,27.42,301.08
86,306.54,378.69,313.95,305.79,165.75,66.26,56.2,369.56,311.42,239.81,113.18,26.63,27.41,297.44
87,303.32,378.92,310.55,302.23,164.86,66.16,56.16,369.68,307.44,237.69,112.75,26.64,27.42,293.9
88,300.15,379.21,307.14,298.69,163.92,66.03,56.1,369.78,303.44,235.57,112.29,26.63,27.42,290.36
89,296.96,380.04,303.73,295.18,162.98,65.93,56.05,369.88,300.78,234.14,112,26.63,27.42,286.83
90,293.83,379.88,300.38,291.73,162.01,65.81,55.99,369.98,296.84,232.01,111.56,26.63,27.41,283.35
91,290.71,378.97,297.06,288.34,161.08,65.71,55.93,370.07,292.93,229.88,111.16,26.63,27.42,279.94
92,286,377.93,292.11,283.29,159.63,65.57,55.82,370.2,289.05,227.75,110.81,26.64,27.43,274.81
93,281.35,377.9,287.17,278.34,158.17,65.44,55.71,370.36,285.21,225.63,110.45,26.64,27.44,269.79
94,278.27,378.21,283.91,275.11,157.18,65.33,55.65,370.48,281.42,223.52,110.03,26.64,27.43,266.56
95,275.25,378.26,280.71,271.94,156.22,65.22,55.57,370.61,277.71,221.41,109.6,26.64,27.44,263.36
96,272.29,378.35,277.55,268.83,155.28,65.11,55.5,370.74,274.11,219.33,109.19,26.63,27.44,260.3
97,269.42,378.34,274.43,265.8,154.38,65.01,55.44,370.88,270.62,217.26,108.79,26.63,27.45,257.31
98,266.6,378.33,271.39,262.84,153.45,64.88,55.37,371.02,268.36,215.89,108.48,26.64,27.46,254.33
99,263.83,377.93,268.38,259.95,152.49,64.77,55.31,371.15,265,213.86,108.1,26.63,27.46,251.51
100,261.08,377.29,265.42,257.09,151.56,64.66,55.22,371.26,261.72,211.84,107.74,26.63,27.46,248.75
101,257.06,376.8,261.06,252.9,150.2,64.48,55.13,371.41,258.52,209.85,107.28,26.64,27.47,244.73
102,253.14,375.29,256.85,248.82,148.82,64.29,55.02,371.56,255.32,207.86,106.8,26.64,27.48,240.76
103,250.57,373.85,254.12,246.14,147.88,64.18,54.96,371.64,253.21,206.53,106.47,26.64,27.5,238.12
104,248.03,371.88,251.44,243.46,146.94,64.04,54.89,371.71,250.08,204.56,105.97,26.65,27.51,235.54
105,245.52,370.03,248.77,240.83,145.98,63.91,54.82,371.77,246.93,202.59,105.44,26.65,27.52,232.96
106,243.04,368.76,246.09,238.21,144.99,63.77,54.75,371.83,243.76,200.62,104.88,26.65,27.52,230.36
107,240.59,368.93,243.41,235.6,144.01,63.63,54.68,371.87,240.62,198.65,104.35,26.65,27.54,227.78
108,238.19,368.17,240.74,233.02,143.02,63.46,54.6,371.9,237.52,196.71,103.8,26.65,27.54,225.2
109,235.85,368.68,238.09,230.47,142.02,63.32,54.52,371.94,234.45,194.78,103.25,26.65,27.55,222.63
110,232.5,369.84,234.15,226.7,140.52,63.1,54.39,371.98,232.44,193.5,102.92,26.65,27.55,218.82
111,229.31,373.5,230.26,223.02,139.05,62.92,54.28,372,229.5,191.61,102.42,26.65,27.55,215.13
112,227.3,374.57,227.71,220.63,138.12,62.79,54.18,371.63,226.65,189.73,101.95,26.65,27.55,212.78
113,225.36,370.81,225.24,218.27,137.24,62.67,54.11,371.05,223.88,187.89,101.5,26.65,27.56,210.55
114,223.49,364.93,222.83,215.94,136.33,62.55,54.02,370.55,221.14,186.06,101.05,26.65,27.56,208.41
115,221.66,363.35,220.45,213.66,135.43,62.43,53.94,370.28,218.41,184.24,100.55,26.66,27.56,206.26
116,219.83,365.56,218.09,211.41,134.52,62.31,53.86,370.17,215.71,182.45,100.06,26.66,27.56,204.1
117,218.01,366.49,215.76,209.17,133.61,62.18,53.78,370.18,213.92,181.26,99.74,26.64,27.56,201.95
118,216.17,365.24,213.46,206.99,132.69,62.06,53.7,370.21,211.29,179.51,99.23,26.65,27.57,199.83
119,213.4,362.26,210.06,203.77,131.35,61.85,53.57,370.28,208.7,177.78,98.73,26.64,27.57,196.68
120,210.67,361.87,206.73,200.64,130.03,61.66,53.45,370.32,206.15,176.07,98.24,26.66,27.57,193.59
121,208.87,364.43,204.55,198.57,129.16,61.54,53.36,370.34,203.64,174.38,97.74,26.65,27.56,191.56
122,207.06,363.06,202.39,196.54,128.29,61.42,53.28,370.35,201.17,172.69,97.23,26.65,27.56,189.55
123,205.24,360.34,200.25,194.51,127.42,61.31,53.2,370.35,198.72,171.01,96.72,26.65,27.54,187.59
124,203.42,359.83,198.14,192.53,126.54,61.18,53.11,370.34,197.11,169.91,96.39,26.65,27.55,185.7
125,201.6,360.07,196.08,190.58,125.7,61.05,53.01,370.33,194.81,168.3,95.96,26.66,27.54,183.83
126,199.8,362.06,194.07,188.7,124.89,60.95,52.93,370.3,192.56,166.7,95.53,26.66,27.51,182.04
127,198.04,360.5,192.09,186.82,124.1,60.86,52.85,370.27,190.36,165.12,95.09,26.66,27.51,180.32
128,195.44,358.3,189.21,184.06,122.9,60.69,52.73,370.22,188.19,163.55,94.63,26.67,27.5,177.84
129,192.88,358.57,186.4,181.35,121.68,60.52,52.62,370.15,186.03,162.01,94.15,26.66,27.49,175.48
130,191.15,358.15,184.55,179.6,120.86,60.4,52.54,370.11,183.89,160.49,93.68,26.66,27.48,173.93
131,189.4,358.07,182.73,177.86,120.06,60.28,52.46,370.07,181.77,158.99,93.22,26.67,27.47,172.38
132,187.65,360.39,180.92,176.14,119.3,60.17,52.39,370.03,179.65,157.51,92.74,26.66,27.46,170.82
133,185.91,361.43,179.16,174.44,118.53,60.06,52.3,369.98,178.26,156.51,92.44,26.66,27.44,169.22
134,184.15,358.69,177.41,172.77,117.76,59.93,52.23,369.93,176.19,155.04,91.96,26.66,27.44,167.64
135,182.41,358.28,175.67,171.1,116.98,59.79,52.13,369.86,174.15,153.59,91.45,26.67,27.42,166.06
136,180.68,356.82,173.95,169.47,116.2,59.66,52.06,369.82,172.14,152.14,90.92,26.66,27.41,164.51
137,178.1,354.86,171.42,167.06,115.03,59.44,51.95,369.72,170.15,150.7,90.39,26.65,27.4,162.21
138,175.52,353.61,168.92,164.69,113.88,59.23,51.82,369.63,168.22,149.29,89.87,26.66,27.38,159.92
139,173.82,353.86,167.29,163.13,113.11,59.08,51.75,369.59,166.31,147.89,89.35,26.66,27.37,158.41
140,172.15,353.87,165.68,161.61,112.32,58.95,51.65,369.54,165.09,146.97,89.06,26.66,27.37,156.94
141,170.51,353.34,164.12,160.15,111.49,58.82,51.56,369.51,163.31,145.64,88.69,26.67,27.36,155.43
142,168.9,352.7,162.58,158.72,110.6,58.68,51.45,369.46,161.58,144.35,88.3,26.68,27.37,153.81
143,167.4,351.99,161.11,157.37,109.86,58.57,51.39,369.49,159.99,143.07,87.94,26.66,27.45,152.38
144,175.45,351.66,167,156.88,109.22,58.46,51.29,369.46,165.54,141.82,87.55,26.66,27.44,169.17
145,187.74,352.32,181.57,160.86,108.74,58.37,51.21,369.25,174.9,140.99,87.34,26.67,27.45,190.27
146,207.44,352.28,203.58,172.13,108.19,58.29,51.11,368.49,192.12,139.93,87.09,26.67,27.44,222.4
147,228.49,352.06,223.19,186.32,107.68,58.23,51.03,368.08,209.42,139.24,86.88,26.66,27.44,250.02
148,243.51,352.21,235.85,196.7,107.36,58.19,50.98,368.01,225.59,139.08,86.61,26.67,27.45,265.87
149,256.93,352.28,247.4,206.98,107.09,58.14,50.95,367.99,240.96,139.3,86.37,26.67,27.45,279.63
150,268.95,351.88,258.04,216.88,106.89,58.09,50.92,367.95,254.19,139.98,86.1,26.67,27.44,290.37
151,279.68,351.23,267.5,226.49,106.76,58.02,50.87,367.89,265.79,141.04,85.89,26.67,27.45,299.27
152,289.36,350.81,275.58,235.69,106.69,57.98,50.83,367.83,275.71,142.5,85.74,26.67,27.45,307
153,298.08,351.18,283,244.43,106.74,57.95,50.8,367.78,284.56,144.28,85.61,26.68,27.45,313.71
154,305.91,350.59,289.9,252.64,106.77,57.91,50.78,367.72,289.9,145.62,85.54,26.67,27.45,319.42
155,316.11,348.86,298.78,263.95,106.98,57.9,50.73,367.66,297.18,147.77,85.44,26.67,27.45,326.66
156,325.22,348.59,306.85,274.32,107.33,57.89,50.69,367.61,303.83,150,85.36,26.67,27.44,332.91
157,331.13,347.93,311.64,280.6,107.59,57.87,50.66,367.57,309.7,152.32,85.23,26.67,27.45,336.46
158,336.25,346.38,316.06,286.33,107.97,57.84,50.63,367.55,315.11,154.65,85.12,26.68,27.46,339.59
159,340.69,345.79,320.15,291.53,108.42,57.84,50.61,367.52,319.85,157.04,85.04,26.68,27.46,342.28
160,344.53,345.11,323.89,296.24,108.87,57.83,50.6,367.5,324.11,159.33,84.91,26.68,27.45,344.59
161,347.73,344.82,327.33,300.62,109.37,57.79,50.57,367.47,326.68,160.82,84.83,26.67,27.46,346.77
162,350.45,345.01,330.51,304.7,109.89,57.77,50.54,367.43,330.17,163.09,84.73,26.68,27.45,348.8
163,352.77,344.59,333.41,308.5,110.41,57.75,50.52,367.39,333.35,165.32,84.62,26.68,27.45,350.61
164,355.65,344.87,337.34,313.61,111.28,57.76,50.5,367.36,336.17,167.53,84.58,26.67,27.45,352.96
165,358.03,348.93,340.9,318.18,112.31,57.8,50.49,367.33,338.75,169.74,84.59,26.68,27.45,355.05
166,359.36,354.16,343.01,320.9,113.02,57.81,50.49,367.3,341.19,172.03,84.69,26.68,27.46,356.34
167,360.57,358.11,345.05,323.5,113.73,57.8,50.48,367.28,343.66,174.33,84.77,26.68,27.45,357.57
168,361.65,359.85,346.97,325.98,114.44,57.79,50.49,367.26,345.26,175.88,84.82,26.68,27.47,358.76
169,362.64,360.61,348.79,328.33,115.19,57.78,50.49,367.25,347.48,178.17,84.85,26.68,27.45,359.8
170,363.5,360.14,350.46,330.53,115.93,57.79,50.49,367.24,349.41,180.42,84.93,26.68,27.45,360.67
171,364.24,359.09,351.97,332.57,116.69,57.78,50.49,367.21,351.1,182.66,85.02,26.68,27.46,361.43
172,364.84,359.42,353.31,334.45,117.43,57.78,50.49,367.19,352.62,184.91,85.09,26.68,27.46,362.06
173,365.55,361.38,355.1,337.04,118.6,57.76,50.47,367.15,353.93,187.12,85.18,26.68,27.45,362.86
174,366.13,361.35,356.67,339.37,119.64,57.71,50.46,367.1,355.12,189.32,85.15,26.69,27.46,363.52
175,366.45,361.11,357.59,340.75,120.27,57.66,50.44,367.07,355.84,190.73,85.1,26.69,27.46,363.9
176,366.72,361.87,358.43,342.02,120.96,57.65,50.45,367.05,356.78,192.71,85.09,26.68,27.45,364.23
177,366.96,362.4,359.19,343.19,121.57,57.67,50.45,367.02,357.62,194.61,85.18,26.69,27.45,364.51
178,367.15,362.36,359.89,344.27,122.29,57.72,50.45,366.98,358.39,196.45,85.4,26.68,27.45,364.78
179,367.31,362.27,360.52,345.28,123.14,57.79,50.48,366.95,359.08,198.23,85.68,26.69,27.45,365.01
180,367.46,362.03,361.09,346.17,124.03,57.87,50.48,366.92,359.69,199.96,85.93,26.69,27.46,365.19
181,367.57,361.38,361.6,346.99,124.84,57.93,50.5,366.88,360.23,201.6,86.05,26.69,27.46,365.32
182,367.72,360.9,362.3,348.07,125.86,57.96,50.54,366.83,360.56,202.63,86.09,26.68,27.46,365.54
183,367.81,359.8,362.9,348.98,126.82,57.99,50.55,366.77,361.01,204.12,86.23,26.68,27.45,365.72
184,367.85,359.18,363.25,349.43,127.51,57.98,50.58,366.75,361.41,205.51,86.38,26.68,27.44,365.82
185,367.88,358.83,363.55,349.76,128.14,57.94,50.58,366.7,361.76,206.82,86.52,26.68,27.44,365.89
186,367.9,358.64,363.85,350,128.82,57.93,50.59,366.67,362.1,208.04,86.73,26.67,27.45,365.95
187,367.93,357.89,364.12,350.15,129.44,57.89,50.6,366.63,362.4,209.17,86.91,26.68,27.44,365.99
188,367.97,357.22,364.35,350.27,130.11,57.88,50.6,366.59,362.68,210.3,87.14,26.68,27.44,366.04
189,367.99,356.98,364.56,350.38,130.78,57.86,50.61,366.56,362.85,211.04,87.27,26.67,27.44,366.07
190,367.99,357.85,364.74,350.53,131.37,57.83,50.61,366.51,363.08,212.11,87.34,26.68,27.45,366.1
191,367.96,358.28,364.97,350.9,132.19,57.75,50.6,366.46,363.28,213.15,87.39,26.67,27.44,366.12
192,367.88,358.1,365.18,351.33,133.01,57.7,50.61,366.41,363.48,214.26,87.55,26.69,27.45,366.1
193,367.83,358.07,365.3,351.61,133.55,57.68,50.61,366.37,363.59,215.37,87.71,26.68,27.46,366.07
194,367.75,359.82,365.41,351.93,134.19,57.68,50.6,366.32,363.65,216.55,87.99,26.69,27.46,366.04
195,367.65,360.97,365.49,352.27,134.85,57.7,50.6,366.27,363.76,217.75,88.34,26.7,27.47,366
196,367.56,361.1,365.56,352.6,135.52,57.73,50.6,366.22,363.85,218.52,88.55,26.69,27.46,365.98
197,367.5,360.98,365.64,352.95,136.14,57.76,50.59,366.17,363.98,219.64,88.81,26.7,27.46,365.97
198,367.45,360.84,365.71,353.28,136.68,57.76,50.59,366.11,364.08,220.73,88.97,26.69,27.46,365.95
199,367.4,360.51,365.75,353.61,137.15,57.76,50.57,366.07,364.15,221.75,89.08,26.69,27.46,365.94
200,367.28,360.03,365.79,354.02,137.93,57.76,50.57,366,364.21,222.79,89.32,26.7,27.47,365.86
201,367.19,360.86,365.83,354.4,138.87,57.79,50.57,365.92,364.27,223.78,89.65,26.7,27.46,365.79
202,367.14,361.5,365.83,354.63,139.46,57.82,50.58,365.87,364.32,224.7,89.96,26.69,27.46,365.75
203,367.12,361.12,365.84,354.83,139.89,57.83,50.57,365.82,364.36,225.31,90.13,26.69,27.46,365.72
204,367.11,360.85,365.84,355,140.22,57.83,50.57,365.77,364.42,226.13,90.24,26.69,27.47,365.69
205,367.1,360.46,365.87,355.12,140.56,57.81,50.55,365.72,364.47,226.9,90.37,26.7,27.48,365.65
206,367.08,359.92,365.88,355.15,140.99,57.8,50.53,365.69,364.45,227.77,90.57,26.7,27.47,365.63
207,367.05,359.55,365.9,355.18,141.46,57.79,50.53,365.65,364.45,228.48,90.71,26.69,27.46,365.61
208,367.01,359.25,365.9,355.14,141.9,57.77,50.53,365.6,364.45,229.05,90.82,26.69,27.46,365.59
209,366.97,359.13,365.93,354.95,142.57,57.74,50.52,365.54,364.46,229.59,91.01,26.69,27.46,365.57
210,366.92,359.07,365.94,354.74,143.27,57.74,50.53,365.49,364.46,229.91,91.15,26.68,27.45,365.54
211,366.89,359.38,365.95,354.65,143.7,57.75,50.52,365.46,364.44,230.34,91.36,26.69,27.47,365.48
212,366.83,359.98,365.94,354.6,144.16,57.76,50.52,365.41,364.4,230.76,91.59,26.7,27.48,365.43
213,366.77,360.52,365.9,354.61,144.67,57.78,50.52,365.37,364.4,231.19,91.9,26.7,27.47,365.37
214,366.69,360.17,365.83,354.67,145.08,57.83,50.52,365.33,364.39,231.6,92.19,26.69,27.47,365.31
215,366.6,359.11,365.75,354.78,145.39,57.87,50.53,365.28,364.39,231.97,92.36,26.7,27.46,365.24
216,366.51,357.7,365.71,354.93,145.65,57.89,50.53,365.23,364.37,232.34,92.56,26.69,27.46,365.16
217,366.42,357.78,365.68,355.05,145.97,57.91,50.53,365.18,364.37,232.63,92.69,26.68,27.46,365.12
218,366.33,358.97,365.62,355.25,146.43,57.92,50.52,365.07,364.36,233.11,92.86,26.69,27.46,365.06
219,366.26,358.56,365.54,355.46,146.91,57.96,50.51,365,364.34,233.56,93.09,26.69,27.46,365.01
220,366.24,358.68,365.52,355.62,147.31,57.99,50.52,364.95,364.32,234.05,93.42,26.68,27.46,364.97
221,366.21,359.2,365.48,355.75,147.72,58.03,50.53,364.9,364.3,234.54,93.73,26.69,27.46,364.93
222,366.17,359.55,365.43,355.86,148.08,58.07,50.54,364.86,364.29,234.91,93.95,26.7,27.46,364.89
223,366.14,359.68,365.39,355.96,148.42,58.12,50.55,364.81,364.28,235.47,94.26,26.7,27.46,364.86
224,366.12,358.51,365.37,356.05,148.7,58.15,50.57,364.77,364.28,235.98,94.49,26.69,27.46,364.84
225,366.08,357.1,365.35,356.1,149.02,58.18,50.58,364.73,364.28,236.46,94.78,26.69,27.46,364.81
226,366.06,356.53,365.32,356.15,149.42,58.21,50.58,364.7,364.27,236.92,95.14,26.69,27.46,364.77
227,366.06,355.95,365.29,356.1,150.03,58.28,50.6,364.63,364.25,237.36,95.45,26.69,27.47,364.72
228,366,356.42,365.26,355.91,150.58,58.35,50.62,364.59,364.2,237.75,95.71,26.69,27.46,364.67
229,365.95,356.65,365.24,355.71,150.86,58.37,50.64,364.54,364.17,238.1,95.95,26.69,27.46,364.63
230,365.91,356.22,365.22,355.52,151.11,58.4,50.64,364.5,364.13,238.43,96.14,26.7,27.47,364.61
231,365.86,356.09,365.2,355.34,151.29,58.43,50.65,364.45,364.1,238.65,96.24,26.7,27.47,364.59
232,365.81,356.28,365.18,355.17,151.61,58.47,50.67,364.39,364.04,238.93,96.48,26.69,27.46,364.56
233,365.76,356.21,365.15,355.04,151.9,58.5,50.68,364.34,363.96,239.22,96.75,26.7,27.47,364.54
234,365.67,357.07,365.1,354.97,152.19,58.51,50.7,364.29,363.84,239.48,96.96,26.69,27.47,364.49
235,365.59,357.79,365.04,354.95,152.47,58.55,50.7,364.25,363.78,239.73,97.13,26.69,27.47,364.44
236,365.53,358.6,364.94,355.03,152.78,58.57,50.73,364.18,363.74,239.88,97.2,26.69,27.46,364.32
237,365.45,359.68,364.87,355.13,153.12,58.61,50.77,364.11,363.69,240.05,97.35,26.69,27.46,364.23
238,365.38,359.77,364.81,355.16,153.31,58.61,50.78,364.06,363.65,240.23,97.51,26.69,27.46,364.17
239,365.32,359.76,364.76,355.17,153.44,58.61,50.8,364.02,363.59,240.36,97.53,26.69,27.47,364.12
240,365.26,359.88,364.68,355.17,153.47,58.6,50.81,363.97,363.53,240.49,97.53,26.69,27.46,364.08
241,365.21,359.59,364.61,355.21,153.51,58.59,50.81,363.91,363.45,240.61,97.53,26.69,27.46,364.02
242,365.17,359.56,364.54,355.26,153.62,58.58,50.82,363.86,363.4,240.74,97.59,26.7,27.46,363.96
243,365.12,358.97,364.48,355.34,153.73,58.57,50.83,363.81,363.37,240.83,97.66,26.7,27.46,363.9
244,365.07,358.3,364.43,355.4,153.77,58.58,50.84,363.76,363.34,240.92,97.77,26.7,27.45,363.83
245,364.98,357.47,364.35,355.46,154.08,58.62,50.87,363.68,363.32,240.98,97.94,26.69,27.46,363.74
246,364.91,356.02,364.28,355.46,154.3,58.65,50.89,363.61,363.29,241.07,98.08,26.7,27.46,363.68
247,364.89,354.83,364.23,355.39,154.35,58.68,50.91,363.57,363.25,241.13,98.17,26.71,27.46,363.64
248,364.86,353.7,364.19,355.3,154.42,58.73,50.93,363.52,363.2,241.11,98.24,26.7,27.46,363.61
249,364.84,353.21,364.16,355.19,154.45,58.75,50.94,363.47,363.15,241.12,98.33,26.7,27.45,363.58
250,364.82,352.15,364.12,355.04,154.56,58.76,50.94,363.42,363.11,241.21,98.6,26.7,27.45,363.53
251,364.8,351.9,364.11,354.88,154.71,58.77,50.95,363.4,363.08,241.28,98.75,26.69,27.45,363.51
252,364.79,352.06,364.08,354.71,154.85,58.79,50.96,363.35,363.05,241.31,98.83,26.7,27.45,363.48
253,364.78,351.61,364.04,354.48,155.03,58.81,50.96,363.31,363,241.31,99,26.69,27.45,363.44
254,364.77,350.85,364,354.17,155.3,58.84,50.96,363.25,362.96,241.32,99.14,26.69,27.45,363.4
255,364.74,352.44,363.95,353.96,155.55,58.92,50.98,363.19,362.91,241.31,99.28,26.69,27.45,363.33
256,364.67,355.19,363.89,353.89,155.73,58.99,50.99,363.15,362.82,241.32,99.51,26.7,27.45,363.26
257,364.55,356.87,363.83,353.88,155.9,59.03,51,363.12,362.73,241.39,99.72,26.69,27.45,363.19
258,364.43,358.04,363.76,353.88,155.98,59.09,51.02,363.07,362.66,241.51,99.86,26.69,27.45,363.12
259,364.32,358.48,363.69,353.91,155.94,59.11,51.03,363.02,362.63,241.6,99.88,26.7,27.45,363.04
260,364.25,358.3,363.62,353.96,155.91,59.14,51.05,362.97,362.55,241.79,99.95,26.7,27.45,362.97
261,364.17,357.72,363.54,354.03,155.99,59.14,51.04,362.9,362.51,242,100.05,26.69,27.45,362.91
262,364.1,357.09,363.48,354.13,156.15,59.15,51.05,362.85,362.47,242.2,100.21,26.7,27.45,362.86
263,364.03,356.43,363.38,354.25,156.38,59.19,51.07,362.77,362.45,242.38,100.39,26.69,27.45,362.79
264,363.97,356.85,363.3,354.28,156.5,59.23,51.1,362.69,362.42,242.54,100.46,26.7,27.45,362.74
265,363.93,356.71,363.26,354.25,156.62,59.28,51.13,362.65,362.39,242.71,100.57,26.7,27.45,362.7
266,363.9,356.31,363.22,354.19,156.75,59.32,51.14,362.62,362.36,242.82,100.67,26.7,27.44,362.66
267,363.87,355.62,363.19,354.11,156.92,59.35,51.15,362.57,362.34,243.01,100.87,26.69,27.44,362.62
268,363.82,354.6,363.13,354.02,157.06,59.37,51.16,362.52,362.3,243.22,101.06,26.69,27.44,362.57
269,363.79,355.02,363.08,353.95,157.18,59.41,51.17,362.47,362.24,243.36,101.16,26.69,27.44,362.52
270,363.78,355.98,363.04,353.89,157.32,59.45,51.17,362.43,362.19,243.48,101.25,26.7,27.45,362.48
271,363.75,357.1,363.01,353.86,157.46,59.48,51.18,362.39,362.19,243.55,101.33,26.7,27.46,362.43
272,363.67,358.32,362.92,353.85,157.7,59.56,51.21,362.33,362.15,243.7,101.52,26.7,27.46,362.37
273,363.59,358.95,362.83,353.83,157.99,59.64,51.23,362.25,362.08,243.85,101.77,26.7,27.45,362.29
274,363.55,358.47,362.79,353.83,158.11,59.67,51.25,362.21,362.02,243.96,101.87,26.7,27.46,362.24
275,363.52,357.99,362.76,353.84,158.19,59.71,51.27,362.17,361.93,244.05,101.88,26.7,27.47,362.21
276,363.49,357.5,362.7,353.84,158.22,59.75,51.29,362.12,361.87,244.03,101.97,26.7,27.46,362.17
277,363.46,357.06,362.67,353.81,158.28,59.78,51.3,362.07,361.82,244.01,102.02,26.7,27.46,362.14
278,363.43,356.7,362.63,353.78,158.32,59.8,51.33,362.04,361.77,243.98,102.06,26.7,27.45,362.12
279,363.41,356.25,362.58,353.7,158.35,59.82,51.34,361.98,361.72,243.94,102.19,26.7,27.45,362.1
280,363.38,355.59,362.51,353.58,158.47,59.85,51.36,361.93,361.67,243.9,102.26,26.7,27.45,362.09
281,363.33,355,362.41,353.39,158.69,59.89,51.38,361.88,361.62,243.83,102.44,26.7,27.46,362
282,363.26,355.01,362.32,353.25,158.88,59.97,51.41,361.82,361.56,243.76,102.61,26.71,27.46,361.92
283,363.21,355.89,362.27,353.23,159.01,60.02,51.44,361.78,361.49,243.69,102.72,26.71,27.46,361.87
284,363.13,356.43,362.2,353.19,159.11,60.05,51.46,361.73,361.39,243.63,102.81,26.7,27.46,361.82
285,363.05,356.79,362.13,353.15,159.2,60.09,51.46,361.68,361.23,243.59,102.95,26.7,27.45,361.74
286,362.98,356.04,362.07,353.16,159.27,60.13,51.49,361.65,361.13,243.61,103.04,26.7,27.45,361.66
287,362.92,355.74,362,353.18,159.29,60.15,51.5,361.58,361.09,243.65,103.09,26.7,27.45,361.58
288,362.85,356.09,361.94,353.21,159.24,60.15,51.53,361.54,361.05,243.74,103.08,26.7,27.45,361.48
289,362.78,356.27,361.9,353.24,159.24,60.16,51.55,361.49,360.98,243.83,103.09,26.7,27.45,361.41
290,362.66,357.04,361.84,353.28,159.32,60.22,51.57,361.42,360.92,244.01,103.28,26.71,27.46,361.31
291,362.54,357.71,361.76,353.29,159.45,60.3,51.6,361.33,360.86,244.19,103.46,26.71,27.46,361.22
292,362.47,357.13,361.69,353.28,159.51,60.32,51.61,361.27,360.82,244.35,103.57,26.71,27.46,361.15
293,362.41,355.76,361.65,353.25,159.57,60.35,51.62,361.21,360.77,244.5,103.67,26.71,27.46,361.12
294,362.36,355.23,361.59,353.24,159.63,60.39,51.64,361.16,360.74,244.55,103.7,26.72,27.47,361.06
295,362.32,354.87,361.54,353.23,159.67,60.41,51.64,361.1,360.67,244.6,103.71,26.72,27.46,361.01
296,362.26,355.3,361.49,353.23,159.69,60.42,51.66,361.05,360.62,244.63,103.68,26.72,27.46,360.94
297,362.19,355.82,361.44,353.23,159.7,60.45,51.67,361,360.59,244.64,103.67,26.71,27.46,360.9
298,362.16,355.34,361.4,353.23,159.72,60.45,51.67,360.96,360.54,244.65,103.69,26.71,27.46,360.86
299,362.1,354.86,361.34,353.24,159.77,60.47,51.68,360.89,360.48,244.66,103.68,26.72,27.46,360.78
300,362.02,354.42,361.29,353.23,159.83,60.52,51.71,360.81,360.43,244.65,103.68,26.72,27.46,360.7
301,361.96,354.02,361.25,353.2,159.87,60.56,51.73,360.77,360.39,244.63,103.66,26.71,27.46,360.68
302,361.9,353.61,361.22,353.14,159.85,60.6,51.75,360.72,360.34,244.61,103.71,26.72,27.47,360.63
303,361.87,352.8,361.2,353.05,159.79,60.63,51.78,360.68,360.31,244.6,103.71,26.71,27.47,360.61
304,361.85,352.01,361.17,352.93,159.68,60.68,51.81,360.64,360.28,244.61,103.72,26.73,27.47,360.6
305,361.83,351.22,361.14,352.81,159.75,60.71,51.84,360.6,360.26,244.66,103.88,26.71,27.47,360.57
306,361.84,351.31,361.12,352.67,159.91,60.76,51.86,360.56,360.22,244.72,104.08,26.73,27.47,360.54
307,361.85,351.2,361.09,352.51,160.01,60.8,51.88,360.53,360.15,244.75,104.22,26.72,27.47,360.52
308,361.82,351.85,361.04,352.3,160.19,60.86,51.91,360.47,360.11,244.78,104.28,26.73,27.46,360.46
309,361.68,353.79,360.97,352.14,160.32,60.91,51.95,360.41,360,244.82,104.39,26.72,27.46,360.36
310,361.57,354.9,360.9,352.1,160.43,60.97,51.98,360.37,359.88,244.88,104.51,26.72,27.47,360.3
311,361.48,355.26,360.81,352.1,160.51,61.02,52.01,360.31,359.76,244.98,104.69,26.73,27.47,360.19
312,361.39,355.54,360.73,352.1,160.65,61.1,52.03,360.27,359.68,245.09,104.9,26.72,27.47,360.08
313,361.31,355.82,360.65,352.1,160.76,61.15,52.06,360.23,359.62,245.18,105.04,26.72,27.46,360.01
314,361.24,355.92,360.59,352.12,160.86,61.16,52.07,360.16,359.58,245.26,105.05,26.72,27.46,359.94
315,361.17,355.84,360.53,352.14,160.83,61.15,52.09,360.11,359.56,245.26,105.01,26.71,27.45,359.87
316,361.12,355.53,360.49,352.16,160.78,61.15,52.12,360.06,359.52,245.27,104.93,26.72,27.46,359.81
317,361.05,355.78,360.39,352.18,160.82,61.16,52.14,359.98,359.47,245.28,104.96,26.72,27.45,359.76
318,360.95,355.81,360.29,352.2,160.91,61.21,52.17,359.91,359.41,245.31,105.05,26.72,27.46,359.69
319,360.9,356.02,360.21,352.21,161.03,61.26,52.18,359.85,359.37,245.32,105.21,26.72,27.46,359.63
320,360.84,355.79,360.15,352.21,161.13,61.32,52.2,359.79,359.31,245.32,105.33,26.72,27.46,359.59
321,360.79,355.82,360.11,352.23,161.14,61.38,52.23,359.74,359.25,245.3,105.4,26.72,27.45,359.54
322,360.76,355.9,360.07,352.23,161.18,61.41,52.24,359.69,359.22,245.31,105.43,26.72,27.46,359.48
323,360.72,355.75,360.01,352.22,161.16,61.44,52.26,359.62,359.17,245.29,105.38,26.72,27.46,359.43
324,360.69,355.3,359.96,352.22,161.09,61.46,52.26,359.57,359.13,245.19,105.25,26.72,27.46,359.39
325,360.66,354.81,359.9,352.2,161.02,61.44,52.28,359.52,359.08,245.03,105.1,26.72,27.46,359.36
326,360.63,354.07,359.84,352.08,160.92,61.39,52.3,359.45,359.03,244.85,105.04,26.72,27.45,359.31
327,360.61,353.1,359.76,351.8,160.93,61.38,52.31,359.38,358.99,244.7,105.11,26.72,27.45,359.24
328,360.59,352.02,359.71,351.56,160.92,61.37,52.31,359.34,358.95,244.55,105.13,26.72,27.47,359.2
329,360.57,351.09,359.66,351.35,160.95,61.39,52.31,359.29,358.92,244.49,105.21,26.72,27.47,359.17
330,360.54,349.75,359.6,351.19,160.91,61.42,52.33,359.25,358.85,244.35,105.26,26.72,27.47,359.14
331,360.51,348.54,359.55,351.06,160.9,61.46,52.34,359.21,358.8,244.15,105.38,26.73,27.46,359.11
332,360.48,347.49,359.49,350.93,160.94,61.53,52.36,359.16,358.77,243.93,105.47,26.72,27.46,359.07
333,360.46,346.05,359.43,350.77,160.89,61.57,52.37,359.12,358.73,243.67,105.48,26.73,27.46,359.01
334,360.43,345.34,359.38,350.57,160.76,61.59,52.39,359.07,358.71,243.38,105.4,26.72,27.46,358.96
335,360.38,344.96,359.31,350.26,160.65,61.6,52.43,359.02,358.69,243.1,105.46,26.71,27.45,358.88
336,360.27,344.61,359.28,349.91,160.54,61.62,52.46,358.96,358.66,242.92,105.49,26.71,27.45,358.83
337,360.14,344,359.26,349.7,160.47,61.62,52.48,358.91,358.62,242.64,105.48,26.73,27.46,358.8
338,360.05,343.38,359.23,349.49,160.36,61.59,52.5,358.87,358.57,242.36,105.42,26.73,27.46,358.76
339,359.97,343.02,359.21,349.3,160.32,61.57,52.51,358.81,358.52,242.11,105.42,26.73,27.46,358.71
340,359.93,342.87,359.18,349.12,160.25,61.54,52.51,358.76,358.43,241.86,105.35,26.72,27.46,358.63
341,359.88,342.49,359.15,348.97,160.09,61.52,52.51,358.7,358.34,241.6,105.33,26.72,27.46,358.56
342,359.85,342.26,359.12,348.83,159.95,61.55,52.52,358.66,358.28,241.35,105.41,26.73,27.46,358.51
343,359.82,342.03,359.07,348.71,159.83,61.59,52.53,358.61,358.24,241.15,105.43,26.73,27.47,358.45
344,359.75,342.2,359.02,348.5,159.69,61.61,52.53,358.54,358.2,240.85,105.36,26.73,27.47,358.38
345,359.66,343.82,358.96,348.27,159.84,61.72,52.56,358.48,358.18,240.59,105.43,26.73,27.46,358.31
346,359.63,345.9,358.93,348.13,160.06,61.93,52.62,358.44,358.14,240.43,105.8,26.73,27.47,358.27
347,359.6,346.89,358.91,348.02,160.2,62.25,52.71,358.4,358.1,240.4,106.39,26.73,27.48,358.24
348,359.58,347.28,358.89,347.95,160.42,62.66,52.81,358.36,358.06,240.5,107.17,26.74,27.48,358.22
349,359.55,347.92,358.86,347.95,160.72,63.13,52.94,358.32,358.03,240.65,107.88,26.73,27.47,358.18
350,359.54,348.32,358.83,347.96,161.16,63.59,53.1,358.28,358.01,240.77,108.25,26.73,27.48,358.14
351,359.51,348.62,358.81,348.01,161.69,64.08,53.3,358.23,357.97,240.97,108.73,26.73,27.48,358.1
352,359.49,349.51,358.79,348.08,162.15,64.56,53.53,358.19,357.96,241.18,109.22,26.73,27.48,358.07
353,359.46,351.27,358.73,348.19,162.83,65.28,53.92,358.13,357.94,241.45,109.8,26.74,27.49,358.03
354,359.42,352.7,358.68,348.32,163.47,66.01,54.36,358.07,357.93,241.73,110.26,26.74,27.49,358.01
355,359.39,353.4,358.66,348.46,163.81,66.52,54.68,358.03,357.91,241.9,110.53,26.73,27.48,358
356,359.39,354.05,358.64,348.6,164.3,67.07,55.03,358,357.91,242.14,111.16,26.73,27.49,358
357,359.37,354.44,358.61,348.77,164.87,67.63,55.4,357.95,357.9,242.4,111.96,26.73,27.49,357.99
358,359.35,354.97,358.59,348.94,165.46,68.15,55.79,357.91,357.9,242.74,112.62,26.73,27.49,357.98
359,359.34,355,358.56,349.11,166.03,68.65,56.21,357.88,357.9,243.04,113.15,26.72,27.48,357.99
360,359.35,355.09,358.53,349.29,166.48,69.07,56.64,357.85,357.9,243.28,113.41,26.73,27.48,357.98
361,359.34,354.92,358.5,349.47,166.87,69.44,57.08,357.81,357.9,243.52,113.68,26.73,27.48,357.95
362,359.33,354.65,358.47,349.71,167.56,70.04,57.76,357.76,357.92,243.78,114.15,26.73,27.47,357.95
363,359.33,354.64,358.44,349.93,168.33,70.68,58.49,357.71,357.92,244.12,114.71,26.73,27.47,357.93
364,359.32,354.83,358.4,350.08,168.81,71.11,58.98,357.68,357.93,244.37,115.04,26.73,27.47,357.92
365,359.32,355.34,358.38,350.23,169.32,71.55,59.5,357.64,357.95,244.77,115.54,26.73,27.48,357.91
366,359.31,355.85,358.36,350.39,169.79,72.01,60.06,357.63,357.97,245.17,116.06,26.73,27.48,357.9
367,359.32,356.38,358.34,350.55,170.2,72.43,60.6,357.58,357.99,245.58,116.51,26.73,27.48,357.9
368,359.31,356.89,358.32,350.73,170.65,72.88,61.17,357.57,358.01,245.97,117.05,26.74,27.48,357.89
369,359.3,357.21,358.31,350.9,171.15,73.32,61.74,357.53,358.04,246.33,117.59,26.74,27.48,357.89
370,359.28,358,358.28,351.15,171.78,73.96,62.62,357.5,358.07,246.71,118,26.75,27.48,357.87
371,359.26,358.41,358.24,351.43,172.14,74.47,63.51,357.45,358.08,246.92,118.08,26.74,27.5,357.86
372,359.24,358.8,358.23,351.61,172.32,74.79,64.11,357.41,358.1,247.18,118.17,26.74,27.48,357.84
373,359.22,359.42,358.21,351.81,172.55,75.13,64.72,357.39,358.12,247.43,118.34,26.74,27.49,357.82
374,359.21,359.98,358.2,352.02,172.83,75.46,65.34,357.37,358.15,247.73,118.63,26.74,27.49,357.8
375,359.2,360.45,358.19,352.24,172.93,75.76,65.95,357.34,358.16,248.06,118.82,26.74,27.49,357.78
376,359.19,360.85,358.16,352.45,172.92,76.01,66.58,357.31,358.18,248.37,118.87,26.74,27.5,357.76
377,359.17,361.25,358.15,352.67,173.03,76.24,67.2,357.29,358.19,248.69,118.93,26.75,27.5,357.75
378,359.16,361.57,358.13,352.88,173.16,76.48,67.81,357.25,358.21,248.88,118.96,26.74,27.49,357.73
379,359.14,361.76,358.13,353.08,173.32,76.73,68.43,357.24,358.22,249.13,119.02,26.74,27.48,357.72
380,359.12,362.21,358.11,353.36,173.58,77.09,69.35,357.19,358.25,249.39,119.11,26.74,27.5,357.7
381,359.09,362.67,358.09,353.62,173.74,77.51,70.26,357.14,358.27,249.62,119.23,26.73,27.49,357.68
382,359.06,363.05,358.07,353.79,174.02,77.86,70.9,357.12,358.29,249.89,119.57,26.74,27.5,357.66
383,359.05,363.64,358.07,353.97,174.35,78.22,71.53,357.1,358.32,250.2,120.11,26.75,27.49,357.65
384,359.02,364.16,358.05,354.13,174.66,78.62,72.17,357.08,358.35,250.56,120.69,26.75,27.49,357.64
385,359,364.4,358.04,354.3,175.03,79.05,72.81,357.04,358.36,250.82,121.05,26.74,27.49,357.64
386,358.98,364.47,358.02,354.45,175.5,79.5,73.46,357.02,358.39,251.18,121.63,26.74,27.48,357.62
387,358.95,364.3,358.01,354.62,176,79.98,74.13,356.98,358.42,251.5,122.19,26.74,27.49,357.61
388,358.93,363.97,358,354.79,176.38,80.49,74.79,356.97,358.44,251.78,122.65,26.74,27.48,357.6
389,358.91,363.5,357.99,355.05,176.86,81.18,75.81,356.93,358.48,252.04,123.14,26.74,27.49,357.6
390,358.87,363.51,357.98,355.31,177.43,81.87,76.82,356.89,358.5,252.34,123.65,26.74,27.49,357.58
391,358.86,363.89,357.97,355.48,177.84,82.34,77.51,356.87,358.52,252.65,124.18,26.74,27.49,357.58
392,358.84,364.36,357.97,355.65,178.08,82.79,78.19,356.85,358.54,252.83,124.42,26.75,27.5,357.57
393,358.82,364.85,357.96,355.81,178.3,83.23,78.87,356.83,358.57,253.08,124.69,26.75,27.5,357.57
394,358.8,365.27,357.96,355.98,178.57,83.65,79.56,356.8,358.6,253.29,125.02,26.74,27.5,357.56
395,358.78,365.52,357.94,356.14,178.91,84.08,80.26,356.78,358.62,253.52,125.47,26.74,27.51,357.55
396,358.75,365.89,357.94,356.3,179.29,84.57,80.96,356.75,358.65,253.81,126.07,26.75,27.52,357.54
397,358.73,366.08,357.94,356.46,179.69,85.11,81.66,356.73,358.67,254.07,126.63,26.75,27.51,357.53
398,358.7,366.14,357.91,356.68,180.17,85.85,82.74,356.68,358.69,254.37,127.17,26.75,27.5,357.52
399,358.67,366.07,357.9,356.91,180.42,86.57,83.81,356.64,358.7,254.58,127.46,26.75,27.5,357.5
400,358.64,366.41,357.88,357.06,180.47,87.02,84.52,356.62,358.73,254.94,127.85,26.74,27.5,357.5
401,358.62,366.77,357.87,357.22,180.42,87.44,85.23,356.6,358.76,255.35,128.18,26.75,27.5,357.49
402,358.6,367.15,357.88,357.39,180.4,87.87,85.93,356.58,358.8,255.83,128.55,26.75,27.5,357.48
403,358.58,367.61,357.86,357.56,180.57,88.29,86.62,356.55,358.83,256.36,129.1,26.75,27.5,357.46
404,358.55,368.03,357.86,357.72,180.88,88.79,87.33,356.53,358.85,256.93,129.8,26.76,27.5,357.45
405,358.53,368.47,357.85,357.89,181.27,89.34,88.02,356.51,358.88,257.44,130.51,26.74,27.51,357.44
406,358.52,368.87,357.84,358.05,181.73,89.92,88.71,356.48,358.89,257.7,130.99,26.75,27.5,357.42
407,358.49,369.27,357.82,358.31,182.44,90.75,89.77,356.45,358.92,258.06,131.52,26.75,27.49,357.4
408,358.46,369.65,357.81,358.55,183.05,91.56,90.83,356.41,358.96,258.37,132.04,26.75,27.49,357.39
409,358.44,370.11,357.8,358.71,183.45,92.06,91.56,356.39,358.99,258.65,132.61,26.76,27.49,357.37
410,358.43,370.32,357.79,358.88,183.88,92.56,92.29,356.37,359.02,258.93,133.06,26.76,27.49,357.36
411,358.4,370.48,357.79,359.03,184.33,93.01,93.02,356.35,359.05,259.16,133.31,26.75,27.49,357.35
412,358.39,370.45,357.78,359.18,184.62,93.47,93.74,356.31,359.08,259.37,133.63,26.75,27.49,357.34
413,358.35,370.42,357.77,359.32,184.96,93.96,94.46,356.29,359.1,259.51,133.8,26.75,27.49,357.31
414,358.33,370.11,357.76,359.45,185.2,94.41,95.16,356.26,359.13,259.64,133.93,26.75,27.49,357.3
415,358.3,369.77,357.76,359.59,185.37,94.8,95.88,356.24,359.16,259.67,133.87,26.75,27.5,357.28
416,358.26,369.27,357.75,359.78,185.42,95.32,96.94,356.21,359.19,259.64,133.68,26.76,27.49,357.25
417,358.21,368.98,357.73,359.98,185.51,95.81,97.97,356.17,359.22,259.62,133.63,26.75,27.5,357.23
418,358.18,369.13,357.72,360.1,185.57,96.13,98.65,356.15,359.25,259.64,133.7,26.76,27.49,357.21
419,358.14,369.42,357.72,360.21,185.63,96.45,99.32,356.12,359.28,259.69,133.78,26.76,27.49,357.19
420,358.11,369.84,357.7,360.33,185.76,96.77,99.99,356.1,359.3,259.77,133.86,26.76,27.49,357.17
421,358.08,370.1,357.69,360.44,186.01,97.13,100.66,356.07,359.32,259.88,134.16,26.76,27.49,357.15
422,358.04,370.15,357.68,360.55,186.23,97.45,101.31,356.04,359.36,260.03,134.4,26.76,27.49,357.12
423,358.01,370.18,357.67,360.65,186.34,97.78,101.96,356.02,359.38,260.21,134.6,26.76,27.49,357.09
424,357.98,370.14,357.66,360.76,186.37,98.14,102.61,356,359.42,260.45,134.82,26.76,27.49,357.08
425,357.92,369.99,357.65,360.93,186.33,98.76,103.55,355.95,359.44,260.8,135.25,26.76,27.49,357.04
426,357.87,369.98,357.63,361.11,186.45,99.47,104.5,355.91,359.47,261.21,135.8,26.75,27.47,357
427,357.84,370.15,357.62,361.23,186.77,100.01,105.13,355.88,359.49,261.51,136.23,26.75,27.48,356.98
428,357.8,370.55,357.6,361.35,187.2,100.61,105.77,355.86,359.51,261.99,136.93,26.75,27.47,356.95
429,357.77,371.03,357.6,361.47,187.7,101.21,106.4,355.83,359.55,262.44,137.73,26.76,27.49,356.92
430,357.74,371.8,357.59,361.6,188.29,101.83,107.04,355.8,359.58,262.83,138.39,26.76,27.48,356.9
431,357.72,372.42,357.58,361.73,188.85,102.35,107.69,355.77,359.61,263.11,138.77,26.76,27.47,356.87
432,357.68,372.81,357.57,361.85,189.25,102.79,108.35,355.75,359.63,263.32,138.99,26.75,27.47,356.84
433,357.65,372.98,357.57,361.99,189.63,103.22,109,355.71,359.66,263.53,139.22,26.76,27.48,356.82
434,357.61,372.74,357.55,362.17,190.23,103.82,109.97,355.68,359.68,263.67,139.36,26.75,27.47,356.78
435,357.55,372.26,357.54,362.35,190.77,104.36,110.92,355.64,359.71,263.86,139.55,26.75,27.47,356.74
436,357.53,372.11,357.54,362.48,191,104.68,111.56,355.61,359.74,264.03,139.67,26.75,27.46,356.72
437,357.5,372.29,357.53,362.61,191.19,104.97,112.17,355.6,359.77,264.17,139.76,26.75,27.47,356.7
438,357.47,372.28,357.52,362.72,191.44,105.25,112.79,355.56,359.8,264.32,140.04,26.77,27.47,356.67
439,357.44,372.91,357.52,362.84,191.65,105.6,113.39,355.54,359.83,264.47,140.39,26.76,27.46,356.66
440,357.4,373.49,357.52,362.95,191.96,105.96,113.98,355.51,359.85,264.66,140.79,26.75,27.45,356.64
441,357.36,373.55,357.49,363.04,192.29,106.31,114.57,355.48,359.87,264.76,140.96,26.76,27.46,356.61
442,357.31,373.35,357.49,363.18,192.46,106.86,115.44,355.43,359.9,264.89,141.11,26.75,27.45,356.57
443,357.25,372.94,357.47,363.34,192.32,107.34,116.31,355.4,359.94,265.05,141.27,26.75,27.45,356.53
444,357.22,372.97,357.47,363.45,192.14,107.64,116.87,355.37,359.96,265.25,141.25,26.76,27.45,356.5
445,357.18,373.08,357.46,363.56,191.94,107.99,117.44,355.34,359.99,265.44,141.33,26.76,27.46,356.48
446,357.14,373.37,357.45,363.67,191.85,108.32,117.99,355.32,360.03,265.64,141.41,26.76,27.45,356.45
447,357.11,373.74,357.45,363.78,191.93,108.69,118.55,355.29,360.06,265.86,141.66,26.75,27.45,356.43
448,357.07,374.04,357.44,363.89,192.11,109.05,119.09,355.26,360.09,266.01,141.87,26.76,27.45,356.4
449,357.04,374.57,357.44,364,192.32,109.36,119.63,355.24,360.12,266.19,142.07,26.76,27.46,356.39
450,357,374.98,357.43,364.1,192.45,109.65,120.18,355.21,360.15,266.34,142.18,26.76,27.46,356.36
451,356.97,374.78,357.42,364.21,192.59,109.96,120.72,355.17,360.18,266.52,142.43,26.77,27.46,356.33
452,356.91,374.56,357.4,364.37,192.9,110.46,121.52,355.14,360.2,266.72,142.72,26.77,27.46,356.29
453,356.86,374.71,357.39,364.53,193.27,110.95,122.31,355.1,360.24,266.94,143.15,26.76,27.46,356.25
454,356.83,375.09,357.37,364.63,193.71,111.28,122.83,355.06,360.28,267.17,143.7,26.78,27.47,356.23
455,356.79,375.22,357.37,364.74,194.07,111.71,123.36,355.04,360.3,267.32,144.06,26.77,27.47,356.21
456,356.77,375.44,357.37,364.85,194.38,112.08,123.88,355.01,360.33,267.48,144.32,26.77,27.47,356.19
457,356.74,375.84,357.36,364.95,194.57,112.41,124.4,354.99,360.37,267.63,144.45,26.77,27.46,356.18
458,356.68,376.21,357.35,365.05,194.75,112.73,124.91,354.96,360.39,267.77,144.6,26.77,27.46,356.14
459,356.66,376.51,357.35,365.16,194.95,113.03,125.42,354.94,360.42,267.9,144.83,26.78,27.46,356.12
460,356.62,376.71,357.34,365.27,195.13,113.29,125.91,354.91,360.46,268.02,144.99,26.77,27.47,356.1
461,356.57,376.69,357.32,365.42,195.33,113.66,126.65,354.87,360.48,268.15,145.1,26.77,27.47,356.06
462,356.52,376.83,357.32,365.57,195.47,113.98,127.36,354.83,360.49,268.25,145.08,26.78,27.46,356.03
463,356.48,377.07,357.3,365.67,195.47,114.15,127.81,354.8,360.53,268.35,145.01,26.78,27.46,356
464,356.45,376.96,357.29,365.76,195.54,114.34,128.28,354.78,360.56,268.42,145.03,26.77,27.46,355.98
465,356.41,376.75,357.29,365.86,195.65,114.57,128.71,354.75,360.59,268.52,145.11,26.77,27.46,355.96
466,356.38,376.63,357.28,365.94,195.78,114.78,129.16,354.73,360.62,268.65,145.24,26.78,27.46,355.93
467,356.34,376.45,357.27,366.03,195.87,115.01,129.6,354.69,360.66,268.75,145.2,26.77,27.46,355.91
468,356.31,376.44,357.26,366.13,195.82,115.21,130.01,354.67,360.69,268.78,145.05,26.78,27.45,355.89
469,356.25,376.48,357.25,366.27,195.7,115.45,130.63,354.63,360.71,268.8,145.07,26.78,27.46,355.85
470,356.2,376.4,357.24,366.42,195.86,115.77,131.24,354.6,360.74,268.81,145.25,26.77,27.45,355.82
471,356.18,376.34,357.23,366.51,196.01,116.06,131.64,354.57,360.78,268.86,145.55,26.78,27.46,355.8
472,356.14,376.66,357.23,366.59,196.1,116.4,132.04,354.55,360.81,269,145.89,26.78,27.46,355.78
473,356.11,376.93,357.22,366.68,196.04,116.73,132.45,354.52,360.84,269.17,146.15,26.78,27.45,355.75
474,356.08,376.82,357.22,366.78,195.96,117.06,132.85,354.49,360.87,269.38,146.35,26.78,27.45,355.72
475,356.04,376.54,357.21,366.87,195.88,117.41,133.24,354.47,360.91,269.61,146.68,26.78,27.45,355.7
476,355.99,376.64,357.19,366.97,196.02,117.83,133.64,354.43,360.93,269.77,146.95,26.79,27.45,355.67
477,355.96,377.33,357.18,367.07,196.41,118.24,134.06,354.41,360.97,270.08,147.51,26.78,27.45,355.64
478,355.91,377.88,357.18,367.22,196.83,118.68,134.68,354.37,361,270.33,147.72,26.79,27.46,355.61
479,355.86,378.13,357.17,367.38,197.1,119.05,135.3,354.34,361.03,270.52,147.74,26.78,27.46,355.58
480,355.83,377.7,357.17,367.49,197.4,119.31,135.7,354.32,361.07,270.7,147.93,26.8,27.47,355.56
481,355.79,377.67,357.16,367.58,197.76,119.6,136.11,354.29,361.11,270.93,148.24,26.79,27.47,355.54
482,355.75,377.76,357.15,367.68,198.11,119.86,136.51,354.25,361.15,271.14,148.65,26.8,27.47,355.51
483,355.72,377.89,357.14,367.78,198.43,120.15,136.9,354.23,361.17,271.29,148.93,26.8,27.47,355.48
484,355.68,378.1,357.14,367.88,198.86,120.5,137.3,354.21,361.2,271.47,149.32,26.79,27.47,355.47
485,355.65,378.46,357.13,367.97,199.23,120.87,137.71,354.19,361.24,271.64,149.62,26.79,27.46,355.44
486,355.62,378.38,357.12,368.05,199.52,121.27,138.12,354.16,361.28,271.8,150,26.79,27.46,355.43
487,355.58,378.26,357.12,368.19,199.88,121.85,138.73,354.12,361.32,271.98,150.32,26.79,27.47,355.39
488,355.52,378.62,357.11,368.32,200.26,122.38,139.35,354.08,361.35,272.12,150.57,26.79,27.46,355.35
489,355.49,379.02,357.1,368.4,200.55,122.76,139.77,354.06,361.38,272.23,150.86,26.79,27.47,355.33
490,355.45,379.2,357.09,368.49,200.75,123.13,140.19,354.04,361.42,272.26,151,26.79,27.46,355.31
491,355.42,379.12,357.09,368.58,200.97,123.54,140.6,354.02,361.44,272.33,151.28,26.79,27.46,355.29
492,355.4,379.2,357.08,368.67,201.3,124,141.02,353.99,361.48,272.49,151.84,26.79,27.46,355.28
493,355.35,379.44,357.07,368.73,201.66,124.51,141.45,353.96,361.52,272.71,152.43,26.79,27.46,355.23
494,355.32,379.72,357.06,368.81,201.91,124.97,141.88,353.94,361.56,272.92,152.8,26.8,27.47,355.22
495,355.28,379.93,357.07,368.89,202.12,125.43,142.31,353.9,361.6,273.13,153.14,26.8,27.46,355.2
496,355.25,380.14,357.06,368.96,202.33,125.82,142.75,353.88,361.63,273.35,153.46,26.8,27.47,355.17
497,355.2,380.4,357.05,369.09,202.6,126.41,143.4,353.84,361.66,273.5,153.77,26.79,27.47,355.14
498,355.16,380.8,357.05,369.22,202.9,127.15,144.07,353.81,361.7,273.84,154.42,26.79,27.46,355.12
499,355.12,381.24,357.04,369.32,203.14,127.66,144.5,353.78,361.74,274.2,155.07,26.79,27.46,355.09
500,355.09,381.51,357.04,369.41,203.36,128.13,144.95,353.76,361.77,274.54,155.52,26.79,27.46,355.08
501,355.05,381.43,357.03,369.51,203.49,128.56,145.4,353.74,361.81,274.86,155.62,26.79,27.47,355.05
502,355.03,381.12,357.02,369.61,203.48,128.83,145.84,353.7,361.85,275.01,155.33,26.79,27.47,355.02
503,354.99,380.86,357.02,369.71,203.43,129.01,146.29,353.68,361.89,275.07,154.96,26.8,27.47,355
504,354.96,380.67,357.02,369.81,203.31,129.17,146.73,353.66,361.92,275.07,154.78,26.8,27.47,354.98
505,354.92,380.54,357.02,369.96,203.33,129.46,147.37,353.63,361.96,275.05,154.79,26.8,27.47,354.95
506,354.87,380.66,357.01,370.12,203.5,129.73,148,353.59,362,275.04,155.04,26.8,27.46,354.93
507,354.84,380.58,357,370.22,203.48,129.85,148.39,353.56,362.04,275,154.97,26.8,27.47,354.9
508,354.81,380.6,357,370.3,203.47,129.96,148.78,353.54,362.08,274.97,154.9,26.8,27.47,354.88
509,354.79,380.53,357,370.39,203.57,130.08,149.15,353.51,362.12,274.97,154.92,26.8,27.48,354.87
510,354.75,380.61,356.98,370.46,203.73,130.21,149.51,353.49,362.16,275.07,155.13,26.8,27.47,354.83
511,354.72,380.74,356.99,370.54,203.73,130.36,149.84,353.46,362.19,275.13,155.17,26.8,27.47,354.81
512,354.68,381.05,356.97,370.6,203.67,130.53,150.16,353.43,362.24,275.21,155.37,26.8,27.47,354.79
513,354.65,381.15,356.95,370.68,203.56,130.75,150.47,353.4,362.28,275.31,155.58,26.8,27.47,354.77
514,354.59,380.95,356.95,370.8,203.52,131.08,150.94,353.36,362.31,275.42,155.73,26.81,27.46,354.72
515,354.55,380.78,356.94,370.92,203.63,131.45,151.42,353.32,362.35,275.56,155.88,26.8,27.47,354.7
516,354.52,380.63,356.94,371,203.81,131.71,151.73,353.29,362.39,275.69,156.21,26.8,27.47,354.67
517,354.48,380.55,356.93,371.07,203.91,131.99,152.05,353.27,362.44,275.87,156.65,26.81,27.46,354.65
518,354.44,380.44,356.92,371.14,204.02,132.33,152.36,353.24,362.47,276.05,156.99,26.81,27.47,354.62
519,354.42,380.43,356.91,371.22,204.12,132.76,152.66,353.21,362.51,276.34,157.55,26.81,27.46,354.59
520,354.38,380.46,356.9,371.3,204.41,133.25,152.98,353.19,362.56,276.69,158.08,26.81,27.47,354.57
521,354.35,380.71,356.9,371.38,204.5,133.73,153.31,353.17,362.6,277.06,158.57,26.81,27.47,354.55
522,354.34,381.06,356.91,371.49,204.61,134.15,153.63,353.15,362.63,277.38,158.65,26.81,27.47,354.55
523,354.3,381.54,356.91,371.63,204.87,134.59,154.14,353.12,362.67,277.53,158.59,26.81,27.47,354.51
524,354.26,381.63,356.91,371.77,205.26,134.95,154.66,353.07,362.72,277.6,158.64,26.81,27.47,354.49
525,354.21,381.59,356.89,371.85,205.64,135.18,155,353.04,362.74,277.64,158.79,26.81,27.47,354.45
526,354.17,381.39,356.88,371.93,205.79,135.4,155.36,353.02,362.78,277.75,158.92,26.81,27.46,354.42
527,354.14,381.36,356.88,372.01,205.81,135.53,155.71,352.99,362.83,277.82,158.88,26.81,27.48,354.4
528,354.13,381.71,356.88,372.1,206.03,135.63,156.05,352.97,362.87,277.89,158.97,26.81,27.47,354.4
529,354.1,382.08,356.87,372.17,206.29,135.73,156.36,352.94,362.92,277.96,159.16,26.8,27.47,354.37
530,354.06,382.66,356.86,372.25,206.53,135.88,156.69,352.92,362.95,278.09,159.42,26.81,27.47,354.35
531,354.04,383.04,356.87,372.32,206.79,136.05,157,352.89,362.99,278.26,159.59,26.81,27.47,354.33
532,354,382.99,356.86,372.4,207.02,136.22,157.29,352.88,363.02,278.35,159.63,26.81,27.48,354.31
533,353.97,382.99,356.86,372.51,207.14,136.57,157.73,352.84,363.06,278.46,159.86,26.81,27.48,354.28
534,353.92,383.26,356.85,372.62,207.11,137.03,158.15,352.8,363.11,278.63,160.29,26.82,27.47,354.25
535,353.89,383.52,356.85,372.7,207.19,137.33,158.43,352.78,363.15,278.89,160.76,26.81,27.48,354.22
536,353.87,383.96,356.84,372.77,207.27,137.5,158.7,352.76,363.2,279.12,160.77,26.81,27.48,354.2
537,353.84,384.37,356.85,372.86,207.24,137.56,158.97,352.74,363.24,279.19,160.51,26.81,27.48,354.19
538,353.81,384.58,356.84,372.94,207.2,137.6,159.22,352.71,363.28,279.21,160.3,26.82,27.48,354.16
539,353.78,384.59,356.84,373.01,207.25,137.63,159.47,352.67,363.32,279.21,160.23,26.82,27.48,354.14
540,353.74,384.38,356.84,373.09,207.36,137.72,159.71,352.65,363.35,279.24,160.21,26.81,27.48,354.13
541,353.71,384.31,356.83,373.17,207.39,137.78,159.95,352.63,363.39,279.28,160.01,26.81,27.47,354.09
542,353.68,384.3,356.83,373.28,207.34,137.84,160.3,352.6,363.43,279.26,159.84,26.81,27.48,354.07
543,353.64,384.19,356.83,373.38,207.32,138.01,160.63,352.57,363.47,279.27,159.8,26.81,27.47,354.05
544,353.61,384.24,356.83,373.45,207.38,138.2,160.84,352.54,363.52,279.33,159.99,26.81,27.48,354.02
545,353.58,384.09,356.82,373.52,207.47,138.55,161.06,352.53,363.58,279.45,160.43,26.81,27.47,353.99
546,353.55,383.89,356.82,373.6,207.55,138.91,161.28,352.5,363.6,279.49,160.61,26.81,27.47,353.99
547,353.53,383.83,356.82,373.67,207.61,139.17,161.5,352.47,363.64,279.59,161,26.81,27.47,353.97
548,353.49,383.94,356.82,373.74,207.74,139.37,161.74,352.46,363.68,279.66,161.3,26.82,27.48,353.95
549,353.47,383.84,356.81,373.81,207.7,139.49,161.96,352.42,363.73,279.7,161.23,26.81,27.47,353.93
550,353.43,383.59,356.8,373.88,207.65,139.58,162.18,352.39,363.77,279.74,161.09,26.82,27.49,353.9
551,353.4,383.81,356.8,373.99,207.49,139.72,162.5,352.36,363.83,279.79,161.02,26.82,27.49,353.88
552,353.35,384.26,356.8,374.09,207.32,139.8,162.81,352.33,363.87,279.88,160.93,26.81,27.48,353.85
553,353.33,384.62,356.8,374.15,207.34,139.83,163,352.31,363.9,279.94,160.89,26.81,27.48,353.83
554,353.3,384.92,356.79,374.21,207.42,139.89,163.2,352.28,363.93,279.97,160.93,26.82,27.47,353.81
555,353.28,385.04,356.79,374.27,207.53,139.99,163.4,352.25,363.98,279.91,160.92,26.81,27.47,353.79
556,353.24,385.05,356.78,374.32,207.64,140.11,163.6,352.23,364.03,279.82,160.95,26.82,27.47,353.77
557,353.22,385.03,356.77,374.36,207.73,140.26,163.81,352.21,364.07,279.73,161.01,26.82,27.46,353.75
558,353.19,384.93,356.78,374.42,207.73,140.43,164.01,352.19,364.12,279.62,161.07,26.81,27.47,353.73
559,353.16,385.14,356.78,374.48,207.7,140.73,164.3,352.15,364.16,279.57,161.24,26.81,27.47,353.7
560,353.11,385.41,356.77,374.55,207.83,141.06,164.59,352.12,364.18,279.57,161.41,26.81,27.47,353.67
561,353.09,385.67,356.77,374.6,207.9,141.23,164.8,352.1,364.23,279.52,161.44,26.81,27.47,353.66
562,353.06,385.98,356.77,374.65,208.02,141.45,165.01,352.07,364.28,279.47,161.51,26.81,27.47,353.64
563,353.04,386.29,356.77,374.69,208.25,141.72,165.23,352.05,364.32,279.44,161.83,26.82,27.48,353.63
564,353.02,386.43,356.77,374.73,208.52,142,165.45,352.03,364.37,279.4,162.27,26.81,27.47,353.61
565,352.98,386.72,356.76,374.78,208.75,142.22,165.67,352.01,364.42,279.4,162.43,26.81,27.48,353.6
566,352.96,387.17,356.77,374.82,208.71,142.34,165.88,351.99,364.47,279.42,162.31,26.82,27.48,353.57
567,352.93,387.46,356.76,374.86,208.61,142.4,166.07,351.96,364.5,279.41,162.2,26.82,27.48,353.55
568,352.91,387.6,356.76,374.91,208.51,142.45,166.27,351.94,364.54,279.42,162.22,26.82,27.48,353.54
569,352.87,387.64,356.77,375,208.48,142.61,166.55,351.92,364.58,279.45,162.3,26.83,27.49,353.51
570,352.83,387.68,356.76,375.08,208.39,142.86,166.82,351.88,364.63,279.51,162.46,26.82,27.49,353.49
571,352.8,387.58,356.75,375.15,208.3,143.19,166.99,351.86,364.67,279.66,162.94,26.81,27.48,353.46
572,352.77,387.49,356.76,375.21,208.24,143.57,167.17,351.83,364.72,279.94,163.51,26.82,27.48,353.45
573,352.75,387.46,356.76,375.28,208.34,143.96,167.35,351.81,364.76,280.27,164.03,26.83,27.48,353.43
574,352.72,387.68,356.76,375.35,208.72,144.33,167.57,351.79,364.79,280.47,164.4,26.82,27.48,353.41
575,352.7,387.91,356.76,375.41,209.07,144.7,167.79,351.76,364.83,280.7,164.71,26.82,27.48,353.39
576,352.67,388.08,356.75,375.48,209.49,145.06,168.04,351.74,364.88,280.87,164.98,26.82,27.48,353.37
577,352.64,388.29,356.76,375.59,209.88,145.45,168.41,351.72,364.93,280.98,165.09,26.83,27.48,353.35
578,352.6,388.31,356.75,375.71,210.24,145.79,168.78,351.67,364.97,281.08,165.28,26.82,27.48,353.33
579,352.56,388.29,356.74,375.78,210.37,145.97,169.02,351.65,365.01,281.2,165.48,26.82,27.48,353.3
580,352.54,388.28,356.74,375.86,210.43,146.08,169.26,351.64,365.06,281.29,165.38,26.82,27.48,353.28
581,352.53,388.3,356.74,375.93,210.5,146.2,169.48,351.62,365.08,281.31,165.32,26.81,27.47,353.27
582,352.5,388.22,356.74,376,210.63,146.37,169.71,351.6,365.13,281.37,165.41,26.82,27.47,353.25
583,352.48,388.44,356.74,376.07,210.74,146.54,169.95,351.58,365.17,281.43,165.44,26.82,27.47,353.24
584,352.45,388.55,356.75,376.15,210.8,146.66,170.18,351.56,365.22,281.46,165.47,26.82,27.47,353.22
585,352.43,388.52,356.74,376.22,210.79,146.8,170.39,351.53,365.26,281.6,165.54,26.82,27.48,353.21
586,352.4,388.47,356.74,376.29,210.72,146.91,170.61,351.51,365.3,281.83,165.76,26.82,27.47,353.19
587,352.36,388.17,356.73,376.4,210.62,147.13,170.92,351.48,365.35,282.14,165.93,26.82,27.47,353.17
588,352.32,388,356.74,376.51,210.52,147.31,171.24,351.45,365.38,282.37,166,26.83,27.48,353.15
589,352.29,387.9,356.73,376.57,210.54,147.43,171.43,351.42,365.43,282.64,166.03,26.83,27.47,353.13
590,352.26,387.99,356.73,376.65,210.79,147.55,171.65,351.41,365.48,282.87,166.22,26.82,27.47,353.1
591,352.24,388.11,356.74,376.75,210.89,147.62,171.86,351.38,365.53,283.1,166.37,26.82,27.46,353.1
592,352.21,388.14,356.74,376.84,210.92,147.71,172.05,351.37,365.57,283.31,166.44,26.82,27.46,353.09
593,352.2,388.3,356.74,376.93,210.95,147.79,172.24,351.35,365.62,283.5,166.41,26.81,27.45,353.08
594,352.17,388.54,356.73,377.01,211.1,147.9,172.4,351.33,365.67,283.67,166.52,26.82,27.46,353.06
595,352.15,388.71,356.72,377.09,211.25,148.1,172.56,351.3,365.7,283.78,166.7,26.81,27.44,353.03
596,352.11,389.19,356.72,377.21,211.52,148.5,172.82,351.27,365.74,284.03,167.13,26.82,27.45,353.03
597,352.09,389.4,356.73,377.34,211.79,148.85,173.1,351.24,365.79,284.31,167.54,26.81,27.44,353
598,352.06,389.11,356.73,377.42,212.09,148.98,173.28,351.22,365.84,284.52,167.7,26.81,27.45,352.98
599,352.03,388.77,356.73,377.5,212.35,149.13,173.47,351.2,365.88,284.63,167.92,26.82,27.46,352.97
600,352.01,388.96,356.73,377.58,212.47,149.37,173.65,351.18,365.92,284.75,168.24,26.81,27.46,352.95
601,351.98,389.06,356.72,377.65,212.67,149.6,173.83,351.15,365.97,284.91,168.69,26.81,27.46,352.93
602,351.96,388.87,356.73,377.72,212.97,149.85,174.01,351.13,366.01,285,168.92,26.81,27.46,352.91
603,351.94,388.62,356.73,377.78,213.14,150.13,174.2,351.12,366.06,285.12,169.19,26.82,27.47,352.89
604,351.91,388.75,356.73,377.85,213.4,150.36,174.4,351.1,366.11,285.24,169.31,26.82,27.47,352.88
605,351.88,389.37,356.73,377.94,213.88,150.63,174.71,351.06,366.15,285.33,169.58,26.82,27.47,352.85
606,351.85,390.02,356.73,378.02,214.45,150.9,175.02,351.03,366.19,285.43,169.89,26.82,27.47,352.82
607,351.83,390.36,356.74,378.07,214.7,151.07,175.2,351.01,366.23,285.44,169.94,26.82,27.47,352.81
608,351.8,390.51,356.74,378.12,214.83,151.24,175.39,350.99,366.29,285.45,170.07,26.82,27.47,352.79
609,351.78,390.65,356.74,378.14,215.03,151.46,175.57,350.97,366.33,285.51,170.28,26.82,27.48,352.77
610,351.75,391.02,356.75,378.19,215.15,151.64,175.76,350.96,366.37,285.58,170.33,26.81,27.47,352.76
611,351.74,391.31,356.75,378.24,215.15,151.78,175.94,350.93,366.42,285.63,170.34,26.81,27.47,352.74
612,351.71,391.41,356.75,378.28,215.22,151.91,176.14,350.91,366.47,285.67,170.45,26.82,27.47,352.73
613,351.68,391.52,356.74,378.35,215.5,152.07,176.42,350.87,366.52,285.71,170.61,26.83,27.47,352.71
614,351.65,391.42,356.75,378.41,215.79,152.25,176.7,350.84,366.56,285.68,170.68,26.82,27.47,352.68
615,351.61,391.21,356.74,378.46,216.01,152.42,176.88,350.82,366.61,285.68,170.86,26.81,27.47,352.66
616,351.6,391.05,356.74,378.5,216.16,152.62,177.07,350.8,366.65,285.69,171.01,26.82,27.47,352.65
617,351.58,391.12,356.74,378.56,216.26,152.73,177.25,350.78,366.7,285.81,171.15,26.81,27.45,352.64
618,351.56,391.3,356.74,378.61,216.25,152.78,177.42,350.76,366.75,285.92,171.09,26.81,27.45,352.62
619,351.54,391.28,356.75,378.65,216.22,152.81,177.56,350.74,366.8,285.97,171.08,26.81,27.45,352.61
620,351.51,391.27,356.75,378.7,216.33,152.84,177.71,350.72,366.85,285.97,171.09,26.81,27.45,352.59
621,351.48,391.07,356.74,378.75,216.43,152.91,177.86,350.7,366.9,285.96,171.03,26.81,27.45,352.58
622,351.46,390.78,356.75,378.83,216.17,152.93,178.05,350.67,366.94,285.94,170.8,26.82,27.46,352.56
623,351.42,390.45,356.76,378.91,215.63,152.83,178.23,350.64,366.97,285.94,170.6,26.81,27.45,352.54
624,351.41,390.08,356.75,378.95,215.36,152.75,178.32,350.62,367.02,285.97,170.34,26.82,27.46,352.52
625,351.38,390.02,356.76,379.01,215.24,152.69,178.41,350.59,367.07,286.02,170.17,26.8,27.45,352.5
626,351.35,390.13,356.75,379.06,215.21,152.67,178.51,350.59,367.11,286.07,170.12,26.81,27.45,352.49
627,351.33,390.55,356.77,379.12,215.15,152.72,178.6,350.56,367.16,286.09,170.1,26.81,27.45,352.48
628,351.31,390.89,356.76,379.18,215.18,152.79,178.69,350.55,367.2,286.14,170.26,26.81,27.45,352.47
629,351.29,391.03,356.77,379.23,215.22,152.88,178.78,350.52,367.25,286.28,170.49,26.82,27.46,352.45
630,351.27,390.73,356.77,379.29,215.42,153.01,178.87,350.5,367.28,286.4,170.77,26.81,27.45,352.43
631,351.23,390.33,356.77,379.37,215.47,153.14,179,350.48,367.32,286.53,170.82,26.81,27.46,352.42
632,351.19,389.97,356.78,379.46,215.63,153.26,179.13,350.45,367.37,286.65,170.92,26.82,27.46,352.39
633,351.18,389.58,356.79,379.52,215.91,153.4,179.21,350.43,367.41,286.78,171.12,26.82,27.47,352.38
634,351.16,389.31,356.79,379.58,216.17,153.64,179.32,350.42,367.46,286.87,171.47,26.8,27.46,352.36
635,351.14,389.36,356.8,379.64,216.28,153.86,179.44,350.41,367.49,286.92,171.63,26.81,27.47,352.36
636,351.12,389.84,356.8,379.7,216.31,154.06,179.56,350.38,367.53,286.97,171.82,26.81,27.47,352.34
637,351.09,390.29,356.8,379.75,216.34,154.21,179.67,350.37,367.56,287.01,171.82,26.82,27.47,352.31
638,351.08,390.81,356.81,379.81,216.4,154.34,179.79,350.35,367.61,287.08,171.85,26.81,27.47,352.31
639,351.06,391.05,356.81,379.87,216.6,154.47,179.9,350.33,367.66,287.18,172.03,26.82,27.47,352.3
640,351.03,391.05,356.81,379.92,216.68,154.54,180.02,350.32,367.71,287.3,171.87,26.81,27.46,352.29
641,351.01,390.8,356.83,380.02,216.66,154.55,180.19,350.3,367.75,287.41,171.8,26.81,27.46,352.27
642,350.98,390.77,356.83,380.13,216.84,154.73,180.35,350.27,367.8,287.44,172.08,26.81,27.46,352.27
643,350.96,390.88,356.83,380.18,216.97,154.9,180.47,350.25,367.85,287.46,172.31,26.81,27.46,352.25
644,350.94,391.05,356.84,380.23,217.13,155,180.58,350.24,367.87,287.45,172.39,26.8,27.46,352.23
645,350.92,391.16,356.85,380.3,217.23,155.09,180.7,350.22,367.92,287.4,172.48,26.8,27.46,352.22
646,350.9,391.22,356.85,380.36,217.26,155.15,180.8,350.2,367.97,287.37,172.56,26.82,27.46,352.21
647,350.88,391.25,356.85,380.42,217.27,155.15,180.89,350.18,368,287.35,172.5,26.81,27.46,352.2
648,350.86,391.24,356.86,380.47,217.3,155.15,180.96,350.16,368.05,287.29,172.5,26.81,27.46,352.19
649,350.83,390.88,356.86,380.54,217.29,155.15,181.06,350.13,368.1,287.23,172.51,26.81,27.46,352.17
650,350.79,390.79,356.86,380.61,217.26,155.17,181.16,350.1,368.15,287.19,172.45,26.81,27.46,352.14
651,350.77,390.91,356.87,380.66,217.28,155.19,181.25,350.09,368.19,287.18,172.36,26.81,27.46,352.13
652,350.76,391.25,356.87,380.72,217.35,155.24,181.32,350.07,368.23,287.15,172.41,26.81,27.46,352.12
653,350.74,391.6,356.87,380.76,217.36,155.34,181.41,350.04,368.28,287.15,172.54,26.81,27.45,352.11
654,350.72,391.83,356.87,380.81,217.5,155.47,181.48,350.02,368.32,287.27,172.85,26.81,27.46,352.09
655,350.68,391.68,356.87,380.85,217.55,155.61,181.58,350.01,368.37,287.41,173.12,26.81,27.45,352.07
656,350.67,391.3,356.89,380.89,217.47,155.67,181.68,350,368.41,287.53,173.21,26.81,27.46,352.07
657,350.66,390.97,356.89,380.94,217.39,155.77,181.76,349.97,368.46,287.63,173.22,26.82,27.46,352.06
658,350.62,390.92,356.89,381.02,217.22,156,181.9,349.95,368.49,287.71,173.21,26.82,27.45,352.04
659,350.59,390.77,356.89,381.1,217.09,156.32,182.05,349.93,368.54,287.8,173.28,26.81,27.45,352.02
660,350.57,390.6,356.9,381.17,217.03,156.56,182.15,349.9,368.59,287.96,173.55,26.81,27.45,352.02
661,350.55,390.62,356.9,381.23,217.02,156.76,182.26,349.89,368.63,288.09,173.71,26.81,27.45,352
662,350.53,390.9,356.9,381.28,217.09,156.91,182.39,349.87,368.67,288.16,173.7,26.8,27.44,351.99
663,350.51,391.25,356.91,381.33,217.21,157.02,182.52,349.85,368.73,288.18,173.64,26.8,27.43,351.98
664,350.49,391.59,356.91,381.38,217.36,157.1,182.65,349.85,368.77,288.16,173.64,26.8,27.43,351.97
665,350.48,391.92,356.92,381.43,217.45,157.14,182.78,349.82,368.81,288.19,173.75,26.81,27.43,351.95
666,350.47,392.38,356.92,381.49,217.52,157.19,182.9,349.8,368.85,288.28,173.96,26.81,27.44,351.94
667,350.44,392.76,356.93,381.57,217.64,157.24,183.08,349.78,368.91,288.38,173.98,26.83,27.45,351.92
668,350.42,392.88,356.94,381.65,217.81,157.33,183.25,349.76,368.95,288.42,173.94,26.82,27.45,351.92
669,350.41,392.85,356.95,381.69,218.04,157.46,183.36,349.74,369,288.45,174.11,26.81,27.44,351.91
670,350.4,392.4,356.96,381.73,218.18,157.55,183.45,349.73,369.05,288.55,174.32,26.81,27.45,351.9
671,350.38,392.18,356.95,381.76,218,157.57,183.53,349.71,369.1,288.62,174.27,26.82,27.44,351.88
672,350.37,392.28,356.95,381.82,217.95,157.61,183.61,349.68,369.12,288.68,174.31,26.81,27.44,351.86
673,350.34,392.33,356.96,381.87,218.03,157.68,183.7,349.67,369.17,288.8,174.5,26.82,27.44,351.85
674,350.32,392.27,356.96,381.92,217.95,157.79,183.77,349.65,369.21,288.99,174.78,26.83,27.44,351.84
675,350.3,392.14,356.97,381.97,218,157.95,183.84,349.62,369.27,289.22,175.13,26.82,27.44,351.82
676,350.27,392.18,356.97,382.05,218.31,158.33,183.97,349.6,369.31,289.53,175.71,26.82,27.44,351.81
677,350.25,392.51,356.98,382.14,218.87,158.83,184.13,349.58,369.35,289.81,176.3,26.81,27.44,351.8
678,350.24,393.03,356.99,382.2,219.21,159.2,184.24,349.56,369.4,290.03,176.82,26.82,27.44,351.78
679,350.2,393.32,356.98,382.26,219.33,159.51,184.37,349.53,369.43,290.14,176.97,26.81,27.43,351.76
680,350.19,393.66,356.99,382.33,219.45,159.77,184.52,349.52,369.47,290.31,177.26,26.81,27.43,351.76
681,350.18,393.76,356.99,382.37,219.54,159.84,184.65,349.5,369.52,290.46,177.19,26.82,27.44,351.73
682,350.15,393.66,357,382.44,219.59,159.85,184.78,349.48,369.57,290.41,176.93,26.81,27.44,351.72
683,350.15,393.5,357.01,382.51,219.65,159.84,184.91,349.46,369.62,290.25,176.62,26.82,27.44,351.73
684,350.12,393.51,357.02,382.55,219.65,159.82,185.03,349.45,369.66,290.08,176.45,26.82,27.44,351.7
685,350.1,393.6,357.02,382.64,219.66,159.89,185.24,349.42,369.71,289.94,176.49,26.82,27.43,351.69
686,350.08,393.53,357.04,382.73,219.59,159.97,185.45,349.4,369.74,289.88,176.46,26.82,27.44,351.69
687,350.07,393.27,357.04,382.77,219.52,159.99,185.59,349.38,369.78,289.82,176.39,26.82,27.44,351.67
688,350.05,393.22,357.04,382.81,219.47,160.04,185.71,349.37,369.82,289.86,176.37,26.82,27.44,351.66
689,350.02,393.38,357.06,382.85,219.44,160.08,185.84,349.35,369.87,289.97,176.3,26.81,27.43,351.65
690,350.01,393.33,357.06,382.89,219.43,160.1,185.93,349.32,369.92,290.11,176.39,26.82,27.44,351.64
691,349.99,393.35,357.06,382.94,219.46,160.14,186.03,349.31,369.97,290.28,176.54,26.82,27.44,351.63
692,349.97,393.32,357.07,382.98,219.36,160.21,186.11,349.29,370.01,290.49,176.6,26.82,27.43,351.62
693,349.96,393.2,357.07,383.04,219.33,160.3,186.18,349.27,370.05,290.64,176.71,26.82,27.43,351.61
694,349.92,393.04,357.08,383.13,219.29,160.5,186.29,349.25,370.08,290.83,176.93,26.82,27.44,351.59
695,349.89,393.01,357.09,383.22,219.34,160.72,186.4,349.22,370.13,291,177.13,26.81,27.43,351.57
696,349.87,393.12,357.09,383.28,219.45,160.77,186.48,349.21,370.17,291.04,177.05,26.82,27.44,351.56
697,349.85,392.93,357.1,383.35,219.64,160.83,186.57,349.19,370.21,291.06,176.98,26.82,27.44,351.55
698,349.84,392.92,357.1,383.41,219.9,160.96,186.67,349.16,370.26,291.13,177.18,26.82,27.44,351.54
699,349.8,393.15,357.11,383.47,220.08,161.14,186.76,349.15,370.31,291.21,177.44,26.81,27.43,351.52
700,349.8,393.32,357.11,383.52,220.36,161.24,186.86,349.14,370.33,291.25,177.49,26.81,27.44,351.51
701,349.79,393.41,357.12,383.59,220.58,161.31,186.97,349.12,370.37,291.25,177.46,26.82,27.45,351.51
702,349.77,393.33,357.14,383.64,220.73,161.38,187.09,349.11,370.41,291.22,177.45,26.81,27.45,351.5
703,349.74,393.06,357.15,383.71,220.88,161.48,187.27,349.1,370.46,291.15,177.45,26.82,27.45,351.49
704,349.72,392.82,357.16,383.78,220.89,161.57,187.43,349.07,370.49,291.07,177.4,26.81,27.46,351.48
705,349.69,392.39,357.17,383.82,220.78,161.61,187.52,349.05,370.53,290.98,177.35,26.8,27.45,351.46
706,349.68,392.14,357.18,383.87,220.51,161.74,187.62,349.05,370.57,290.94,177.5,26.8,27.45,351.46
707,349.67,392.01,357.18,383.91,220.41,161.9,187.69,349.03,370.61,290.99,177.63,26.82,27.46,351.44
708,349.65,392.34,357.2,383.94,220.46,162,187.79,349.02,370.65,291.13,177.73,26.81,27.46,351.43
709,349.63,392.99,357.2,383.96,220.65,162.03,187.87,349,370.69,291.26,177.82,26.81,27.46,351.42
710,349.61,393.45,357.21,383.99,220.97,162.06,187.93,348.98,370.74,291.31,177.97,26.82,27.46,351.41
711,349.61,393.89,357.22,384.02,221.16,162.12,188.02,348.98,370.77,291.26,177.84,26.81,27.46,351.41
712,349.57,394.3,357.22,384.05,221.23,162.19,188.14,348.94,370.82,291.16,177.62,26.81,27.46,351.4
713,349.54,394.66,357.23,384.09,221.31,162.3,188.28,348.92,370.85,291.05,177.46,26.82,27.46,351.37
714,349.54,394.8,357.24,384.13,221.37,162.38,188.39,348.91,370.87,290.95,177.49,26.81,27.46,351.37
715,349.52,394.97,357.25,384.16,221.5,162.49,188.47,348.89,370.93,290.86,177.78,26.82,27.47,351.37
716,349.5,395.05,357.25,384.18,221.63,162.61,188.58,348.88,370.97,290.84,178.06,26.82,27.46,351.35
717,349.48,395.4,357.25,384.19,221.74,162.77,188.68,348.86,371.01,290.9,178.3,26.82,27.46,351.34
718,349.47,395.82,357.27,384.23,221.72,162.95,188.78,348.84,371.06,290.95,178.51,26.81,27.45,351.34
719,349.45,395.97,357.27,384.25,221.62,163.04,188.88,348.84,371.1,290.99,178.52,26.82,27.46,351.33
720,349.44,395.82,357.28,384.29,221.46,163.02,188.98,348.82,371.14,291.11,178.36,26.81,27.46,351.33
721,349.4,395.74,357.28,384.33,221.25,162.9,189.11,348.8,371.17,291.2,178.36,26.81,27.44,351.31
722,349.38,395.72,357.29,384.39,221.25,162.71,189.21,348.77,371.21,291.28,178.28,26.81,27.45,351.3
723,349.36,395.43,357.3,384.43,221.15,162.63,189.26,348.76,371.26,291.31,178.23,26.81,27.45,351.29
724,349.34,395.22,357.3,384.48,221.07,162.58,189.31,348.75,371.3,291.44,178.12,26.81,27.45,351.29
725,349.33,395.17,357.31,384.52,221,162.56,189.36,348.73,371.34,291.62,178.15,26.81,27.44,351.28
726,349.31,395.46,357.31,384.58,221.03,162.52,189.4,348.71,371.4,291.79,178.12,26.82,27.44,351.27
727,349.3,395.59,357.32,384.63,221,162.44,189.45,348.69,371.44,291.84,177.87,26.82,27.44,351.26
728,349.27,395.46,357.32,384.67,221,162.4,189.48,348.68,371.47,291.81,177.81,26.81,27.44,351.25
729,349.26,395.19,357.33,384.74,221.16,162.39,189.52,348.67,371.51,291.8,177.86,26.82,27.44,351.25
730,349.23,395.1,357.34,384.79,221.42,162.39,189.58,348.64,371.55,291.81,177.93,26.82,27.44,351.22
731,349.22,395.22,357.35,384.85,221.75,162.44,189.63,348.61,371.59,291.77,178.06,26.81,27.44,351.21
732,349.2,395.53,357.34,384.88,221.9,162.53,189.69,348.6,371.64,291.73,178.25,26.81,27.44,351.21
733,349.19,395.44,357.37,384.92,221.77,162.64,189.71,348.59,371.68,291.66,178.45,26.81,27.44,351.19
734,349.17,395.26,357.37,384.95,221.35,162.79,189.72,348.58,371.72,291.68,178.69,26.81,27.43,351.18
735,349.16,394.96,357.38,385,221.29,162.99,189.74,348.57,371.76,291.77,178.94,26.82,27.43,351.18
736,349.15,394.54,357.39,385.04,221.36,163.24,189.78,348.55,371.8,291.94,179.27,26.81,27.43,351.17
737,349.14,394.28,357.4,385.07,221.56,163.45,189.85,348.53,371.84,292.14,179.63,26.81,27.43,351.16
738,349.12,394.51,357.41,385.11,221.74,163.6,189.92,348.52,371.89,292.27,179.69,26.81,27.42,351.15
739,349.11,394.78,357.42,385.17,221.93,163.68,190.06,348.5,371.93,292.37,179.57,26.81,27.44,351.14
740,349.09,395.16,357.44,385.25,221.93,163.62,190.18,348.48,371.96,292.51,179.33,26.81,27.42,351.13
741,349.08,395.44,357.45,385.29,221.89,163.56,190.24,348.46,372.02,292.66,179.27,26.8,27.42,351.13
742,349.06,395.42,357.45,385.33,221.81,163.41,190.28,348.44,372.04,292.74,179.14,26.8,27.43,351.11
743,349.04,395.14,357.46,385.37,221.72,163.3,190.32,348.43,372.08,292.81,178.77,26.8,27.43,351.1
744,349.03,395.09,357.47,385.44,221.59,163.2,190.34,348.41,372.12,292.83,178.32,26.82,27.43,351.1
745,349.03,395.15,357.49,385.48,221.44,163.12,190.34,348.4,372.17,292.77,178.1,26.81,27.43,351.09
746,349,395.1,357.49,385.53,221.33,163,190.34,348.38,372.2,292.68,177.86,26.81,27.43,351.08
747,348.99,395.28,357.5,385.57,221.19,162.85,190.34,348.36,372.25,292.55,177.65,26.81,27.42,351.07
748,348.97,395.17,357.52,385.63,221.13,162.65,190.31,348.35,372.29,292.4,177.53,26.81,27.42,351.07
749,348.96,394.99,357.54,385.67,221.1,162.54,190.27,348.32,372.32,292.31,177.5,26.8,27.42,351.05
750,348.94,395.1,357.54,385.7,221.06,162.47,190.25,348.31,372.37,292.18,177.45,26.81,27.42,351.04
751,348.93,395,357.54,385.72,221.1,162.37,190.2,348.29,372.41,292.05,177.44,26.8,27.42,351.04
752,348.91,394.86,357.54,385.74,221.05,162.3,190.16,348.28,372.45,291.97,177.51,26.81,27.42,351.03
753,348.9,394.79,357.56,385.76,220.97,162.37,190.11,348.26,372.48,291.97,177.75,26.8,27.41,351.02
754,348.88,394.68,357.57,385.78,221,162.57,190.08,348.25,372.54,292.07,178.19,26.81,27.43,351.01
755,348.87,394.47,357.58,385.81,220.85,162.77,190.04,348.24,372.59,292.23,178.39,26.82,27.43,351.02
756,348.87,394.44,357.6,385.86,220.89,162.9,190.02,348.23,372.62,292.38,178.47,26.81,27.43,351.02
757,348.84,394.69,357.61,385.92,221.18,163.13,190.02,348.2,372.67,292.6,178.75,26.82,27.43,351
758,348.83,395.04,357.63,385.99,221.48,163.32,190.06,348.18,372.71,292.75,178.76,26.82,27.43,350.99
759,348.81,395.17,357.63,386.04,221.22,163.43,190.09,348.16,372.75,292.82,178.63,26.81,27.43,350.98
760,348.79,395.33,357.64,386.09,220.68,163.5,190.1,348.14,372.79,292.92,178.59,26.82,27.43,350.97
761,348.77,395.37,357.64,386.15,220.16,163.61,190.13,348.14,372.83,293.1,178.76,26.82,27.43,350.96
762,348.76,395.4,357.66,386.21,219.95,163.73,190.17,348.11,372.87,293.26,179,26.82,27.43,350.95
763,348.74,395.34,357.67,386.28,219.85,163.8,190.21,348.1,372.92,293.41,179.06,26.82,27.43,350.95
764,348.73,395.3,357.68,386.34,219.96,163.8,190.24,348.08,372.96,293.57,179.18,26.82,27.43,350.94
765,348.71,395.26,357.68,386.4,220.1,163.8,190.28,348.07,373,293.65,179.21,26.81,27.43,350.92
766,348.69,395.19,357.71,386.49,220.21,163.74,190.36,348.06,373.04,293.71,179.05,26.81,27.43,350.92
767,348.67,395.04,357.71,386.58,220.5,163.54,190.4,348.03,373.07,293.75,178.82,26.82,27.43,350.92
768,348.66,395.41,357.73,386.63,220.71,163.41,190.43,348.02,373.12,293.78,178.74,26.81,27.44,350.91
769,348.65,395.94,357.73,386.67,221.03,163.33,190.44,348,373.15,293.8,178.92,26.82,27.43,350.9
770,348.63,396.3,357.74,386.71,221.28,163.24,190.44,347.99,373.17,293.79,179.03,26.81,27.44,350.89
771,348.63,396.53,357.76,386.76,221.42,163.1,190.45,347.98,373.22,293.71,178.98,26.81,27.43,350.89
772,348.62,396.51,357.77,386.81,221.44,163.01,190.43,347.98,373.24,293.65,178.89,26.81,27.43,350.88
773,348.6,396.49,357.78,386.85,221.43,162.91,190.39,347.95,373.29,293.64,178.62,26.81,27.43,350.88
774,348.58,396.86,357.79,386.9,221.28,162.78,190.35,347.94,373.34,293.62,178.15,26.82,27.44,350.88
775,348.56,397.2,357.79,386.96,221.11,162.64,190.27,347.91,373.39,293.54,178.01,26.82,27.44,350.85
776,348.54,397.49,357.82,387.01,221.12,162.65,190.24,347.89,373.42,293.48,178.07,26.81,27.45,350.85
777,348.53,397.6,357.82,387.04,221.25,162.71,190.23,347.88,373.44,293.41,178.14,26.81,27.44,350.84
778,348.52,397.77,357.82,387.07,221.49,162.85,190.22,347.85,373.49,293.34,178.47,26.81,27.43,350.83
779,348.5,397.93,357.84,387.08,221.56,163.03,190.21,347.85,373.53,293.32,178.89,26.81,27.44,350.83
780,348.49,397.93,357.84,387.1,221.44,163.26,190.17,347.83,373.57,293.45,179.42,26.81,27.44,350.82
781,348.47,397.85,357.85,387.12,221.3,163.5,190.1,347.82,373.61,293.62,179.85,26.81,27.44,350.81
782,348.46,398,357.86,387.15,221.48,163.79,190.07,347.81,373.65,293.69,180.1,26.81,27.45,350.8
783,348.45,398.15,357.88,387.19,221.69,163.95,190.09,347.79,373.69,293.68,179.93,26.81,27.44,350.8
784,348.42,398,357.89,387.22,221.86,164.01,190.14,347.77,373.73,293.61,179.7,26.81,27.44,350.78
785,348.4,397.55,357.9,387.25,221.96,164.02,190.24,347.76,373.76,293.51,179.44,26.82,27.45,350.77
786,348.39,397.03,357.91,387.28,221.85,164.02,190.31,347.75,373.81,293.34,179.16,26.81,27.46,350.78
787,348.38,396.55,357.92,387.3,221.78,163.99,190.38,347.73,373.85,293.17,178.93,26.82,27.45,350.77
788,348.36,396.28,357.93,387.32,221.76,163.97,190.44,347.72,373.89,293.03,178.8,26.83,27.46,350.76
789,348.36,396.15,357.94,387.33,221.77,163.93,190.49,347.71,373.92,292.84,178.7,26.82,27.45,350.76
790,348.34,395.88,357.95,387.33,221.7,163.94,190.55,347.69,373.96,292.69,178.77,26.82,27.46,350.75
791,348.33,395.51,357.96,387.35,221.72,163.94,190.6,347.68,373.99,292.68,178.79,26.82,27.46,350.75
792,348.31,395.21,357.97,387.36,221.51,163.93,190.65,347.67,374.02,292.68,178.88,26.82,27.46,350.74
793,348.3,395.08,357.99,387.38,221.2,164.01,190.72,347.65,374.05,292.78,179.16,26.82,27.46,350.73
794,348.28,394.92,358.01,387.4,221.26,164.27,190.8,347.64,374.09,292.97,179.52,26.82,27.46,350.73
795,348.26,394.87,358.02,387.43,221.35,164.5,190.86,347.62,374.13,293.19,179.97,26.82,27.45,350.72
796,348.25,395.02,358.02,387.45,221.48,164.75,190.92,347.61,374.17,293.41,180.4,26.81,27.46,350.71
797,348.25,395.24,358.05,387.49,221.57,164.97,190.99,347.6,374.22,293.57,180.61,26.82,27.46,350.71
798,348.23,395.39,358.05,387.53,221.74,165.16,191.07,347.59,374.24,293.63,180.57,26.81,27.46,350.7
799,348.22,395.94,358.07,387.57,221.93,165.26,191.16,347.58,374.28,293.68,180.45,26.83,27.46,350.71
800,348.22,396.38,358.07,387.62,222.05,165.34,191.23,347.56,374.31,293.7,180.31,26.82,27.46,350.7
801,348.2,396.7,358.09,387.65,222.21,165.37,191.33,347.56,374.35,293.69,180.05,26.82,27.46,350.69
802,348.18,396.53,358.1,387.71,222.33,165.29,191.42,347.54,374.39,293.67,179.79,26.81,27.45,350.7
803,348.17,396.63,358.12,387.76,222.31,165.13,191.51,347.52,374.42,293.67,179.52,26.81,27.46,350.69
804,348.16,396.57,358.13,387.78,222.31,165.02,191.56,347.5,374.46,293.65,179.32,26.81,27.46,350.68
805,348.15,396.42,358.13,387.83,222.31,164.96,191.62,347.5,374.49,293.62,179.2,26.82,27.46,350.67
806,348.13,396.12,358.15,387.87,222.39,164.93,191.68,347.49,374.53,293.52,179.08,26.81,27.46,350.68
807,348.12,395.98,358.15,387.88,222.44,164.92,191.72,347.45,374.57,293.42,179.13,26.81,27.47,350.66
808,348.1,396.07,358.15,387.91,222.52,164.93,191.79,347.45,374.61,293.32,179.1,26.82,27.46,350.65
809,348.09,395.99,358.16,387.94,222.55,164.9,191.83,347.44,374.65,293.21,179.01,26.83,27.46,350.64
810,348.08,395.98,358.18,387.95,222.56,164.82,191.86,347.43,374.68,293.1,178.94,26.82,27.46,350.65
811,348.06,395.97,358.19,387.99,222.4,164.68,191.88,347.41,374.72,293.03,178.97,26.82,27.45,350.63
812,348.04,395.79,358.2,388.03,222.1,164.57,191.87,347.39,374.75,293,178.91,26.81,27.46,350.62
813,348.03,395.51,358.22,388.05,222,164.59,191.86,347.38,374.78,293.02,178.89,26.81,27.45,350.63
814,348.01,395.66,358.23,388.08,221.93,164.62,191.86,347.36,374.82,293.14,178.93,26.81,27.46,350.63
815,348.01,396.36,358.24,388.1,222.03,164.65,191.87,347.35,374.86,293.24,178.96,26.82,27.46,350.62
816,348,397.07,358.25,388.13,222.08,164.69,191.87,347.34,374.9,293.28,178.87,26.82,27.46,350.61
817,347.99,397.43,358.26,388.15,222.22,164.74,191.88,347.33,374.94,293.29,178.94,26.82,27.46,350.6
818,347.95,397.84,358.27,388.18,222.35,164.81,191.9,347.32,374.97,293.32,178.91,26.82,27.46,350.59
819,347.95,398.18,358.27,388.21,222.33,164.86,191.93,347.3,374.99,293.31,178.87,26.82,27.47,350.58
820,347.94,398.58,358.3,388.27,222.26,164.9,191.96,347.28,375.04,293.32,178.82,26.82,27.46,350.58
821,347.92,398.69,358.31,388.31,222.34,164.91,191.98,347.26,375.07,293.37,178.94,26.82,27.46,350.57
822,347.9,398.56,358.31,388.35,222.33,164.92,191.99,347.25,375.12,293.51,179.15,26.82,27.46,350.57
823,347.89,398.34,358.34,388.4,222.42,164.98,192.01,347.23,375.15,293.67,179.48,26.82,27.46,350.57
824,347.88,398.01,358.34,388.44,222.53,165.08,192.01,347.22,375.19,293.83,179.74,26.82,27.46,350.56
825,347.87,397.54,358.36,388.49,222.75,165.22,192.02,347.21,375.22,294.04,180.06,26.81,27.46,350.56
826,347.85,397.15,358.36,388.53,222.84,165.29,192.05,347.2,375.26,294.16,180.07,26.82,27.47,350.54
827,347.83,396.91,358.37,388.58,222.81,165.37,192.06,347.17,375.3,294.24,179.97,26.83,27.47,350.54
828,347.82,396.8,358.37,388.63,222.81,165.53,192.11,347.16,375.33,294.32,180.11,26.83,27.47,350.52
829,347.8,396.88,358.39,388.71,222.92,165.77,192.19,347.15,375.36,294.46,180.43,26.81,27.46,350.53
830,347.79,397.39,358.42,388.78,222.98,165.85,192.28,347.13,375.4,294.56,180.45,26.81,27.46,350.52
831,347.78,397.86,358.42,388.82,222.92,165.83,192.33,347.12,375.44,294.58,180.24,26.82,27.46,350.51
832,347.78,398.04,358.43,388.88,222.86,165.8,192.38,347.11,375.48,294.6,180.14,26.81,27.46,350.52
833,347.76,398.08,358.45,388.92,222.83,165.78,192.43,347.1,375.5,294.66,180.19,26.82,27.46,350.51
834,347.75,398.18,358.46,388.97,222.74,165.75,192.47,347.08,375.55,294.8,180.25,26.81,27.46,350.52
835,347.74,398.31,358.46,389,222.68,165.7,192.51,347.08,375.58,294.97,180.26,26.82,27.46,350.5
836,347.74,398.41,358.49,389.05,222.78,165.68,192.55,347.07,375.62,295.08,180.42,26.82,27.46,350.51
837,347.73,398.13,358.5,389.08,222.92,165.73,192.58,347.06,375.66,295.1,180.55,26.82,27.46,350.5
838,347.71,397.83,358.51,389.17,222.94,165.8,192.63,347.04,375.69,295.06,180.61,26.82,27.46,350.5
839,347.7,397.55,358.53,389.25,223.05,165.9,192.71,347.04,375.72,295.08,180.74,26.82,27.47,350.5
840,347.71,397.8,358.55,389.29,223.45,166.02,192.77,347.02,375.78,295.2,181.11,26.82,27.46,350.49
841,347.68,398.16,358.55,389.33,223.91,166.13,192.82,347,375.8,295.31,181.53,26.82,27.46,350.49
842,347.66,398.22,358.56,389.36,224.22,166.3,192.88,346.98,375.84,295.34,181.74,26.83,27.46,350.49
843,347.65,398.17,358.57,389.39,224.31,166.41,192.95,346.97,375.88,295.35,181.7,26.83,27.47,350.48
844,347.65,398.19,358.58,389.43,224.27,166.5,193.03,346.97,375.92,295.36,181.53,26.81,27.46,350.48
845,347.64,398.21,358.61,389.48,224.36,166.59,193.1,346.97,375.95,295.44,181.47,26.82,27.46,350.47
846,347.62,398.24,358.6,389.5,224.29,166.57,193.15,346.94,375.98,295.44,181.13,26.81,27.45,350.48
847,347.61,398.26,358.63,389.55,224.03,166.41,193.21,346.93,376.02,295.48,180.89,26.82,27.46,350.46
848,347.59,398.09,358.64,389.61,223.96,166.31,193.26,346.92,376.06,295.58,180.85,26.82,27.46,350.46
849,347.57,397.8,358.65,389.64,223.91,166.27,193.26,346.89,376.08,295.67,180.82,26.82,27.46,350.46
850,347.56,397.22,358.66,389.67,223.73,166.27,193.29,346.89,376.12,295.8,180.77,26.82,27.46,350.45
851,347.55,396.95,358.68,389.7,223.62,166.3,193.31,346.87,376.16,295.96,180.77,26.82,27.47,350.45
852,347.55,397.05,358.69,389.75,223.51,166.35,193.33,346.86,376.2,296.1,180.93,26.82,27.45,350.45
853,347.53,397.1,358.69,389.79,223.6,166.45,193.33,346.85,376.24,296.25,181.26,26.82,27.45,350.44
854,347.52,397.19,358.71,389.83,223.83,166.63,193.35,346.84,376.25,296.38,181.6,26.82,27.45,350.44
855,347.51,397.68,358.72,389.87,224.05,166.82,193.36,346.83,376.29,296.61,182.11,26.81,27.45,350.44
856,347.5,398.38,358.74,389.93,224.53,167.23,193.43,346.81,376.33,296.75,182.72,26.81,27.45,350.43
857,347.49,398.66,358.76,389.98,224.98,167.62,193.51,346.8,376.37,296.78,183.09,26.82,27.45,350.43
858,347.49,397.25,358.78,390.01,224.78,167.76,193.55,346.79,376.4,296.74,183.3,26.81,27.45,350.43
859,347.47,394.89,358.78,390,224.66,167.76,193.56,346.77,376.42,296.65,183.26,26.81,27.45,350.41
860,347.46,392.68,358.79,389.97,224.47,167.6,193.54,346.76,376.45,296.49,182.92,26.82,27.46,350.41
861,347.44,390.8,358.8,389.92,224.23,167.34,193.51,346.74,376.47,296.31,182.4,26.81,27.45,350.4
862,347.43,389.09,358.81,389.84,223.82,166.96,193.43,346.73,376.48,296.12,181.77,26.82,27.45,350.38
863,347.42,387.83,358.83,389.75,223.38,166.62,193.36,346.73,376.48,295.95,181.46,26.81,27.45,350.39
864,347.41,386.39,358.84,389.64,223.01,166.21,193.26,346.72,376.48,295.66,180.95,26.81,27.46,350.38
865,347.39,384.66,358.87,389.38,222.6,165.63,193.07,346.7,376.5,295.28,180.37,26.82,27.45,350.38
866,347.37,382.91,358.89,389.06,222.13,165.09,192.86,346.69,376.51,294.8,179.78,26.82,27.46,350.37
867,347.36,381.47,358.9,388.8,221.83,164.82,192.71,346.67,376.52,294.3,179.41,26.82,27.46,350.36
868,347.35,380.68,358.9,388.51,221.49,164.59,192.52,346.65,376.52,293.99,179.25,26.81,27.46,350.35
869,347.34,379.96,358.93,388.23,221.2,164.34,192.33,346.65,376.52,293.55,179.11,26.82,27.45,350.35
870,347.33,379.13,358.94,387.92,220.93,164.07,192.11,346.64,376.52,293.04,178.82,26.81,27.45,350.36
871,347.33,378.21,358.96,387.57,220.65,163.75,191.87,346.63,376.5,292.49,178.37,26.81,27.45,350.35
872,347.32,377.03,358.99,387.22,220.36,163.41,191.6,346.62,376.48,291.93,177.89,26.81,27.45,350.35
873,347.31,376.08,359.01,386.86,219.97,163.07,191.29,346.61,376.48,291.39,177.47,26.81,27.45,350.35
874,347.29,375.23,359.02,386.32,219.37,162.66,190.81,346.59,376.46,290.88,177.23,26.81,27.45,350.34
875,347.29,374.44,359.05,385.76,218.83,162.31,190.3,346.59,376.46,290.39,176.99,26.82,27.45,350.34
876,347.29,373.7,359.07,385.38,218.39,162.05,189.95,346.57,376.46,289.87,176.56,26.81,27.45,350.35
877,347.27,373.24,359.09,384.99,217.84,161.68,189.56,346.56,376.46,289.5,176.09,26.82,27.45,350.35
878,347.27,372.42,359.1,384.59,217.23,161.25,189.17,346.55,376.44,288.91,175.32,26.82,27.45,350.35
879,347.26,371.32,359.12,384.2,216.53,160.8,188.74,346.53,376.43,288.26,174.5,26.81,27.46,350.35
880,347.26,370.35,359.13,383.82,215.81,160.32,188.31,346.52,376.41,287.61,173.78,26.82,27.45,350.35
881,347.26,369.5,359.15,383.42,215.09,159.86,187.86,346.5,376.39,286.94,173.22,26.82,27.45,350.35
882,347.27,368.83,359.15,383.05,214.46,159.45,187.39,346.49,376.38,286.25,172.73,26.83,27.44,350.35
883,347.26,368.38,359.18,382.49,213.51,158.9,186.69,346.48,376.37,285.51,172.17,26.82,27.43,350.36
884,347.26,368.3,359.21,381.93,212.61,158.32,185.97,346.46,376.35,285.02,172,26.82,27.43,350.37
885,347.27,367.78,359.22,381.55,212.11,157.97,185.49,346.45,376.31,284.39,171.67,26.81,27.42,350.37
886,347.27,367.28,359.24,381.18,211.83,157.66,184.99,346.44,376.29,283.93,171.55,26.81,27.42,350.37
887,347.28,367.12,359.26,380.83,211.57,157.37,184.5,346.43,376.26,283.47,171.22,26.81,27.41,350.39
888,347.28,367.25,359.27,380.47,211.29,157.07,183.99,346.42,376.24,283.04,170.85,26.83,27.43,350.4
889,347.28,367.22,359.28,380.12,211.06,156.73,183.48,346.41,376.21,282.73,170.74,26.82,27.41,350.4
890,347.28,366.62,359.3,379.77,210.72,156.44,182.97,346.41,376.18,282.27,170.39,26.82,27.43,350.4
891,347.28,366.11,359.33,379.43,210.24,156.14,182.48,346.4,376.15,281.79,169.92,26.82,27.42,350.41
892,347.27,365.85,359.34,378.91,209.55,155.88,181.69,346.38,376.12,281.35,169.62,26.83,27.43,350.42
893,347.28,365.21,359.37,378.42,208.95,155.59,180.9,346.37,376.08,280.9,169.54,26.83,27.43,350.43
894,347.26,364.79,359.39,378.07,208.54,155.27,180.38,346.35,376.05,280.45,169.17,26.82,27.42,350.43
895,347.27,364.75,359.4,377.74,208.32,154.91,179.85,346.35,376.01,280.02,168.81,26.83,27.43,350.43
896,347.27,364.56,359.42,377.44,208.18,154.54,179.32,346.34,375.97,279.7,168.56,26.82,27.43,350.45
897,347.26,364.12,359.43,377.11,208.04,154.16,178.78,346.32,375.93,279.17,168.37,26.82,27.43,350.45
898,347.26,363.77,359.44,376.81,207.82,153.84,178.24,346.31,375.9,278.65,168.22,26.83,27.43,350.45
899,347.26,363.58,359.46,376.48,207.51,153.52,177.71,346.31,375.85,278.15,167.9,26.83,27.43,350.47
900,347.27,362.94,359.48,376.16,207.28,153.18,177.18,346.31,375.8,277.66,167.54,26.83,27.43,350.47
901,347.27,362.29,359.51,375.67,206.74,152.61,176.35,346.3,375.77,277.15,167.05,26.82,27.43,350.49
902,347.27,361.39,359.54,375.18,206.13,152.04,175.5,346.29,375.74,276.61,166.48,26.81,27.43,350.5
903,347.28,360.99,359.55,374.86,205.8,151.68,174.93,346.27,375.71,276.28,166.23,26.82,27.42,350.52
904,347.28,360.77,359.57,374.58,205.39,151.31,174.35,346.26,375.66,275.78,165.88,26.82,27.43,350.52
905,347.29,360.67,359.58,374.28,204.97,150.94,173.76,346.25,375.61,275.32,165.37,26.82,27.43,350.53
906,347.29,360.3,359.6,373.96,204.58,150.52,173.18,346.25,375.55,274.86,164.85,26.82,27.43,350.54
907,347.29,360.08,359.62,373.63,204.09,150.08,172.58,346.23,375.49,274.39,164.35,26.82,27.42,350.55
908,347.29,359.77,359.63,373.29,203.52,149.63,171.98,346.23,375.43,273.94,163.85,26.82,27.42,350.56
909,347.3,359.26,359.64,373,203.11,149.15,171.36,346.22,375.38,273.51,163.41,26.81,27.41,350.57
910,347.29,358.96,359.66,372.56,202.5,148.45,170.43,346.2,375.34,273.22,163.07,26.81,27.43,350.58
911,347.29,358.65,359.69,372.17,201.89,147.75,169.49,346.19,375.27,272.79,162.57,26.82,27.43,350.59
