Time,TC1_tip,TC2,TC3,TC4,TC5,TC6,TC7,TC8,TC9,TC10
0,365.79,367.94,369.78,371.26,370.98,373.13,371.01,371.75,370.4,357.04
1,365.68,367.99,369.81,371.27,370.99,373.14,370.99,371.74,370.4,357.1
2,365.56,368.04,369.86,371.29,371.0,373.12,370.97,371.7,370.44,357.1
3,365.47,368.05,369.89,371.3,370.99,373.11,370.95,371.69,370.49,357.11
4,365.41,368.05,369.93,371.3,370.99,373.11,370.95,371.75,370.52,357.12
5,365.35,368.03,369.94,371.3,370.98,373.12,370.95,371.79,370.49,357.12
6,365.3,368.02,369.95,371.3,370.97,373.11,370.96,371.81,370.48,357.09
7,365.27,368.0,369.95,371.29,370.97,373.12,370.96,371.82,370.44,357.06
8,365.24,367.98,369.94,371.26,370.97,373.13,370.95,371.78,370.37,357.01
9,365.2,367.96,369.93,371.24,370.97,373.13,370.93,371.76,370.23,356.96
10,365.12,367.93,369.91,371.22,370.97,373.14,370.93,371.77,370.05,356.88
11,365.03,367.92,369.88,371.2,370.95,373.14,370.93,371.76,369.9,356.86
12,364.97,367.91,369.87,371.18,370.95,373.13,370.94,371.75,369.76,356.89
13,364.92,367.9,369.86,371.16,370.92,373.14,370.92,371.74,369.61,356.88
14,364.86,367.89,369.85,371.14,370.92,373.14,370.92,371.73,369.52,356.88
15,364.81,367.86,369.84,371.11,370.91,373.12,370.9,371.71,369.53,356.87
16,364.77,367.85,369.84,371.09,370.89,373.11,370.89,371.7,369.57,356.91
17,364.71,367.83,369.83,371.06,370.87,373.1,370.86,371.68,369.57,356.98
18,364.67,367.81,369.82,371.03,370.84,373.08,370.84,371.64,369.59,357.1
19,364.6,367.77,369.81,371.01,370.81,373.07,370.84,371.63,369.67,357.27
20,364.55,367.74,369.8,371.0,370.79,373.07,370.84,371.65,369.82,357.4
21,364.51,367.71,369.79,370.97,370.76,373.05,370.81,371.65,369.93,357.46
22,364.49,367.69,369.78,370.95,370.75,373.03,370.81,371.64,369.98,357.47
23,364.46,367.66,369.76,370.93,370.74,373.02,370.79,371.64,369.99,357.47
24,364.43,367.63,369.75,370.92,370.72,373.01,370.78,371.63,370.0,357.44
25,364.39,367.62,369.75,370.91,370.71,372.99,370.76,371.62,370.03,357.41
26,364.35,367.59,369.74,370.9,370.7,372.98,370.75,371.61,370.08,357.39
27,364.3,367.56,369.73,370.89,370.69,372.98,370.73,371.6,370.15,357.37
28,364.22,367.51,369.71,370.89,370.67,372.96,370.71,371.58,370.25,357.43
29,364.16,367.47,369.7,370.87,370.67,372.95,370.7,371.57,370.33,357.56
30,364.12,367.45,369.68,370.87,370.66,372.94,370.69,371.55,370.28,357.66
31,364.07,367.41,369.67,370.87,370.64,372.93,370.67,371.52,370.14,357.74
32,364.04,367.38,369.66,370.86,370.65,372.92,370.67,371.51,370.07,357.81
33,363.99,367.35,369.65,370.85,370.65,372.9,370.66,371.5,370.05,357.87
34,363.96,367.32,369.63,370.84,370.64,372.89,370.65,371.49,370.03,357.9
35,363.92,367.3,369.61,370.84,370.64,372.89,370.65,371.49,370.08,357.9
36,363.87,367.27,369.59,370.82,370.63,372.88,370.65,371.49,370.2,357.86
37,363.82,367.23,369.57,370.81,370.62,372.87,370.63,371.5,370.2,357.78
38,363.8,367.2,369.56,370.81,370.61,372.86,370.63,371.5,370.13,357.72
39,363.77,367.18,369.55,370.9,370.61,372.86,370.62,371.5,370.05,357.7
40,363.75,367.15,369.54,371.07,370.62,372.85,370.62,371.51,370.0,357.68
41,363.73,367.12,369.55,371.24,370.64,372.86,370.63,371.51,369.91,357.68
42,363.7,367.09,369.55,371.54,370.67,372.86,370.63,371.52,369.88,357.73
43,363.68,367.07,369.55,371.82,370.7,372.86,370.63,371.53,369.95,357.76
44,363.65,367.03,369.55,372.0,370.74,372.86,370.63,371.54,370.13,357.79
45,363.61,367.01,369.56,372.09,370.78,372.85,370.63,371.54,370.32,357.76
46,363.55,366.96,369.57,372.13,370.83,372.85,370.62,371.54,370.53,357.63
47,363.5,366.93,369.58,372.13,370.87,372.85,370.63,371.55,370.54,357.48
48,363.45,366.92,369.59,372.12,370.89,372.84,370.62,371.55,370.43,357.45
49,363.42,366.9,369.59,372.08,370.92,372.84,370.64,371.56,370.36,357.47
50,363.4,366.89,369.6,372.02,370.93,372.83,370.64,371.58,370.33,357.48
51,363.38,366.89,369.6,371.96,370.94,372.84,370.65,371.64,370.33,357.5
52,363.35,366.86,369.6,371.88,370.94,372.84,370.64,371.67,370.38,357.56
53,363.32,366.83,369.59,371.81,370.95,372.85,370.64,371.74,370.44,357.61
54,363.3,366.81,369.59,371.74,370.93,372.85,370.68,371.85,370.48,357.68
55,363.63,366.91,369.62,371.69,370.93,372.85,370.85,371.99,369.63,357.49
56,364.14,367.11,369.68,371.63,370.94,372.9,370.77,371.8,367.83,356.87
57,364.77,367.43,369.76,371.62,370.98,372.75,369.44,369.53,365.32,355.82
58,365.48,367.74,369.86,371.66,371.02,372.43,368.29,365.8,362.44,354.35
59,366.2,368.06,369.99,371.72,371.07,372.31,366.51,362.04,359.32,352.58
60,366.9,368.44,370.14,371.76,371.16,372.17,364.3,358.36,356.08,350.57
61,367.48,368.72,370.27,371.81,371.24,372.02,361.89,354.66,352.76,348.37
62,367.91,368.92,370.38,371.85,371.34,371.92,359.32,352.25,349.33,346.04
63,368.31,369.14,370.51,371.68,371.32,371.28,356.63,348.58,345.82,343.57
64,368.96,369.54,370.78,371.11,370.43,370.11,352.26,344.79,340.47,339.64
65,369.56,369.94,371.06,370.59,368.9,368.41,347.93,341.21,335.35,335.64
66,369.92,369.44,370.7,369.45,367.45,366.36,344.79,337.54,331.94,332.9
67,369.3,367.55,369.68,367.42,365.71,363.98,341.43,333.81,328.41,330.12
68,367.8,364.79,368.12,364.92,363.71,361.38,338.13,330.28,324.95,327.31
69,365.7,361.68,366.18,363.08,361.52,359.54,334.9,328.01,321.64,324.5
70,363.3,358.34,363.95,360.1,359.12,356.65,331.77,324.6,318.53,321.69
71,360.55,354.93,361.43,357.05,356.56,353.66,328.6,321.27,315.5,318.92
72,357.28,351.37,358.69,353.72,353.9,350.64,325.5,318.21,312.5,316.13
73,351.86,348.72,355.9,351.17,350.04,347.36,321.27,315.31,308.32,312.03
74,352.74,350.8,355.87,350.84,348.21,342.24,317.17,312.55,304.7,308.03
75,353.88,352.64,356.13,351.27,347.81,337.2,313.11,309.77,302.58,305.45
76,355.39,354.46,356.58,351.94,347.85,335.83,317.57,304.43,300.44,302.94
77,356.72,356.07,357.16,353.12,348.22,335.75,325.37,301.28,297.9,300.48
78,358.04,357.79,358.06,354.42,348.96,337.05,331.32,313.59,299.51,298.01
79,359.22,359.14,358.98,355.7,349.83,339.03,334.59,324.49,304.94,295.79
80,360.21,360.38,359.79,356.95,350.78,341.08,337.58,332.89,310.96,294.58
81,361.49,361.87,360.95,358.13,352.31,343.12,341.6,338.44,320.18,293.35
82,362.52,363.03,361.94,359.18,353.76,345.01,346.46,343.62,329.77,292.81
83,362.97,363.64,362.53,359.81,354.7,346.25,349.41,346.63,335.79,293.24
84,363.35,364.15,363.11,360.68,355.65,348.0,351.9,349.9,340.58,293.96
85,363.62,364.55,363.65,361.52,356.59,349.68,353.93,352.41,344.35,294.78
86,363.81,364.91,364.15,362.33,357.52,351.3,355.6,354.58,347.45,295.63
87,363.95,365.19,364.59,363.09,358.42,352.84,357.01,356.34,350.06,296.4
88,364.08,365.44,364.98,363.78,359.26,354.24,358.18,357.9,352.45,297.15
89,364.2,365.66,365.35,364.41,360.07,355.56,359.14,359.16,354.2,297.78
90,364.31,365.9,365.84,364.79,361.19,356.37,360.58,360.03,355.91,298.5
91,364.43,366.08,366.27,365.31,362.18,357.5,361.96,361.1,357.37,299.15
92,364.5,366.16,366.53,365.77,362.78,358.57,362.7,362.03,358.15,299.46
93,364.58,366.25,366.75,366.19,363.33,359.57,363.39,362.79,358.68,299.75
94,364.64,366.32,366.97,366.57,363.83,360.5,364.05,363.31,359.13,300.08
95,364.68,366.38,367.17,366.92,364.3,361.41,364.62,363.83,359.63,300.42
96,364.7,366.44,367.35,367.24,364.74,362.27,365.07,364.3,359.99,300.66
97,364.72,366.51,367.52,367.44,365.14,362.8,365.49,364.61,360.28,300.81
98,364.75,366.56,367.67,367.7,365.52,363.54,365.84,365.07,360.5,300.73
99,364.84,366.66,367.87,367.96,366.03,364.24,366.29,365.47,360.8,300.05
100,364.93,366.72,368.05,368.17,366.48,364.87,366.7,365.84,361.22,299.29
101,365.0,366.76,368.14,368.38,366.75,365.47,366.96,366.17,361.52,298.86
102,365.08,366.82,368.24,368.55,367.01,366.0,367.22,366.5,361.73,298.49
103,365.15,366.86,368.32,368.72,367.25,366.52,367.52,366.82,361.79,298.17
104,365.2,366.9,368.4,368.82,367.47,366.84,367.77,367.03,361.69,297.88
105,365.25,366.94,368.47,368.97,367.68,367.31,368.0,367.27,361.35,297.63
106,365.29,366.98,368.54,369.08,367.88,367.73,368.19,367.53,361.09,297.41
107,365.32,366.99,368.61,369.21,368.06,368.11,368.36,367.78,361.2,297.21
108,365.32,366.99,368.65,369.31,368.21,368.45,368.5,367.98,361.43,297.03
109,365.34,367.02,368.73,369.41,368.45,368.77,368.67,368.24,361.57,296.8
110,365.34,367.03,368.8,369.5,368.66,369.07,368.85,368.54,361.69,296.6
111,365.32,367.02,368.84,369.56,368.79,369.25,368.99,368.69,361.93,296.52
112,365.3,367.01,368.87,369.64,368.91,369.52,369.17,368.84,362.08,296.46
113,365.29,367.01,368.9,369.71,369.04,369.77,369.35,369.0,362.13,296.42
114,365.26,367.01,368.93,369.78,369.15,370.01,369.48,369.18,362.21,296.41
115,365.24,367.02,368.96,369.85,369.26,370.24,369.58,369.32,362.39,296.43
116,365.22,367.02,368.98,369.91,369.36,370.46,369.68,369.5,362.6,296.42
117,365.2,367.02,369.01,369.96,369.45,370.67,369.74,369.73,362.63,296.38
118,365.16,367.02,369.04,370.0,369.56,370.81,369.88,369.85,362.31,296.3
119,365.12,367.03,369.07,370.05,369.66,371.01,370.03,369.96,361.76,296.26
120,365.09,367.02,369.08,370.1,369.7,371.18,370.13,369.99,361.57,296.28
121,365.06,367.02,369.09,370.14,369.76,371.33,370.23,369.98,361.76,296.34
122,365.05,367.02,369.1,370.18,369.8,371.46,370.31,369.92,362.01,296.39
123,365.02,367.01,369.1,370.21,369.83,371.59,370.39,370.01,362.17,296.44
124,365.0,367.0,369.12,370.24,369.88,371.71,370.46,370.12,362.3,296.51
125,364.98,366.99,369.13,370.25,369.9,371.79,370.52,370.22,362.45,296.59
126,364.97,366.99,369.13,370.27,369.94,371.91,370.57,370.47,362.61,296.66
127,364.94,366.97,369.14,370.3,369.98,372.01,370.66,370.65,362.92,296.76
128,364.92,366.96,369.14,370.32,370.03,372.1,370.74,370.64,363.04,296.89
129,364.9,366.95,369.14,370.34,370.07,372.19,370.82,370.65,363.1,297.02
130,364.89,366.94,369.14,370.36,370.1,372.29,370.87,370.66,363.02,297.14
131,364.86,366.92,369.14,370.39,370.13,372.36,370.87,370.76,362.96,297.27
132,364.85,366.92,369.15,370.4,370.16,372.41,370.85,370.9,362.93,297.4
133,364.82,366.9,369.14,370.42,370.18,372.46,370.85,371.07,362.8,297.52
134,364.8,366.89,369.14,370.43,370.2,372.51,370.88,371.17,362.63,297.64
135,364.76,366.87,369.14,370.44,370.24,372.57,370.99,371.14,362.62,297.88
136,364.73,366.85,369.14,370.45,370.27,372.62,371.08,371.04,362.92,298.15
137,364.71,366.84,369.13,370.46,370.28,372.68,371.1,371.09,363.03,298.35
138,364.68,366.84,369.14,370.47,370.3,372.73,371.11,371.2,363.18,298.53
139,364.66,366.82,369.14,370.48,370.32,372.77,371.14,371.25,363.19,298.71
140,364.64,366.82,369.14,370.48,370.33,372.81,371.17,371.26,363.03,298.86
141,364.6,366.79,369.13,370.49,370.33,372.85,371.18,371.27,362.9,299.01
142,364.57,366.79,369.13,370.5,370.34,372.89,371.2,371.34,362.92,299.17
143,364.55,366.78,369.13,370.52,370.35,372.93,371.22,371.51,362.9,299.36
144,364.52,366.77,369.13,370.52,370.35,372.95,371.25,371.53,362.96,299.6
145,364.49,366.74,369.14,370.53,370.37,372.97,371.28,371.47,363.3,299.93
146,364.44,366.72,369.13,370.54,370.38,373.0,371.26,371.5,363.6,300.25
147,364.43,366.7,369.12,370.55,370.38,373.02,371.25,371.57,363.85,300.45
148,364.41,366.68,369.13,370.56,370.39,373.04,371.27,371.57,364.19,300.67
149,364.38,366.67,369.13,370.56,370.42,373.07,371.32,371.6,364.44,300.85
150,364.36,366.66,369.11,370.57,370.42,373.1,371.37,371.67,364.52,301.0
151,364.34,366.65,369.11,370.57,370.44,373.13,371.41,371.79,364.5,301.13
152,364.33,366.64,369.1,370.58,370.45,373.16,371.45,371.82,364.45,301.27
153,364.3,366.63,369.08,370.58,370.46,373.18,371.53,371.85,364.53,301.47
154,364.28,366.62,369.06,370.58,370.47,373.21,371.58,371.92,364.57,301.62
155,364.27,366.61,369.06,370.61,370.47,373.25,371.61,372.06,364.54,301.7
156,364.25,366.61,369.05,370.6,370.48,373.26,371.65,372.12,364.51,301.78
157,364.23,366.59,369.05,370.6,370.48,373.29,371.7,372.06,364.59,301.88
158,364.22,366.59,369.05,370.6,370.49,373.3,371.76,372.09,364.64,302.02
159,364.19,366.57,369.05,370.6,370.5,373.32,371.79,372.2,364.67,302.17
160,364.17,366.57,369.04,370.59,370.52,373.34,371.82,372.28,364.63,302.3
161,364.15,366.55,369.04,370.6,370.53,373.36,371.84,372.31,364.49,302.44
162,364.11,366.53,369.03,370.61,370.54,373.38,371.9,372.32,364.21,302.67
163,364.09,366.51,369.03,370.62,370.56,373.41,371.95,372.3,364.19,302.89
164,364.08,366.51,369.02,370.64,370.58,373.45,371.98,372.23,364.2,303.02
165,364.05,366.49,369.01,370.64,370.58,373.49,371.97,372.01,364.21,303.11
166,364.03,366.48,369.0,370.65,370.57,373.51,371.97,371.81,364.37,303.22
167,364.02,366.47,369.0,370.65,370.59,373.53,371.97,371.8,364.57,303.36
168,364.02,366.47,369.0,370.65,370.6,373.54,371.93,371.84,364.67,303.49
169,364.0,366.47,369.0,370.66,370.61,373.55,371.89,371.94,364.74,303.6
170,363.98,366.46,368.99,370.66,370.6,373.57,371.86,371.95,364.75,303.7
171,363.97,366.45,368.99,370.66,370.6,373.56,371.88,372.07,364.7,303.81
172,363.94,366.44,368.98,370.66,370.6,373.57,371.88,372.23,364.55,303.88
173,363.93,366.43,368.99,370.66,370.6,373.59,371.9,372.33,364.48,303.93
174,363.92,366.44,368.98,370.67,370.6,373.58,371.92,372.37,364.56,304.04
175,363.9,366.42,368.99,370.67,370.6,373.59,371.93,372.45,364.59,304.19
176,363.89,366.41,368.98,370.68,370.6,373.6,371.94,372.47,364.53,304.36
177,363.87,366.4,368.97,370.68,370.59,373.61,371.94,372.52,364.5,304.52
178,363.85,366.38,368.97,370.68,370.59,373.61,371.95,372.55,364.6,304.63
179,363.82,366.38,368.96,370.68,370.59,373.61,371.95,372.38,364.73,304.73
180,363.8,366.36,368.96,370.69,370.59,373.62,371.97,372.25,364.66,304.86
181,363.78,366.35,368.96,370.68,370.59,373.62,371.99,372.16,364.7,304.97
182,363.76,366.33,368.94,370.68,370.6,373.63,371.99,372.18,364.83,305.04
183,363.75,366.33,368.95,370.68,370.61,373.63,371.99,372.24,364.97,305.11
184,363.73,366.32,368.94,370.68,370.61,373.64,371.97,372.31,365.18,305.17
185,363.71,366.31,368.93,370.67,370.6,373.65,371.98,372.42,365.34,305.29
186,363.7,366.3,368.93,370.68,370.61,373.67,371.97,372.56,365.39,305.43
187,363.69,366.3,368.92,370.67,370.61,373.69,371.96,372.63,365.41,305.55
188,363.68,366.3,368.92,370.67,370.61,373.69,371.99,372.68,365.42,305.64
189,363.66,366.29,368.92,370.66,370.63,373.72,372.05,372.72,365.39,305.73
190,363.64,366.28,368.92,370.67,370.63,373.72,372.1,372.7,365.41,305.82
191,363.63,366.26,368.91,370.66,370.63,373.74,372.13,372.69,365.3,305.87
192,363.6,366.25,368.91,370.66,370.64,373.77,372.15,372.72,365.2,305.93
193,363.58,366.25,368.9,370.66,370.65,373.78,372.16,372.8,365.14,306.0
194,363.57,366.23,368.91,370.67,370.65,373.81,372.17,372.76,365.1,306.08
195,363.56,366.22,368.9,370.67,370.64,373.82,372.18,372.77,365.14,306.17
196,363.54,366.21,368.89,370.67,370.64,373.83,372.19,372.84,365.21,306.26
197,363.52,366.2,368.88,370.67,370.64,373.83,372.22,372.88,365.11,306.36
198,363.51,366.19,368.88,370.67,370.64,373.83,372.29,372.92,364.91,306.55
199,363.5,366.18,368.87,370.67,370.65,373.85,372.36,372.96,364.92,306.73
200,363.48,366.18,368.85,370.68,370.65,373.85,372.39,372.96,364.99,306.84
201,363.47,366.17,368.85,370.67,370.65,373.84,372.4,372.96,365.03,306.95
202,363.46,366.17,368.86,370.68,370.66,373.85,372.41,372.86,365.1,307.03
203,363.44,366.16,368.85,370.68,370.66,373.84,372.42,372.77,365.1,307.12
204,363.42,366.14,368.83,370.68,370.66,373.84,372.42,372.63,365.07,307.21
205,363.4,366.12,368.84,370.68,370.66,373.84,372.42,372.5,365.13,307.32
206,363.37,366.11,368.82,370.69,370.67,373.84,372.42,372.44,365.25,307.43
207,363.36,366.11,368.83,370.69,370.68,373.85,372.43,372.48,365.31,307.56
208,363.34,366.08,368.82,370.69,370.68,373.86,372.38,372.57,365.28,307.8
209,363.31,366.06,368.81,370.69,370.68,373.88,372.34,372.68,365.23,308.1
210,363.3,366.06,368.8,370.7,370.69,373.89,372.3,372.8,365.22,308.32
211,363.28,366.04,368.79,370.69,370.68,373.9,372.27,372.98,365.32,308.53
212,363.27,366.04,368.8,370.69,370.7,373.91,372.28,373.06,365.39,308.77
213,363.25,366.03,368.79,370.7,370.7,373.93,372.3,373.08,365.3,309.02
214,363.23,366.01,368.79,370.7,370.71,373.95,372.35,373.16,365.36,309.28
215,363.21,366.01,368.78,370.71,370.71,373.95,372.37,373.23,365.51,309.56
216,363.17,365.98,368.76,370.71,370.72,373.96,372.43,373.16,365.77,309.99
217,363.13,365.96,368.75,370.71,370.73,373.95,372.51,373.1,365.79,310.34
218,363.11,365.94,368.74,370.71,370.73,373.96,372.54,373.11,365.82,310.55
219,363.07,365.93,368.74,370.72,370.73,373.96,372.55,373.19,365.9,310.77
220,363.05,365.92,368.73,370.71,370.73,373.96,372.56,373.24,365.99,311.02
221,363.03,365.91,368.73,370.71,370.74,373.97,372.58,373.3,366.01,311.25
222,363.02,365.91,368.72,370.7,370.75,373.97,372.59,373.37,365.97,311.53
223,362.99,365.9,368.71,370.7,370.76,373.98,372.6,373.4,365.95,311.86
224,362.97,365.89,368.71,370.7,370.77,373.99,372.62,373.43,366.02,312.21
225,362.93,365.88,368.71,370.7,370.77,374.01,372.62,373.46,366.1,312.69
226,362.88,365.85,368.69,370.7,370.77,374.02,372.61,373.53,366.18,313.16
227,362.83,365.83,368.69,370.7,370.78,374.04,372.61,373.59,366.29,313.44
228,362.81,365.81,368.68,370.7,370.78,374.06,372.61,373.51,366.41,313.7
229,362.77,365.79,368.67,370.69,370.77,374.08,372.61,373.48,366.56,313.96
230,362.75,365.77,368.67,370.69,370.78,374.09,372.63,373.51,366.61,314.23
231,362.72,365.75,368.67,370.69,370.79,374.1,372.63,373.54,366.55,314.49
232,362.69,365.74,368.67,370.69,370.78,374.11,372.64,373.56,366.46,314.75
233,362.66,365.73,368.66,370.68,370.79,374.12,372.66,373.58,366.4,315.03
234,362.64,365.71,368.65,370.68,370.8,374.12,372.66,373.59,366.43,315.46
235,362.6,365.69,368.64,370.68,370.8,374.13,372.66,373.59,366.41,315.92
236,362.58,365.67,368.64,370.68,370.81,374.14,372.69,373.59,366.48,316.25
237,362.56,365.67,368.64,370.67,370.82,374.14,372.7,373.56,366.57,316.53
238,362.53,365.64,368.62,370.68,370.82,374.17,372.72,373.46,366.64,316.81
239,362.5,365.62,368.61,370.68,370.83,374.18,372.74,373.39,366.81,317.06
240,362.47,365.6,368.61,370.68,370.84,374.19,372.76,373.37,366.96,317.27
241,362.46,365.58,368.6,370.68,370.84,374.2,372.77,373.4,366.99,317.43
242,362.43,365.57,368.59,370.68,370.84,374.2,372.79,373.45,367.05,317.6
243,362.41,365.55,368.58,370.68,370.85,374.21,372.84,373.44,367.1,317.85
244,362.38,365.55,368.57,370.67,370.86,374.21,372.88,373.41,367.1,318.17
245,362.36,365.54,368.56,370.68,370.86,374.23,372.89,373.46,367.2,318.38
246,362.34,365.52,368.55,370.68,370.86,374.23,372.87,373.5,367.29,318.59
247,362.32,365.51,368.54,370.68,370.85,374.23,372.84,373.54,367.34,318.8
248,362.3,365.51,368.54,370.69,370.86,374.22,372.84,373.48,367.33,319.05
249,362.28,365.49,368.53,370.69,370.87,374.22,372.83,373.37,367.4,319.28
250,362.25,365.47,368.53,370.69,370.87,374.22,372.82,373.24,367.51,319.48
251,362.23,365.46,368.51,370.69,370.87,374.23,372.82,373.27,367.54,319.61
252,362.21,365.45,368.52,370.7,370.89,374.24,372.84,373.31,367.43,319.71
253,362.18,365.44,368.51,370.7,370.9,374.24,372.89,373.34,367.28,319.87
254,362.17,365.43,368.5,370.71,370.91,374.24,372.91,373.33,367.38,319.99
255,362.17,365.42,368.5,370.71,370.91,374.24,372.91,373.37,367.5,320.12
256,362.16,365.43,368.5,370.71,370.91,374.25,372.91,373.49,367.54,320.27
257,362.15,365.42,368.48,370.73,370.92,374.25,372.9,373.58,367.53,320.38
258,362.13,365.42,368.48,370.73,370.92,374.26,372.9,373.61,367.55,320.49
259,362.13,365.42,368.48,370.73,370.93,374.27,372.92,373.63,367.55,320.57
260,362.11,365.41,368.46,370.73,370.93,374.27,372.94,373.59,367.54,320.6
261,362.09,365.4,368.47,370.74,370.94,374.29,372.94,373.57,367.46,320.67
262,362.08,365.4,368.47,370.75,370.95,374.31,372.96,373.54,367.45,320.7
263,362.08,365.38,368.47,370.74,370.97,374.31,372.96,373.59,367.41,320.71
264,362.06,365.37,368.46,370.75,370.96,374.31,372.96,373.73,367.32,320.79
265,362.04,365.35,368.46,370.75,370.97,374.31,372.96,373.75,367.37,320.94
266,362.03,365.35,368.45,370.76,370.98,374.32,372.97,373.77,367.47,321.1
267,362.03,365.34,368.45,370.77,370.98,374.33,372.97,373.76,367.58,321.24
268,362.01,365.33,368.44,370.77,370.98,374.33,372.98,373.7,367.58,321.35
269,362.0,365.32,368.44,370.77,370.99,374.33,373.0,373.64,367.61,321.46
270,361.99,365.31,368.43,370.78,371.0,374.34,373.0,373.6,367.65,321.58
271,361.96,365.29,368.42,370.78,371.0,374.34,373.0,373.57,367.66,321.72
272,361.93,365.28,368.42,370.78,371.01,374.35,373.0,373.58,367.68,321.86
273,361.92,365.28,368.41,370.77,371.01,374.36,373.0,373.58,367.71,322.02
274,361.9,365.26,368.42,370.78,371.02,374.36,373.01,373.61,367.83,322.17
275,361.88,365.25,368.41,370.78,371.02,374.37,373.02,373.71,367.94,322.3
276,361.87,365.25,368.4,370.79,371.03,374.38,373.02,373.7,368.01,322.42
277,361.86,365.23,368.4,370.79,371.03,374.4,373.04,373.65,368.08,322.55
278,361.87,365.24,368.4,370.8,371.04,374.41,373.04,373.63,368.17,322.66
279,361.84,365.23,368.39,370.79,371.04,374.43,373.05,373.65,368.27,322.78
280,361.84,365.23,368.4,370.79,371.05,374.45,373.05,373.61,368.26,322.86
281,361.83,365.23,368.39,370.79,371.06,374.46,373.06,373.6,368.17,322.91
282,361.82,365.22,368.39,370.8,371.06,374.48,373.05,373.53,368.11,322.94
283,361.8,365.22,368.38,370.8,371.07,374.5,373.05,373.47,368.16,322.98
284,361.78,365.2,368.39,370.8,371.07,374.5,373.03,373.5,368.12,323.01
285,361.77,365.19,368.39,370.81,371.07,374.51,373.02,373.55,368.07,323.03
286,361.75,365.17,368.38,370.81,371.08,374.51,373.03,373.6,368.06,323.03
287,361.73,365.16,368.37,370.82,371.08,374.51,373.04,373.78,368.08,323.04
288,361.7,365.14,368.36,370.83,371.09,374.51,373.04,373.87,368.13,323.1
289,361.68,365.12,368.36,370.83,371.09,374.5,373.07,373.87,368.24,323.18
290,361.67,365.12,368.35,370.83,371.11,374.49,373.1,373.88,368.3,323.23
291,361.67,365.12,368.35,370.84,371.12,374.49,373.13,373.91,368.4,323.28
292,361.66,365.13,368.35,370.84,371.13,374.49,373.16,373.94,368.47,323.29
293,361.65,365.12,368.35,370.85,371.12,374.5,373.16,373.93,368.35,323.26
294,361.63,365.12,368.34,370.86,371.13,374.5,373.17,373.94,368.22,323.27
295,361.62,365.11,368.33,370.86,371.14,374.5,373.17,373.9,368.12,323.28
296,361.61,365.1,368.33,370.86,371.16,374.52,373.18,373.85,368.11,323.32
297,361.6,365.1,368.33,370.87,371.17,374.55,373.21,373.84,368.14,323.39
298,361.59,365.08,368.32,370.87,371.18,374.57,373.23,373.8,368.12,323.46
299,361.56,365.08,368.32,370.87,371.19,374.6,373.25,373.85,368.21,323.5
300,361.55,365.07,368.32,370.88,371.19,374.62,373.26,373.91,368.26,323.55
301,361.55,365.06,368.32,370.88,371.2,374.67,373.28,373.91,368.22,323.62
302,361.55,365.06,368.31,370.88,371.2,374.69,373.3,373.91,368.19,323.71
303,361.52,365.06,368.31,370.88,371.21,374.72,373.33,373.99,368.16,323.79
304,361.51,365.05,368.31,370.89,371.21,374.75,373.35,374.08,368.19,323.88
305,361.5,365.05,368.31,370.88,371.22,374.75,373.37,374.08,368.29,323.96
306,361.48,365.03,368.32,370.88,371.22,374.78,373.37,374.16,368.45,324.09
307,361.45,365.02,368.31,370.88,371.24,374.78,373.38,374.17,368.57,324.16
308,361.43,365.01,368.32,370.89,371.25,374.78,373.38,374.19,368.49,324.19
309,361.42,365.0,368.32,370.9,371.25,374.79,373.39,374.2,368.45,324.2
310,361.41,365.0,368.32,370.91,371.26,374.79,373.4,374.17,368.42,324.24
311,361.43,365.03,368.33,370.92,371.27,374.78,373.39,374.12,368.48,324.3
312,361.49,365.09,368.36,370.93,371.28,374.78,373.38,374.13,368.5,324.34
313,361.7,365.24,368.36,370.95,371.29,374.76,373.38,374.24,368.46,324.37
314,362.03,365.4,368.27,370.94,371.29,374.73,373.36,374.35,368.48,324.45
315,362.4,365.71,368.24,370.91,371.25,374.68,373.27,374.32,368.82,324.57
316,362.87,366.27,368.28,370.91,371.23,374.62,373.04,374.11,369.33,324.8
317,363.35,366.56,368.4,370.95,371.23,374.58,372.94,373.93,369.59,325.01
318,363.79,366.73,368.53,371.01,371.24,374.55,372.85,373.92,369.93,325.24
319,364.17,366.79,368.66,371.05,371.25,374.52,372.84,373.97,370.25,325.51
320,364.52,366.83,368.75,371.05,371.25,374.5,372.85,373.98,370.45,325.84
321,364.79,366.83,368.78,371.06,371.26,374.49,372.87,373.91,370.58,326.15
322,365.01,366.76,368.82,371.05,371.25,374.5,372.88,373.85,370.64,326.38
323,365.17,366.77,368.86,371.06,371.24,374.51,372.91,373.84,370.67,326.55
324,365.34,366.79,368.9,371.1,371.25,374.51,372.94,373.83,370.66,326.63
325,365.49,366.78,368.93,371.14,371.27,374.51,372.92,373.81,370.6,326.59
326,365.55,366.77,368.94,371.19,371.3,374.53,372.92,373.78,370.55,326.49
327,365.57,366.73,368.94,371.21,371.32,374.55,372.9,373.79,370.46,326.35
328,365.53,366.68,368.94,371.2,371.34,374.58,372.89,373.85,370.35,326.22
329,365.48,366.66,368.93,371.15,371.36,374.59,372.92,373.82,370.22,326.09
330,365.43,366.67,368.91,371.12,371.38,374.6,372.93,373.78,370.07,325.95
331,365.39,366.65,368.88,371.06,371.39,374.62,372.93,373.78,369.96,325.82
332,365.36,366.65,368.86,371.01,371.42,374.64,372.91,373.77,369.89,325.69
333,365.32,366.64,368.81,371.02,371.47,374.65,372.86,373.76,369.73,325.48
334,365.3,366.63,368.77,371.09,371.54,374.65,372.85,373.83,369.61,325.3
335,365.28,366.6,368.75,371.14,371.59,374.66,372.87,373.82,369.63,325.21
336,365.27,366.58,368.73,371.25,371.63,374.67,372.86,373.74,369.72,325.13
337,365.25,366.56,368.71,371.35,371.65,374.67,372.86,373.7,369.8,325.06
338,365.25,366.56,368.7,371.44,371.69,374.68,372.86,373.73,369.84,325.05
339,365.24,366.54,368.67,371.51,371.7,374.69,372.86,373.71,369.86,325.15
340,365.25,366.54,368.65,371.56,371.74,374.7,372.86,373.7,369.88,325.24
341,365.26,366.53,368.63,371.6,371.76,374.71,372.85,373.71,369.86,325.34
342,365.29,366.53,368.61,371.62,371.81,374.71,372.84,373.75,369.85,325.46
343,365.32,366.52,368.59,371.65,371.84,374.72,372.84,373.82,369.89,325.54
344,365.33,366.53,368.59,371.67,371.86,374.73,372.84,373.87,369.92,325.53
345,365.34,366.53,368.57,371.68,371.88,374.73,372.85,373.89,370.03,325.48
346,365.34,366.54,368.57,371.69,371.89,374.73,372.84,373.9,370.09,325.41
347,365.32,366.55,368.56,371.68,371.9,374.74,372.84,373.94,369.9,325.34
348,365.31,366.56,368.56,371.65,371.93,374.73,372.84,373.97,369.55,325.24
349,365.27,366.57,368.56,371.64,371.93,374.73,372.84,373.98,369.19,325.15
350,365.23,366.58,368.56,371.6,371.94,374.72,372.84,373.96,368.88,325.05
351,365.15,366.59,368.57,371.57,371.93,374.72,372.81,373.94,368.4,324.89
352,365.06,366.59,368.59,371.53,371.92,374.71,372.81,373.92,368.0,324.74
353,365.02,366.6,368.62,371.5,371.92,374.71,372.81,373.89,367.85,324.65
354,364.95,366.59,368.64,371.47,371.91,374.7,372.8,373.88,367.72,324.56
355,364.89,366.59,368.67,371.43,371.91,374.7,372.8,373.88,367.5,324.47
356,364.82,366.57,368.69,371.41,371.89,374.69,372.78,373.85,367.19,324.43
357,364.76,366.56,368.71,371.4,371.87,374.66,372.77,373.83,366.88,324.43
358,364.7,366.53,368.72,371.38,371.86,374.66,372.77,373.82,366.71,324.47
359,364.65,366.51,368.74,371.37,371.85,374.66,372.77,373.88,366.73,324.51
360,364.57,366.47,368.75,371.38,371.83,374.64,372.78,373.91,366.93,324.61
361,364.51,366.44,368.75,371.39,371.83,374.65,372.77,373.88,367.47,324.76
362,364.48,366.42,368.75,371.4,371.8,374.64,372.75,373.89,367.92,324.86
363,364.45,366.41,368.75,371.41,371.8,374.64,372.75,373.93,368.31,324.97
364,364.42,366.38,368.73,371.43,371.79,374.64,372.75,374.01,368.56,325.11
365,364.41,366.38,368.73,371.43,371.79,374.64,372.75,374.06,368.69,325.26
366,364.38,366.37,368.72,371.46,371.78,374.64,372.75,374.1,368.82,325.35
367,364.37,366.37,368.71,371.47,371.78,374.63,372.75,374.13,368.93,325.43
368,364.35,366.36,368.7,371.48,371.78,374.62,372.73,374.14,369.02,325.46
369,364.31,366.37,368.68,371.48,371.77,374.61,372.72,374.14,369.13,325.48
370,364.27,366.36,368.66,371.49,371.76,374.6,372.72,374.11,369.12,325.48
371,364.24,366.36,368.66,371.49,371.77,374.58,372.75,374.06,369.01,325.47
372,364.21,366.37,368.65,371.49,371.78,374.58,372.78,374.0,368.87,325.45
373,364.18,366.36,368.64,371.49,371.78,374.57,372.81,373.86,368.73,325.42
374,364.13,366.35,368.64,371.5,371.78,374.57,372.85,373.78,368.55,325.39
375,364.08,366.34,368.62,371.5,371.77,374.57,372.87,373.82,368.41,325.4
376,364.04,366.33,368.62,371.5,371.76,374.56,372.89,373.91,368.32,325.43
377,363.98,366.32,368.62,371.49,371.77,374.56,372.9,374.07,368.32,325.48
378,363.92,366.3,368.63,371.49,371.78,374.56,372.9,374.14,368.34,325.52
379,363.84,366.27,368.63,371.47,371.77,374.55,372.88,374.15,368.37,325.51
380,363.78,366.25,368.63,371.47,371.76,374.55,372.86,374.14,368.51,325.51
381,363.74,366.24,368.64,371.47,371.77,374.55,372.85,374.11,368.56,325.52
382,363.7,366.22,368.63,371.47,371.77,374.55,372.84,374.13,368.53,325.54
383,363.67,366.21,368.64,371.45,371.77,374.55,372.86,374.21,368.52,325.58
384,363.65,366.21,368.65,371.45,371.76,374.56,372.89,374.22,368.59,325.64
385,363.63,366.19,368.66,371.45,371.75,374.56,372.91,374.27,368.71,325.68
386,363.6,366.17,368.64,371.44,371.75,374.55,372.94,374.34,368.86,325.75
387,363.58,366.15,368.66,371.43,371.75,374.56,372.97,374.45,368.96,325.85
388,363.55,366.13,368.65,371.43,371.74,374.56,373.0,374.53,368.91,325.89
389,363.52,366.11,368.65,371.43,371.74,374.57,373.01,374.54,368.88,325.91
390,363.51,366.09,368.65,371.43,371.73,374.57,373.01,374.56,368.89,325.91
391,363.49,366.08,368.65,371.41,371.73,374.56,372.99,374.56,368.85,325.92
392,363.47,366.07,368.65,371.42,371.72,374.58,372.98,374.52,368.79,325.96
393,363.45,366.05,368.64,371.42,371.72,374.59,372.97,374.45,368.75,326.03
394,363.42,366.02,368.63,371.42,371.72,374.59,372.96,374.42,368.64,326.09
395,363.4,366.02,368.63,371.42,371.71,374.59,372.95,374.4,368.57,326.14
396,363.38,366.0,368.64,371.42,371.71,374.59,372.96,374.35,368.46,326.17
397,363.34,365.99,368.64,371.42,371.71,374.59,372.98,374.31,368.42,326.19
398,363.31,365.98,368.63,371.41,371.72,374.6,372.97,374.3,368.35,326.17
399,363.27,365.97,368.64,371.42,371.71,374.6,372.98,374.39,368.26,326.14
400,363.24,365.95,368.63,371.42,371.71,374.6,372.98,374.49,368.24,326.14
401,363.21,365.94,368.64,371.42,371.72,374.61,372.99,374.54,368.13,326.18
402,363.18,365.93,368.64,371.43,371.71,374.6,372.99,374.56,368.04,326.2
403,363.14,365.92,368.62,371.44,371.71,374.61,372.98,374.53,368.06,326.21
404,363.1,365.92,368.62,371.44,371.71,374.61,372.98,374.46,368.11,326.21
405,363.07,365.9,368.61,371.44,371.7,374.61,372.96,374.45,368.14,326.27
406,363.04,365.9,368.6,371.45,371.7,374.61,372.96,374.45,368.32,326.35
407,363.02,365.89,368.59,371.45,371.7,374.62,372.97,374.48,368.48,326.41
408,362.99,365.88,368.59,371.44,371.69,374.6,372.99,374.48,368.58,326.43
409,362.97,365.87,368.58,371.44,371.69,374.61,373.02,374.47,368.63,326.45
410,362.96,365.87,368.58,371.43,371.7,374.61,373.06,374.49,368.64,326.47
411,362.93,365.86,368.58,371.44,371.7,374.61,373.07,374.54,368.55,326.47
412,362.9,365.85,368.57,371.44,371.69,374.62,373.1,374.58,368.39,326.46
413,362.87,365.82,368.57,371.44,371.69,374.62,373.1,374.58,368.23,326.44
414,362.83,365.8,368.56,371.44,371.69,374.62,373.11,374.57,367.98,326.39
415,362.79,365.77,368.56,371.44,371.69,374.62,373.11,374.54,367.8,326.35
416,362.75,365.74,368.54,371.42,371.68,374.63,373.09,374.47,367.78,326.41
417,362.71,365.72,368.55,371.42,371.7,374.62,373.09,374.4,367.7,326.51
418,362.66,365.69,368.55,371.41,371.69,374.62,373.08,374.3,367.53,326.63
419,362.61,365.65,368.54,371.4,371.68,374.62,373.05,374.16,367.28,326.78
420,362.56,365.61,368.51,371.39,371.68,374.62,373.04,374.07,367.05,326.93
421,362.53,365.57,368.49,371.39,371.67,374.62,373.03,374.01,366.98,327.07
422,362.55,365.54,368.5,371.37,371.66,374.62,373.03,374.05,367.1,327.21
423,362.44,365.53,368.52,371.35,371.62,374.62,373.04,374.09,367.61,327.47
424,362.42,365.63,368.56,371.25,371.55,374.59,373.08,374.09,368.24,327.84
425,362.52,365.62,368.54,371.18,371.52,374.54,373.01,374.0,368.62,328.14
426,362.64,365.49,368.48,371.11,371.5,374.51,372.9,373.88,368.98,328.49
427,362.77,365.41,368.36,370.96,371.44,374.46,372.79,373.8,369.26,328.84
428,362.88,365.37,368.24,370.85,371.34,374.43,372.75,373.78,369.49,329.17
429,363.04,365.4,368.13,370.74,371.24,374.45,372.76,373.75,369.74,329.5
430,363.28,365.46,368.05,370.67,371.16,374.46,372.76,373.73,369.94,329.84
431,363.54,365.59,367.99,370.59,371.1,374.46,372.72,373.71,370.13,330.19
432,363.97,365.79,367.95,370.57,371.03,374.45,372.67,373.6,370.33,330.65
433,364.42,366.0,367.96,370.52,370.97,374.42,372.52,373.39,370.4,330.98
434,364.66,366.12,367.98,370.43,370.92,374.36,372.4,373.18,370.36,331.15
435,364.9,366.23,367.98,370.35,370.85,374.33,372.31,373.13,370.28,331.28
436,365.15,366.29,367.98,370.24,370.78,374.29,372.24,373.06,370.23,331.35
437,365.37,366.31,367.98,370.18,370.74,374.24,372.16,372.93,370.15,331.42
438,365.57,366.43,367.98,370.1,370.68,374.12,372.02,372.75,370.07,331.47
439,365.76,366.57,368.0,370.07,370.62,373.99,371.86,372.6,369.96,331.5
440,365.96,366.71,368.0,370.06,370.57,373.9,371.73,372.48,369.81,331.48
441,366.23,366.86,368.07,370.08,370.51,373.82,371.65,372.37,369.55,331.51
442,366.49,367.06,368.17,370.08,370.45,373.75,371.6,372.3,369.33,331.51
443,366.65,367.17,368.22,370.09,370.41,373.65,371.53,372.13,369.2,331.44
444,366.77,367.15,368.26,370.05,370.36,373.57,371.43,371.99,369.05,331.35
445,366.87,367.16,368.29,369.99,370.3,373.49,371.34,371.84,368.89,331.2
446,366.94,367.2,368.29,369.91,370.25,373.41,371.21,371.72,368.74,331.05
447,367.0,367.25,368.3,369.88,370.21,373.33,371.1,371.64,368.62,330.9
448,367.05,367.26,368.29,369.85,370.18,373.28,371.02,371.59,368.54,330.76
449,367.06,367.23,368.28,369.83,370.14,373.26,370.95,371.56,368.47,330.63
450,367.07,367.28,368.25,369.81,370.1,373.22,370.9,371.56,368.34,330.41
451,367.07,367.32,368.22,369.79,370.06,373.19,370.84,371.54,368.19,330.19
452,367.1,367.33,368.22,369.78,370.04,373.15,370.81,371.51,368.05,330.04
453,367.1,367.33,368.22,369.77,370.02,373.11,370.76,371.47,367.85,329.84
454,367.1,367.33,368.21,369.77,369.99,373.07,370.71,371.42,367.62,329.64
455,367.1,367.32,368.22,369.76,369.96,373.0,370.66,371.34,367.35,329.46
456,367.11,367.31,368.21,369.75,369.91,372.98,370.58,371.25,367.02,329.29
457,367.14,367.32,368.24,369.72,369.88,372.9,370.51,371.13,366.77,329.18
458,367.16,367.27,368.26,369.64,369.83,372.79,370.42,371.0,366.7,329.13
459,367.27,367.22,368.27,369.57,369.72,372.69,370.22,370.84,366.77,329.14
460,367.27,367.14,368.28,369.53,369.61,372.58,370.05,370.71,366.85,329.19
461,367.24,367.13,368.29,369.51,369.54,372.47,369.94,370.59,366.91,329.35
462,367.23,367.16,368.31,369.48,369.48,372.37,369.83,370.46,366.97,329.58
463,367.24,367.25,368.3,369.46,369.43,372.31,369.75,370.42,366.98,329.82
464,367.27,367.34,368.3,369.46,369.38,372.22,369.67,370.34,367.0,330.1
465,367.34,367.35,368.32,369.48,369.35,372.13,369.58,370.21,367.0,330.41
466,367.4,367.41,368.35,369.44,369.3,372.03,369.5,370.13,367.02,330.74
467,367.46,367.39,368.36,369.4,369.24,371.91,369.4,370.03,367.01,331.08
468,367.51,367.44,368.36,369.34,369.16,371.8,369.24,369.89,367.0,331.49
469,367.58,367.56,368.36,369.3,369.07,371.69,369.09,369.73,366.99,331.84
470,367.65,367.59,368.33,369.27,369.01,371.63,368.96,369.63,366.95,332.06
471,367.71,367.58,368.32,369.23,368.95,371.53,368.87,369.53,366.92,332.28
472,367.74,367.56,368.3,369.17,368.89,371.44,368.79,369.43,366.89,332.48
473,367.75,367.55,368.28,369.15,368.85,371.37,368.69,369.36,366.82,332.62
474,367.74,367.59,368.26,369.13,368.81,371.29,368.64,369.29,366.76,332.7
475,367.72,367.61,368.25,369.11,368.76,371.23,368.58,369.24,366.68,332.73
476,367.71,367.64,368.23,369.11,368.73,371.17,368.55,369.2,366.63,332.75
477,367.7,367.62,368.22,369.1,368.7,371.13,368.5,369.2,366.52,332.73
478,367.71,367.58,368.2,369.08,368.66,371.07,368.46,369.18,366.42,332.69
479,367.71,367.56,368.18,369.06,368.65,371.03,368.43,369.15,366.38,332.65
480,367.71,367.52,368.16,369.05,368.62,370.98,368.41,369.14,366.35,332.59
481,367.72,367.5,368.14,369.01,368.6,370.93,368.39,369.11,366.3,332.51
482,367.73,367.47,368.12,368.97,368.57,370.9,368.36,369.07,366.23,332.43
483,367.73,367.44,368.09,368.93,368.53,370.85,368.32,369.02,366.16,332.34
484,367.72,367.4,368.07,368.92,368.51,370.83,368.29,368.99,366.08,332.25
485,367.72,367.39,368.04,368.9,368.49,370.78,368.24,368.93,365.98,332.17
486,367.71,367.39,368.01,368.88,368.45,370.74,368.15,368.87,365.78,332.04
487,367.71,367.4,368.0,368.86,368.42,370.7,368.07,368.81,365.53,331.9
488,367.71,367.4,367.98,368.83,368.37,370.65,368.04,368.76,365.31,331.81
489,367.72,367.42,367.98,368.82,368.35,370.62,368.03,368.74,365.08,331.74
490,367.73,367.44,367.98,368.8,368.32,370.57,368.01,368.68,364.84,331.68
491,367.74,367.47,367.99,368.78,368.28,370.51,368.0,368.63,364.57,331.59
492,367.75,367.49,368.0,368.74,368.25,370.47,367.97,368.57,364.3,331.49
493,367.73,367.5,367.99,368.72,368.2,370.43,367.95,368.51,364.07,331.37
494,367.71,367.51,367.99,368.7,368.18,370.39,367.94,368.43,363.88,331.23
495,367.63,367.52,367.99,368.67,368.14,370.36,367.91,368.39,363.66,331.05
496,367.53,367.53,367.99,368.65,368.12,370.33,367.86,368.33,363.36,330.87
497,367.44,367.54,367.99,368.63,368.11,370.28,367.83,368.2,363.07,330.76
498,367.34,367.57,367.98,368.6,368.08,370.26,367.8,368.07,362.85,330.65
499,367.23,367.56,367.98,368.59,368.06,370.23,367.78,367.89,362.62,330.54
500,367.12,367.51,367.96,368.56,368.04,370.2,367.74,367.75,362.3,330.45
501,367.03,367.45,367.95,368.52,368.02,370.16,367.71,367.69,361.95,330.39
502,366.94,367.4,367.93,368.5,368.0,370.14,367.66,367.62,361.61,330.37
503,366.85,367.34,367.91,368.48,367.97,370.11,367.61,367.46,361.33,330.42
504,366.74,367.26,367.88,368.46,367.93,370.09,367.47,367.14,361.22,330.54
505,366.66,367.2,367.86,368.44,367.91,370.06,367.31,366.9,361.3,330.64
506,366.62,367.17,367.84,368.41,367.89,370.02,367.2,366.8,361.38,330.71
507,366.57,367.15,367.81,368.38,367.86,369.99,367.11,366.78,361.44,330.75
508,366.52,367.13,367.79,368.37,367.83,369.95,367.01,366.82,361.49,330.77
509,366.48,367.13,367.75,368.35,367.82,369.91,366.96,366.85,361.59,330.8
510,366.44,367.13,367.74,368.31,367.81,369.85,366.94,366.79,361.76,330.8
511,366.4,367.12,367.71,368.28,367.78,369.8,366.92,366.65,361.92,330.78
512,366.36,367.12,367.7,368.25,367.76,369.78,366.89,366.61,362.06,330.75
513,366.3,367.09,367.67,368.23,367.72,369.71,366.8,366.58,362.19,330.67
514,366.23,367.07,367.64,368.19,367.69,369.64,366.72,366.56,362.2,330.57
515,366.19,367.05,367.62,368.17,367.66,369.58,366.7,366.53,362.18,330.5
516,366.13,367.04,367.6,368.14,367.64,369.52,366.68,366.52,362.19,330.44
517,366.07,367.02,367.59,368.12,367.61,369.47,366.67,366.55,362.14,330.37
518,366.0,366.98,367.57,368.09,367.57,369.42,366.67,366.59,362.07,330.3
519,365.9,366.93,367.54,368.07,367.54,369.39,366.65,366.62,362.0,330.21
520,365.83,366.88,367.52,368.06,367.51,369.36,366.64,366.66,361.89,330.15
521,365.75,366.83,367.5,368.04,367.47,369.32,366.64,366.62,361.72,330.08
522,365.64,366.75,367.48,368.02,367.42,369.29,366.62,366.57,361.55,330.03
523,365.55,366.67,367.44,368.0,367.37,369.25,366.61,366.54,361.54,329.99
524,365.49,366.63,367.43,367.98,367.35,369.2,366.59,366.5,361.58,329.97
525,365.44,366.59,367.41,367.95,367.31,369.16,366.57,366.44,361.64,329.96
526,365.4,366.55,367.38,367.94,367.28,369.14,366.53,366.37,361.7,329.98
527,365.35,366.52,367.35,367.93,367.23,369.12,366.52,366.32,361.75,330.02
528,365.32,366.49,367.33,367.91,367.21,369.08,366.5,366.33,361.8,330.06
529,365.29,366.46,367.31,367.89,367.18,369.04,366.48,366.36,361.89,330.08
530,365.26,366.45,367.29,367.88,367.16,369.01,366.47,366.39,361.98,330.08
531,365.25,366.43,367.26,367.83,367.15,368.97,366.44,366.45,362.06,330.06
532,365.23,366.4,367.25,367.79,367.11,368.94,366.41,366.48,362.1,330.06
533,365.22,366.39,367.22,367.77,367.11,368.93,366.41,366.46,362.14,330.08
534,365.22,366.38,367.21,367.72,367.09,368.9,366.4,366.43,362.19,330.1
535,365.21,366.36,367.19,367.67,367.07,368.87,366.36,366.42,362.24,330.12
536,365.2,366.33,367.17,367.64,367.04,368.85,366.31,366.39,362.24,330.14
537,365.18,366.32,367.14,367.6,367.02,368.81,366.27,366.39,362.17,330.12
538,365.13,366.29,367.12,367.57,367.01,368.8,366.25,366.43,362.04,330.11
539,365.1,366.27,367.11,367.54,366.99,368.76,366.23,366.45,361.87,330.06
540,365.01,366.24,367.08,367.53,366.96,368.75,366.19,366.37,361.67,329.96
541,364.9,366.2,367.04,367.51,366.9,368.74,366.15,366.25,361.57,329.82
542,364.83,366.16,367.02,367.5,366.88,368.72,366.1,366.19,361.57,329.73
543,364.76,366.13,366.99,367.47,366.85,368.68,366.07,366.15,361.55,329.62
544,364.68,366.09,366.97,367.45,366.81,368.66,366.02,366.14,361.51,329.53
545,364.61,366.04,366.95,367.44,366.78,368.63,365.97,366.14,361.42,329.45
546,364.57,366.01,366.92,367.43,366.76,368.6,365.91,366.15,361.33,329.38
547,364.53,365.97,366.9,367.41,366.73,368.59,365.88,366.17,361.3,329.29
548,364.52,365.93,366.87,367.36,366.7,368.56,365.88,366.2,361.36,329.21
549,364.62,365.91,366.82,367.31,366.64,368.52,365.86,366.23,361.54,329.13
550,364.84,365.87,366.76,367.24,366.57,368.48,365.83,366.23,361.71,329.14
551,364.97,365.83,366.7,367.15,366.51,368.44,365.8,366.19,361.83,329.17
552,365.06,365.76,366.64,367.09,366.46,368.4,365.77,366.12,361.93,329.21
553,365.14,365.68,366.59,367.02,366.4,368.36,365.76,366.07,362.01,329.28
554,365.19,365.62,366.53,366.97,366.36,368.33,365.72,366.06,362.06,329.41
555,365.25,365.6,366.47,366.92,366.31,368.3,365.7,366.06,362.09,329.55
556,365.35,365.59,366.42,366.86,366.27,368.27,365.68,365.99,362.14,329.69
557,365.43,365.59,366.37,366.8,366.22,368.22,365.64,365.77,362.16,329.87
558,365.55,365.56,366.28,366.75,366.16,368.18,365.56,365.71,362.04,330.0
559,365.65,365.52,366.21,366.69,366.1,368.14,365.51,365.7,361.95,329.86
560,365.69,365.49,366.17,366.62,366.06,368.09,365.47,365.66,361.95,329.62
561,365.71,365.46,366.13,366.59,366.01,368.06,365.41,365.66,361.98,329.37
562,365.72,365.43,366.07,366.53,365.97,368.01,365.38,365.61,362.03,329.15
563,365.7,365.39,366.02,366.46,365.93,367.95,365.33,365.6,362.13,329.02
564,365.71,365.35,365.96,366.4,365.88,367.9,365.3,365.59,362.23,328.99
565,365.69,365.32,365.92,366.34,365.83,367.85,365.24,365.56,362.32,329.04
566,365.65,365.27,365.87,366.3,365.77,367.8,365.17,365.47,362.39,329.12
567,365.61,365.22,365.79,366.24,365.73,367.75,365.1,365.35,362.4,329.25
568,365.57,365.16,365.73,366.21,365.67,367.72,365.02,365.23,362.38,329.34
569,365.56,365.14,365.69,366.16,365.63,367.68,365.0,365.22,362.37,329.4
570,365.54,365.12,365.66,366.12,365.59,367.64,364.99,365.27,362.37,329.43
571,365.52,365.09,365.62,366.08,365.55,367.59,364.96,365.3,362.38,329.44
572,365.52,365.07,365.58,366.04,365.51,367.55,364.91,365.29,362.37,329.41
573,365.51,365.06,365.55,366.0,365.49,367.51,364.85,365.27,362.34,329.33
574,365.49,365.04,365.52,365.96,365.45,367.46,364.82,365.25,362.29,329.25
575,365.48,365.02,365.49,365.93,365.41,367.43,364.78,365.24,362.2,329.13
576,365.48,364.98,365.45,365.89,365.35,367.38,364.73,365.2,362.0,328.93
577,365.47,364.92,365.41,365.84,365.29,367.33,364.65,365.13,361.6,328.76
578,365.45,364.88,365.38,365.79,365.25,367.26,364.56,364.99,361.31,328.72
579,365.4,364.86,365.35,365.74,365.2,367.2,364.49,364.91,361.15,328.72
580,365.35,364.79,365.32,365.7,365.16,367.14,364.44,364.88,361.11,328.77
581,365.29,364.74,365.28,365.66,365.12,367.09,364.4,364.86,361.11,328.83
582,365.24,364.69,365.25,365.63,365.09,367.06,364.37,364.84,361.05,328.91
583,365.21,364.67,365.21,365.59,365.05,367.01,364.34,364.83,361.02,328.92
584,365.17,364.62,365.17,365.55,365.01,366.96,364.32,364.83,361.1,328.89
585,365.11,364.56,365.12,365.52,364.96,366.93,364.28,364.84,361.34,328.89
586,365.07,364.53,365.07,365.49,364.92,366.9,364.27,364.8,361.59,328.94
587,365.06,364.5,365.03,365.47,364.89,366.86,364.25,364.75,361.69,328.96
588,365.04,364.49,364.99,365.44,364.87,366.83,364.24,364.7,361.77,328.95
589,365.03,364.47,364.97,365.43,364.85,366.81,364.22,364.69,361.77,328.91
590,365.02,364.47,364.94,365.4,364.83,366.77,364.19,364.65,361.74,328.84
591,365.0,364.46,364.91,365.38,364.8,366.75,364.14,364.54,361.7,328.77
592,365.0,364.45,364.89,365.36,364.78,366.71,364.11,364.5,361.63,328.71
593,364.99,364.45,364.87,365.33,364.76,366.68,364.09,364.54,361.54,328.61
594,364.98,364.43,364.84,365.31,364.72,366.66,364.03,364.56,361.4,328.45
595,364.95,364.43,364.83,365.29,364.68,366.63,364.01,364.56,361.22,328.34
596,364.89,364.42,364.82,365.27,364.66,366.6,363.98,364.55,361.06,328.3
597,364.86,364.39,364.8,365.21,364.61,366.55,363.9,364.44,360.86,328.27
598,364.85,364.34,364.77,365.14,364.57,366.49,363.77,364.22,360.62,328.22
599,364.84,364.27,364.73,365.07,364.52,366.42,363.67,364.08,360.43,328.19
600,364.82,364.22,364.69,365.01,364.46,366.35,363.61,364.08,360.36,328.16
601,364.79,364.16,364.63,364.96,364.41,366.31,363.58,364.12,360.43,328.19
602,364.76,364.13,364.58,364.93,364.36,366.26,363.57,364.15,360.6,328.27
603,364.69,364.05,364.52,364.9,364.3,366.23,363.56,364.17,360.88,328.4
604,364.64,363.97,364.47,364.88,364.25,366.19,363.55,364.15,361.11,328.58
605,364.57,363.93,364.43,364.83,364.21,366.16,363.54,364.08,361.14,328.68
606,364.53,363.89,364.39,364.8,364.18,366.13,363.52,364.08,361.21,328.78
607,364.5,363.86,364.36,364.76,364.16,366.08,363.52,364.07,361.3,328.88
608,364.45,363.84,364.32,364.73,364.13,366.05,363.5,364.07,361.37,328.94
609,364.42,363.82,364.28,364.69,364.1,366.02,363.49,364.05,361.41,329.0
610,364.39,363.81,364.26,364.67,364.07,366.0,363.47,364.02,361.41,329.01
611,364.37,363.79,364.23,364.64,364.05,365.97,363.45,363.98,361.38,328.96
612,364.35,363.78,364.2,364.61,364.02,365.94,363.41,363.95,361.2,328.82
613,364.35,363.75,364.16,364.58,363.98,365.92,363.37,363.94,360.89,328.67
614,364.33,363.74,364.14,364.55,363.97,365.88,363.33,363.9,360.72,328.55
615,364.32,363.71,364.12,364.53,363.92,365.86,363.28,363.88,360.65,328.41
616,364.3,363.71,364.09,364.52,363.9,365.83,363.26,363.85,360.62,328.26
617,364.29,363.69,364.08,364.5,363.88,365.8,363.24,363.82,360.58,328.1
618,364.29,363.69,364.08,364.48,363.87,365.78,363.23,363.82,360.54,327.91
619,364.29,363.64,364.05,364.44,363.84,365.76,363.23,363.81,360.49,327.74
620,364.29,363.6,364.04,364.4,363.82,365.73,363.21,363.78,360.4,327.58
621,364.26,363.51,363.99,364.34,363.76,365.7,363.16,363.74,360.18,327.35
622,364.23,363.44,363.93,364.3,363.7,365.66,363.06,363.7,359.9,327.15
623,364.2,363.41,363.9,364.26,363.65,365.61,363.0,363.6,359.73,327.0
624,364.16,363.38,363.85,364.23,363.62,365.59,362.95,363.53,359.61,326.84
625,364.09,363.33,363.81,364.2,363.57,365.54,362.89,363.43,359.55,326.7
626,364.03,363.29,363.77,364.16,363.55,365.49,362.86,363.4,359.59,326.63
627,363.98,363.29,363.75,364.13,363.52,365.46,362.85,363.36,359.67,326.6
628,363.94,363.27,363.72,364.1,363.5,365.43,362.83,363.31,359.69,326.59
629,363.89,363.22,363.68,364.07,363.46,365.39,362.8,363.29,359.68,326.59
630,363.83,363.17,363.64,364.04,363.43,365.36,362.78,363.28,359.74,326.62
631,363.77,363.15,363.6,364.01,363.39,365.33,362.74,363.27,359.8,326.63
632,363.72,363.11,363.55,363.99,363.36,365.31,362.7,363.23,359.84,326.69
633,363.7,363.09,363.54,363.96,363.34,365.27,362.68,363.19,359.82,326.76
634,363.68,363.07,363.52,363.93,363.3,365.24,362.64,363.13,359.89,326.84
635,363.65,363.03,363.5,363.91,363.29,365.21,362.63,363.1,359.95,326.96
636,363.63,363.0,363.46,363.88,363.26,365.19,362.62,363.09,359.97,327.04
637,363.61,362.97,363.44,363.84,363.23,365.15,362.61,363.01,359.97,327.04
638,363.58,362.97,363.41,363.83,363.21,365.13,362.58,362.94,360.01,326.98
639,363.57,362.97,363.38,363.79,363.17,365.1,362.54,362.85,360.01,326.84
640,363.54,362.96,363.36,363.76,363.12,365.06,362.5,362.77,359.91,326.72
641,363.55,362.95,363.33,363.74,363.11,365.04,362.46,362.74,359.79,326.65
642,363.54,362.93,363.31,363.71,363.08,365.01,362.41,362.68,359.71,326.55
643,363.53,362.93,363.29,363.68,363.05,364.98,362.34,362.65,359.66,326.42
644,363.53,362.91,363.27,363.66,363.03,364.94,362.27,362.59,359.61,326.26
645,363.52,362.89,363.25,363.65,363.01,364.91,362.21,362.57,359.56,326.11
646,363.5,362.89,363.24,363.63,363.0,364.85,362.14,362.55,359.5,325.96
647,363.49,362.87,363.22,363.62,362.97,364.8,362.09,362.54,359.41,325.72
648,363.48,362.86,363.2,363.58,362.91,364.76,362.02,362.53,359.29,325.47
649,363.46,362.83,363.18,363.57,362.86,364.71,361.97,362.52,359.2,325.28
650,363.45,362.73,363.16,363.5,362.81,364.66,361.96,362.52,359.11,325.11
651,363.43,362.65,363.12,363.44,362.76,364.61,361.93,362.49,358.98,324.96
652,363.37,362.6,363.06,363.41,362.72,364.58,361.92,362.43,358.87,324.83
653,363.3,362.55,363.02,363.36,362.69,364.54,361.91,362.41,358.75,324.72
654,363.22,362.5,362.96,363.33,362.63,364.5,361.89,362.43,358.7,324.69
655,363.17,362.47,362.92,363.28,362.61,364.47,361.88,362.46,358.73,324.71
656,363.11,362.44,362.88,363.26,362.58,364.45,361.89,362.45,358.79,324.83
657,363.06,362.39,362.83,363.21,362.54,364.43,361.88,362.45,358.89,325.12
658,363.01,362.34,362.78,363.17,362.5,364.4,361.85,362.37,359.01,325.44
659,362.96,362.31,362.75,363.15,362.46,364.38,361.84,362.31,359.07,325.68
660,362.94,362.3,362.73,363.11,362.45,364.36,361.83,362.22,359.09,325.92
661,362.92,362.27,362.71,363.08,362.43,364.33,361.8,362.18,359.12,326.12
662,362.88,362.23,362.67,363.05,362.39,364.3,361.76,362.13,359.17,326.28
663,362.83,362.21,362.63,363.01,362.37,364.27,361.73,362.11,359.21,326.39
664,362.79,362.19,362.6,362.98,362.34,364.24,361.71,362.12,359.28,326.47
665,362.75,362.17,362.57,362.95,362.32,364.21,361.7,362.14,359.35,326.52
666,362.71,362.12,362.52,362.93,362.28,364.2,361.69,362.17,359.43,326.59
667,362.68,362.09,362.49,362.91,362.25,364.18,361.69,362.19,359.49,326.6
668,362.67,362.07,362.46,362.88,362.23,364.15,361.69,362.19,359.49,326.56
669,362.66,362.06,362.43,362.85,362.2,364.12,361.69,362.19,359.47,326.53
670,362.65,362.05,362.4,362.82,362.19,364.1,361.68,362.19,359.42,326.48
671,362.64,362.04,362.39,362.8,362.16,364.09,361.65,362.18,359.37,326.43
672,362.62,362.02,362.35,362.78,362.15,364.07,361.62,362.16,359.3,326.38
673,362.6,362.01,362.32,362.78,362.13,364.06,361.61,362.16,359.2,326.33
674,362.58,362.0,362.3,362.76,362.11,364.05,361.61,362.15,359.06,326.27
675,362.56,361.98,362.28,362.75,362.09,364.05,361.6,362.15,358.73,326.17
676,362.52,361.96,362.25,362.73,362.07,364.03,361.58,362.13,358.28,326.03
677,362.51,361.95,362.24,362.71,362.06,364.02,361.55,362.13,357.99,325.93
678,362.51,361.95,362.23,362.69,362.04,364.01,361.53,362.08,357.74,325.81
679,362.49,361.89,362.19,362.63,362.01,363.97,361.51,362.05,357.55,325.68
680,362.46,361.82,362.17,362.6,361.97,363.94,361.46,362.01,357.46,325.55
681,362.41,361.74,362.13,362.54,361.93,363.9,361.38,361.85,357.47,325.45
682,362.35,361.67,362.09,362.49,361.88,363.85,361.3,361.77,357.59,325.37
683,362.31,361.62,362.05,362.45,361.84,363.81,361.24,361.75,357.74,325.35
684,362.23,361.57,361.99,362.41,361.8,363.77,361.18,361.7,357.92,325.38
685,362.17,361.53,361.94,362.36,361.75,363.73,361.13,361.59,358.0,325.45
686,362.13,361.48,361.91,362.33,361.71,363.68,361.1,361.45,358.04,325.54
687,362.1,361.44,361.88,362.3,361.68,363.65,361.06,361.41,358.04,325.74
688,362.06,361.42,361.85,362.26,361.65,363.6,361.03,361.41,358.1,325.98
689,362.04,361.39,361.82,362.22,361.62,363.56,360.99,361.42,358.2,326.19
690,362.01,361.36,361.79,362.2,361.59,363.52,360.96,361.42,358.28,326.38
691,361.98,361.33,361.78,362.17,361.56,363.47,360.91,361.4,358.37,326.53
692,361.96,361.31,361.75,362.14,361.53,363.44,360.88,361.36,358.44,326.65
693,361.93,361.28,361.71,362.11,361.48,363.4,360.86,361.35,358.51,326.78
694,361.9,361.26,361.67,362.1,361.43,363.38,360.77,361.35,358.57,326.91
695,361.87,361.25,361.64,362.07,361.39,363.35,360.69,361.38,358.59,326.99
696,361.86,361.24,361.61,362.05,361.36,363.33,360.68,361.39,358.64,327.07
697,361.85,361.23,361.59,362.02,361.33,363.3,360.69,361.36,358.68,327.1
698,361.84,361.21,361.57,362.0,361.3,363.26,360.69,361.35,358.7,327.11
699,361.83,361.2,361.55,361.98,361.29,363.22,360.67,361.35,358.74,327.1
700,361.83,361.2,361.54,361.95,361.26,363.2,360.67,361.35,358.76,327.06
701,361.83,361.19,361.53,361.92,361.23,363.18,360.65,361.32,358.69,327.02
702,361.81,361.16,361.5,361.88,361.19,363.15,360.64,361.15,358.44,326.95
703,361.78,361.1,361.46,361.85,361.16,363.12,360.63,361.02,358.26,326.8
704,361.75,361.06,361.43,361.81,361.12,363.09,360.6,360.98,358.15,326.76
705,361.72,361.02,361.41,361.78,361.1,363.06,360.56,360.97,358.06,326.76
706,361.68,360.98,361.38,361.74,361.07,363.02,360.5,360.93,358.04,326.79
707,361.65,360.95,361.34,361.7,361.05,362.97,360.44,360.9,357.99,326.82
708,361.61,360.92,361.32,361.67,361.02,362.95,360.41,360.89,357.97,326.84
709,361.58,360.89,361.28,361.64,360.98,362.92,360.38,360.88,358.04,326.88
710,361.54,360.86,361.26,361.61,360.97,362.89,360.36,360.84,358.13,326.88
711,361.51,360.83,361.22,361.56,360.92,362.85,360.33,360.77,358.2,326.84
712,361.47,360.79,361.18,361.52,360.87,362.82,360.28,360.71,358.17,326.79
713,361.44,360.77,361.16,361.48,360.84,362.78,360.24,360.7,358.19,326.71
714,361.41,360.74,361.13,361.45,360.81,362.75,360.22,360.7,358.21,326.56
715,361.38,360.73,361.11,361.43,360.78,362.73,360.21,360.71,358.23,326.3
716,361.36,360.72,361.1,361.4,360.77,362.71,360.2,360.74,358.25,325.99
717,361.34,360.71,361.07,361.38,360.75,362.68,360.19,360.75,358.23,325.63
718,361.33,360.69,361.05,361.35,360.72,362.66,360.18,360.74,358.18,325.25
719,361.31,360.66,361.03,361.32,360.69,362.64,360.17,360.73,358.11,324.88
720,361.27,360.6,361.0,361.29,360.66,362.62,360.16,360.72,357.96,324.34
721,361.21,360.54,360.95,361.27,360.63,362.6,360.15,360.71,357.77,323.84
722,361.18,360.52,360.93,361.25,360.61,362.59,360.15,360.71,357.55,323.54
723,361.15,360.49,360.91,361.22,360.59,362.58,360.15,360.71,357.26,323.24
724,361.12,360.46,360.89,361.2,360.58,362.57,360.14,360.64,356.98,322.93
725,361.08,360.41,360.86,361.16,360.56,362.54,360.09,360.51,356.74,322.67
726,361.03,360.36,360.83,361.12,360.52,362.5,360.04,360.44,356.58,322.51
727,360.97,360.3,360.77,361.08,360.48,362.46,359.99,360.44,356.52,322.34
728,360.92,360.24,360.7,361.03,360.43,362.41,359.97,360.43,356.53,322.23
729,360.84,360.18,360.62,360.99,360.37,362.38,359.93,360.44,356.43,322.29
730,360.75,360.11,360.56,360.95,360.32,362.35,359.88,360.45,356.15,322.48
731,360.69,360.09,360.52,360.9,360.28,362.31,359.87,360.45,355.82,322.66
732,360.62,360.05,360.47,360.87,360.25,362.28,359.86,360.46,355.55,322.9
733,360.57,360.02,360.45,360.83,360.23,362.25,359.85,360.45,355.45,323.19
734,360.51,360.01,360.41,360.79,360.21,362.23,359.84,360.43,355.49,323.53
735,360.47,359.98,360.38,360.77,360.18,362.2,359.81,360.42,355.6,323.88
736,360.42,359.96,360.36,360.75,360.15,362.19,359.78,360.4,355.75,324.23
737,360.38,359.94,360.33,360.71,360.13,362.16,359.77,360.39,355.91,324.57
738,360.33,359.9,360.3,360.7,360.1,362.14,359.74,360.38,356.11,324.99
739,360.27,359.8,360.26,360.67,360.08,362.12,359.71,360.36,356.26,325.28
740,360.23,359.75,360.25,360.65,360.07,362.1,359.68,360.34,356.32,325.43
741,360.21,359.72,360.21,360.63,360.04,362.06,359.66,360.32,356.35,325.52
742,360.16,359.7,360.19,360.62,360.01,362.04,359.63,360.29,356.33,325.62
743,360.13,359.67,360.17,360.61,360.0,362.02,359.61,360.28,356.26,325.69
744,360.09,359.65,360.14,360.59,359.96,362.0,359.59,360.26,356.01,325.73
745,360.04,359.65,360.11,360.57,359.93,361.97,359.57,360.23,355.7,325.76
746,359.98,359.63,360.07,360.56,359.91,361.94,359.52,360.18,355.42,325.8
747,359.93,359.62,360.05,360.54,359.88,361.91,359.49,360.07,355.29,325.8
748,359.9,359.61,360.03,360.52,359.86,361.88,359.47,359.94,355.27,325.78
749,359.86,359.58,360.0,360.49,359.84,361.86,359.44,359.83,355.28,325.73
750,359.84,359.57,360.0,360.49,359.83,361.86,359.43,359.78,355.33,325.7
751,359.82,359.56,359.98,360.48,359.81,361.83,359.39,359.72,355.35,325.67
752,359.8,359.54,359.96,360.47,359.79,361.82,359.35,359.7,355.37,325.65
753,359.78,359.53,359.93,360.46,359.78,361.81,359.33,359.7,355.38,325.65
754,359.77,359.52,359.92,360.45,359.78,361.79,359.3,359.69,355.37,325.63
755,359.76,359.49,359.89,360.44,359.77,361.78,359.26,359.78,355.33,325.61
756,359.79,359.58,359.92,360.49,359.8,361.81,359.41,360.01,355.41,325.56
757,359.89,359.75,360.01,360.53,359.86,361.84,359.63,360.16,355.61,325.54
758,360.0,359.89,360.09,360.63,359.94,361.9,359.8,360.39,355.85,325.55
759,360.1,360.02,360.19,360.72,360.03,361.98,359.97,360.6,356.15,325.6
760,360.19,360.13,360.26,360.83,360.11,362.08,360.15,360.79,356.44,325.69
761,360.3,360.25,360.35,360.94,360.2,362.17,360.29,360.95,356.73,325.8
762,360.39,360.37,360.42,361.07,360.29,362.28,360.46,361.11,356.98,325.93
763,360.5,360.48,360.49,361.17,360.38,362.38,360.59,361.24,357.21,326.09
764,360.58,360.57,360.56,361.23,360.47,362.45,360.72,361.32,357.44,326.23
765,360.7,360.7,360.66,361.34,360.6,362.55,360.92,361.46,357.75,326.47
766,360.77,360.8,360.73,361.42,360.72,362.64,361.07,361.59,358.03,326.71
767,360.82,360.85,360.78,361.5,360.79,362.73,361.11,361.67,358.21,326.87
768,360.87,360.9,360.84,361.58,360.87,362.83,361.14,361.74,358.39,327.01
769,360.88,360.93,360.86,361.64,360.94,362.9,361.15,361.79,358.56,327.13
770,360.89,360.96,360.89,361.71,360.99,362.97,361.16,361.79,358.72,327.25
771,360.91,360.99,360.93,361.74,361.05,363.03,361.14,361.79,358.84,327.35
772,360.92,361.0,360.96,361.78,361.09,363.09,361.13,361.81,358.9,327.46
773,360.94,361.01,361.0,361.82,361.14,363.14,361.13,361.84,358.93,327.57
774,360.99,361.0,361.05,361.86,361.21,363.19,361.12,361.83,358.86,327.75
775,361.04,360.97,361.1,361.89,361.28,363.23,361.11,361.83,358.7,327.9
776,361.07,360.97,361.14,361.93,361.31,363.26,361.09,361.81,358.61,328.01
777,361.11,360.96,361.17,361.98,361.34,363.28,361.05,361.83,358.51,328.09
778,361.14,360.97,361.2,361.99,361.37,363.29,361.03,361.84,358.46,328.19
779,361.18,361.0,361.24,362.03,361.42,363.31,361.03,361.85,358.45,328.29
780,361.22,361.03,361.28,362.05,361.45,363.33,361.04,361.86,358.46,328.37
781,361.27,361.04,361.31,362.07,361.5,363.36,361.1,361.9,358.49,328.48
782,361.3,361.04,361.35,362.08,361.53,363.39,361.19,361.95,358.51,328.58
783,361.34,361.04,361.39,362.09,361.57,363.42,361.3,362.04,358.54,328.74
784,361.39,361.05,361.44,362.11,361.59,363.45,361.3,362.11,358.55,328.92
785,361.43,361.06,361.46,362.1,361.58,363.46,361.3,362.12,358.53,329.05
786,361.47,361.07,361.48,362.08,361.58,363.49,361.3,362.09,358.51,329.17
787,361.52,361.07,361.49,362.05,361.57,363.53,361.35,362.08,358.48,329.29
788,361.58,361.09,361.5,362.02,361.57,363.58,361.43,362.08,358.44,329.42
789,361.61,361.15,361.51,362.01,361.56,363.62,361.48,362.09,358.34,329.54
790,361.65,361.19,361.51,362.03,361.57,363.67,361.52,362.14,358.21,329.66
791,361.68,361.23,361.52,362.05,361.57,363.7,361.55,362.19,358.06,329.8
792,361.74,361.23,361.51,362.07,361.56,363.71,361.47,362.22,357.85,329.98
793,361.8,361.22,361.53,362.07,361.57,363.71,361.39,362.26,357.74,330.18
794,361.84,361.21,361.54,362.09,361.58,363.71,361.38,362.26,357.71,330.31
795,361.88,361.2,361.54,362.11,361.59,363.7,361.35,362.25,357.73,330.45
796,361.89,361.16,361.54,362.13,361.58,363.69,361.31,362.22,357.75,330.57
797,361.93,361.15,361.54,362.15,361.59,363.69,361.26,362.22,357.79,330.7
798,361.95,361.12,361.54,362.16,361.58,363.67,361.19,362.21,357.83,330.82
799,361.97,361.1,361.55,362.16,361.58,363.66,361.13,362.2,357.86,330.92
800,361.98,361.09,361.56,362.13,361.58,363.64,361.08,362.17,357.89,331.09
801,361.99,361.13,361.58,362.1,361.58,363.62,361.12,362.11,357.91,331.28
802,361.97,361.16,361.59,362.06,361.57,363.6,361.22,362.05,357.93,331.39
803,361.95,361.21,361.61,362.03,361.57,363.56,361.35,362.02,357.94,331.51
804,361.95,361.23,361.61,361.99,361.56,363.54,361.44,362.04,357.93,331.63
805,361.95,361.24,361.62,361.97,361.56,363.53,361.49,362.14,357.92,331.77
806,361.95,361.24,361.62,361.96,361.54,363.52,361.48,362.18,357.94,331.9
807,361.96,361.22,361.63,361.95,361.54,363.51,361.48,362.21,357.97,332.05
808,361.98,361.22,361.62,361.95,361.53,363.5,361.5,362.2,358.01,332.21
809,362.03,361.19,361.62,361.94,361.55,363.5,361.55,362.12,358.06,332.5
810,362.07,361.16,361.63,361.96,361.54,363.5,361.61,362.03,358.08,332.78
811,362.09,361.13,361.63,361.98,361.55,363.51,361.64,362.03,358.15,332.95
812,362.11,361.1,361.64,361.99,361.56,363.52,361.66,362.13,358.25,333.09
813,362.12,361.08,361.65,362.01,361.59,363.53,361.65,362.19,358.36,333.21
814,362.13,361.07,361.65,362.01,361.6,363.55,361.64,362.3,358.45,333.33
815,362.13,361.07,361.65,362.02,361.6,363.57,361.61,362.4,358.51,333.43
816,362.13,361.07,361.64,362.03,361.62,363.58,361.59,362.44,358.5,333.51
817,362.12,361.08,361.62,362.03,361.63,363.59,361.56,362.46,358.47,333.57
818,362.11,361.08,361.6,362.02,361.64,363.58,361.53,362.46,358.43,333.65
819,362.13,361.06,361.6,362.01,361.65,363.58,361.49,362.45,358.43,333.79
820,362.14,361.03,361.6,362.01,361.67,363.58,361.46,362.45,358.56,333.96
821,362.14,360.98,361.61,362.0,361.67,363.57,361.44,362.43,358.74,334.08
822,362.13,360.95,361.61,361.99,361.68,363.54,361.46,362.39,358.95,334.2
823,362.12,360.92,361.6,362.0,361.68,363.51,361.47,362.36,359.15,334.32
824,362.11,360.93,361.59,362.02,361.69,363.49,361.45,362.31,359.33,334.44
825,362.09,360.92,361.58,362.02,361.68,363.46,361.39,362.23,359.47,334.57
826,362.06,360.88,361.57,362.03,361.69,363.43,361.32,362.16,359.57,334.69
827,362.02,360.82,361.56,362.04,361.7,363.41,361.28,362.13,359.65,334.81
828,361.95,360.75,361.54,362.03,361.7,363.39,361.26,362.09,359.71,334.97
829,361.9,360.67,361.51,362.02,361.7,363.37,361.26,362.07,359.7,335.11
830,361.87,360.57,361.48,362.01,361.68,363.36,361.31,362.06,359.71,335.22
831,361.84,360.51,361.46,362.0,361.67,363.35,361.34,362.04,359.73,335.32
832,361.82,360.47,361.42,361.98,361.66,363.36,361.38,362.06,359.75,335.44
833,361.8,360.44,361.37,361.95,361.64,363.36,361.37,362.13,359.79,335.58
834,361.8,360.41,361.36,361.94,361.63,363.37,361.34,362.17,359.82,335.73
835,361.79,360.36,361.33,361.92,361.61,363.37,361.31,362.19,359.84,335.88
836,361.8,360.33,361.32,361.89,361.6,363.37,361.29,362.17,359.87,336.03
837,361.79,360.31,361.3,361.9,361.58,363.38,361.31,362.14,359.97,336.22
838,361.77,360.31,361.28,361.9,361.55,363.37,361.35,362.16,360.09,336.37
839,361.75,360.29,361.27,361.9,361.55,363.36,361.38,362.17,360.16,336.43
840,361.73,360.25,361.25,361.9,361.54,363.35,361.41,362.16,360.21,336.49
841,361.68,360.22,361.24,361.88,361.53,363.32,361.43,362.13,360.27,336.55
842,361.68,360.21,361.24,361.86,361.53,363.31,361.46,362.07,360.34,336.61
843,361.65,360.19,361.25,361.86,361.51,363.29,361.46,362.0,360.39,336.68
844,361.64,360.19,361.27,361.85,361.5,363.29,361.46,361.94,360.43,336.75
845,361.63,360.19,361.28,361.83,361.47,363.29,361.45,361.88,360.45,336.86
846,361.62,360.2,361.28,361.77,361.43,363.28,361.34,361.85,360.41,337.02
847,361.62,360.23,361.29,361.69,361.39,363.26,361.22,361.81,360.35,337.23
848,361.63,360.25,361.3,361.66,361.36,363.25,361.15,361.8,360.31,337.36
849,361.64,360.26,361.28,361.59,361.33,363.23,361.07,361.78,360.26,337.45
850,361.66,360.29,361.26,361.52,361.3,363.21,361.08,361.77,360.23,337.53
851,361.69,360.29,361.25,361.47,361.28,363.19,361.08,361.79,360.19,337.57
852,361.72,360.3,361.24,361.41,361.25,363.16,361.09,361.83,360.15,337.61
853,361.74,360.31,361.24,361.37,361.23,363.13,361.05,361.83,360.12,337.64
854,361.76,360.33,361.24,361.34,361.21,363.1,360.96,361.81,360.1,337.68
855,361.81,360.36,361.26,361.33,361.18,363.09,360.82,361.81,360.03,337.74
856,361.85,360.39,361.26,361.3,361.16,363.06,360.73,361.8,359.93,337.79
857,361.88,360.4,361.27,361.29,361.14,363.03,360.71,361.81,359.85,337.85
858,361.9,360.41,361.26,361.28,361.12,363.01,360.71,361.83,359.77,337.92
859,361.93,360.44,361.24,361.26,361.09,362.99,360.72,361.81,359.71,337.98
860,361.95,360.46,361.21,361.26,361.06,362.96,360.73,361.79,359.68,338.05
861,361.99,360.49,361.18,361.26,361.03,362.94,360.7,361.76,359.66,338.09
862,362.01,360.51,361.17,361.27,360.99,362.92,360.65,361.73,359.65,338.14
863,362.01,360.57,361.17,361.28,360.95,362.89,360.58,361.68,359.65,338.18
864,362.0,360.64,361.19,361.29,360.9,362.87,360.55,361.63,359.65,338.22
865,362.0,360.66,361.2,361.3,360.88,362.85,360.53,361.58,359.62,338.26
866,361.99,360.66,361.2,361.31,360.85,362.83,360.56,361.55,359.55,338.27
867,361.98,360.65,361.19,361.32,360.84,362.81,360.62,361.52,359.49,338.3
868,361.98,360.61,361.17,361.3,360.84,362.79,360.7,361.55,359.43,338.32
869,361.96,360.58,361.16,361.3,360.84,362.78,360.72,361.58,359.37,338.36
870,361.96,360.55,361.14,361.29,360.86,362.78,360.71,361.61,359.32,338.41
871,361.97,360.53,361.15,361.28,360.87,362.78,360.71,361.63,359.27,338.48
872,361.99,360.51,361.14,361.26,360.88,362.8,360.71,361.62,359.25,338.56
873,362.0,360.56,361.16,361.24,360.91,362.8,360.74,361.6,359.3,338.66
874,361.99,360.59,361.17,361.21,360.92,362.81,360.77,361.59,359.32,338.7
875,361.97,360.61,361.17,361.18,360.94,362.83,360.77,361.58,359.35,338.74
876,361.97,360.64,361.18,361.17,360.95,362.84,360.77,361.59,359.4,338.77
877,361.96,360.66,361.18,361.12,360.95,362.85,360.78,361.6,359.46,338.79
878,361.96,360.64,361.2,361.1,360.95,362.86,360.8,361.64,359.51,338.82
879,361.99,360.61,361.2,361.1,360.97,362.88,360.81,361.68,359.52,338.86
880,362.02,360.54,361.2,361.1,360.97,362.87,360.8,361.7,359.5,338.91
881,362.06,360.41,361.19,361.11,360.98,362.87,360.69,361.67,359.45,339.01
882,362.06,360.25,361.19,361.12,361.0,362.87,360.58,361.65,359.41,339.1
883,362.05,360.14,361.17,361.12,361.01,362.88,360.57,361.63,359.41,339.17
884,362.01,360.04,361.16,361.12,361.01,362.89,360.64,361.58,359.42,339.23
885,361.95,359.95,361.12,361.11,361.01,362.91,360.65,361.56,359.45,339.29
886,361.89,359.9,361.1,361.09,361.0,362.91,360.6,361.59,359.49,339.35
887,361.84,359.85,361.08,361.05,360.99,362.91,360.61,361.57,359.52,339.4
888,361.8,359.8,361.07,361.03,360.97,362.91,360.67,361.52,359.57,339.45
889,361.75,359.74,361.03,360.99,360.96,362.9,360.71,361.54,359.62,339.49
890,361.69,359.69,360.98,360.98,360.92,362.87,360.8,361.56,359.65,339.55
891,361.6,359.64,360.92,360.95,360.89,362.86,360.81,361.57,359.66,339.63
892,361.55,359.6,360.91,360.92,360.87,362.83,360.76,361.58,359.7,339.7
893,361.51,359.56,360.88,360.9,360.84,362.81,360.73,361.59,359.75,339.75
894,361.48,359.53,360.86,360.87,360.82,362.78,360.75,361.57,359.8,339.82
895,361.47,359.49,360.83,360.85,360.79,362.76,360.81,361.52,359.85,339.88
896,361.47,359.47,360.82,360.84,360.76,362.73,360.87,361.5,359.88,339.93
897,361.49,359.46,360.84,360.83,360.73,362.72,360.93,361.48,359.9,339.99
898,361.49,359.44,360.85,360.82,360.7,362.71,360.98,361.45,359.88,340.07
899,361.51,359.44,360.88,360.82,360.67,362.7,361.04,361.43,359.86,340.25
900,361.51,359.44,360.91,360.81,360.65,362.69,361.1,361.43,359.87,340.41
901,361.51,359.49,360.92,360.82,360.63,362.68,361.08,361.43,359.89,340.49
902,361.51,359.58,360.92,360.84,360.62,362.68,361.03,361.42,359.92,340.57
903,361.51,359.62,360.94,360.87,360.62,362.67,361.0,361.39,359.96,340.62
904,361.49,359.63,360.95,360.89,360.63,362.67,360.98,361.38,360.0,340.67
905,361.46,359.61,360.93,360.92,360.62,362.68,360.98,361.36,360.04,340.71
906,361.44,359.59,360.92,360.94,360.62,362.68,360.96,361.37,360.07,340.75
907,361.42,359.57,360.89,360.99,360.61,362.68,360.86,361.37,360.09,340.77
908,361.37,359.55,360.86,361.03,360.6,362.68,360.75,361.36,360.1,340.82
909,361.28,359.5,360.88,361.05,360.59,362.66,360.69,361.35,360.09,340.86
910,361.22,359.47,360.9,361.07,360.58,362.65,360.72,361.38,360.05,340.9
911,361.2,359.45,360.89,361.08,360.58,362.63,360.74,361.43,360.04,340.91
912,361.2,359.42,360.89,361.07,360.57,362.6,360.75,361.48,360.03,340.92
913,361.21,359.38,360.88,361.07,360.57,362.59,360.76,361.49,360.03,340.93
914,361.21,359.34,360.87,361.06,360.6,362.57,360.75,361.5,360.03,340.96
915,361.19,359.29,360.87,361.07,360.61,362.55,360.74,361.51,360.05,341.0
916,361.16,359.25,360.86,361.06,360.63,362.53,360.72,361.51,360.06,341.03
917,361.11,359.2,360.86,361.05,360.63,362.5,360.7,361.5,360.08,341.08
918,361.02,359.17,360.87,361.05,360.63,362.49,360.7,361.5,360.13,341.12
919,360.97,359.18,360.85,361.04,360.63,362.47,360.76,361.49,360.17,341.19
920,360.98,359.2,360.85,361.03,360.62,362.47,360.84,361.45,360.18,341.22
921,360.99,359.18,360.84,361.04,360.61,362.48,360.91,361.42,360.18,341.26
922,360.99,359.15,360.84,361.04,360.61,362.51,360.96,361.44,360.17,341.28
923,360.98,359.1,360.83,361.03,360.6,362.53,360.97,361.46,360.14,341.3
924,360.97,359.06,360.82,361.05,360.59,362.56,360.98,361.5,360.14,341.32
925,360.96,359.01,360.82,361.04,360.57,362.58,360.99,361.54,360.13,341.34
926,360.96,358.96,360.81,361.04,360.53,362.59,361.01,361.61,360.15,341.34
927,361.01,358.95,360.8,361.03,360.51,362.6,361.09,361.68,360.21,341.36
928,361.05,359.01,360.79,361.04,360.48,362.58,361.08,361.7,360.3,341.4
929,361.01,359.07,360.77,361.02,360.46,362.58,361.03,361.7,360.34,341.46
930,360.96,359.14,360.76,360.99,360.43,362.57,360.99,361.67,360.4,341.51
931,360.92,359.19,360.74,360.95,360.42,362.55,360.99,361.61,360.45,341.57
932,360.91,359.27,360.72,360.94,360.41,362.53,361.04,361.56,360.51,341.62
933,360.89,359.28,360.68,360.91,360.41,362.49,361.05,361.49,360.58,341.69
934,360.91,359.29,360.67,360.89,360.39,362.47,361.07,361.46,360.63,341.77
935,360.97,359.23,360.64,360.89,360.39,362.43,361.08,361.42,360.67,341.89
936,361.06,359.17,360.62,360.88,360.39,362.41,361.1,361.39,360.72,342.01
937,361.09,359.18,360.59,360.87,360.4,362.39,361.11,361.41,360.75,342.08
938,361.06,359.19,360.6,360.86,360.4,362.38,361.11,361.46,360.76,342.13
939,361.01,359.18,360.6,360.86,360.4,362.39,361.11,361.48,360.77,342.19
940,360.95,359.18,360.61,360.85,360.42,362.41,361.1,361.48,360.79,342.24
941,360.89,359.18,360.6,360.85,360.42,362.43,361.09,361.46,360.81,342.29
942,360.84,359.19,360.59,360.84,360.44,362.44,361.1,361.48,360.83,342.35
943,360.79,359.21,360.59,360.83,360.46,362.47,361.11,361.53,360.82,342.39
944,360.73,359.23,360.57,360.82,360.49,362.49,361.09,361.59,360.8,342.5
945,360.69,359.24,360.55,360.8,360.53,362.51,361.07,361.63,360.77,342.61
946,360.68,359.22,360.55,360.78,360.55,362.51,361.04,361.64,360.76,342.66
947,360.66,359.2,360.53,360.76,360.55,362.53,360.99,361.65,360.74,342.68
948,360.65,359.19,360.51,360.75,360.55,362.53,360.95,361.61,360.75,342.67
949,360.63,359.17,360.48,360.74,360.54,362.52,360.89,361.55,360.72,342.63
950,360.62,359.15,360.46,360.75,360.53,362.51,360.85,361.5,360.7,342.63
951,360.61,359.12,360.43,360.73,360.52,362.5,360.82,361.48,360.68,342.6
952,360.6,359.08,360.42,360.71,360.51,362.48,360.8,361.47,360.67,342.6
953,360.6,359.07,360.41,360.68,360.51,362.47,360.8,361.47,360.67,342.59
954,360.59,359.03,360.41,360.65,360.51,362.45,360.83,361.47,360.65,342.58
955,360.59,358.98,360.45,360.61,360.49,362.43,360.84,361.46,360.62,342.56
956,360.56,358.96,360.48,360.57,360.47,362.4,360.87,361.46,360.61,342.56
957,360.53,358.94,360.52,360.53,360.42,362.36,360.87,361.46,360.6,342.53
958,360.47,358.93,360.55,360.5,360.38,362.33,360.84,361.44,360.59,342.51
959,360.41,358.93,360.58,360.5,360.35,362.3,360.79,361.4,360.57,342.49
960,360.34,358.92,360.61,360.52,360.32,362.28,360.74,361.38,360.56,342.48
961,360.28,358.89,360.63,360.55,360.27,362.26,360.7,361.36,360.54,342.48
962,360.24,358.87,360.65,360.58,360.26,362.24,360.68,361.35,360.53,342.48
963,360.2,358.81,360.65,360.61,360.24,362.22,360.66,361.35,360.52,342.5
964,360.18,358.76,360.66,360.64,360.23,362.2,360.68,361.37,360.52,342.49
965,360.19,358.71,360.65,360.68,360.24,362.2,360.72,361.38,360.53,342.5
966,360.19,358.67,360.65,360.73,360.24,362.21,360.76,361.38,360.55,342.5
967,360.19,358.64,360.65,360.77,360.26,362.2,360.8,361.37,360.54,342.5
968,360.21,358.62,360.64,360.82,360.27,362.2,360.83,361.3,360.55,342.51
969,360.21,358.59,360.62,360.87,360.27,362.18,360.85,361.2,360.55,342.49
970,360.21,358.58,360.63,360.89,360.29,362.16,360.86,361.12,360.55,342.47
971,360.19,358.57,360.64,360.92,360.3,362.16,360.85,361.08,360.51,342.47
972,360.16,358.55,360.65,360.92,360.31,362.14,360.84,361.1,360.44,342.46
973,360.15,358.55,360.67,360.94,360.32,362.15,360.83,361.13,360.36,342.47
974,360.14,358.53,360.68,360.94,360.34,362.15,360.82,361.16,360.26,342.47
975,360.14,358.52,360.69,360.96,360.35,362.15,360.82,361.18,360.13,342.5
976,360.14,358.52,360.69,360.97,360.39,362.16,360.79,361.17,360.05,342.51
977,360.12,358.53,360.7,360.98,360.42,362.16,360.76,361.16,360.02,342.5
978,360.1,358.54,360.68,360.99,360.45,362.16,360.74,361.17,360.06,342.51
979,360.1,358.55,360.68,361.01,360.48,362.17,360.73,361.21,360.1,342.5
980,360.1,358.53,360.66,361.04,360.54,362.18,360.7,361.27,360.16,342.52
981,360.13,358.48,360.64,361.06,360.59,362.21,360.66,361.32,360.17,342.55
982,360.16,358.43,360.64,361.08,360.64,362.25,360.64,361.35,360.18,342.56
983,360.21,358.4,360.64,361.09,360.68,362.28,360.68,361.37,360.18,342.56
984,360.26,358.37,360.64,361.08,360.7,362.32,360.75,361.39,360.19,342.53
985,360.36,358.38,360.64,361.09,360.72,362.37,360.81,361.45,360.21,342.52
986,360.42,358.4,360.63,361.1,360.73,362.42,360.84,361.51,360.24,342.52
987,360.45,358.42,360.62,361.11,360.75,362.47,360.82,361.56,360.25,342.5
988,360.43,358.43,360.61,361.11,360.77,362.49,360.8,361.58,360.23,342.5
989,360.39,358.44,360.58,361.1,360.77,362.53,360.8,361.58,360.18,342.5
990,360.41,358.42,360.57,361.09,360.78,362.56,360.84,361.6,360.18,342.53
991,360.41,358.41,360.57,361.05,360.78,362.58,360.88,361.61,360.21,342.53
992,360.37,358.41,360.56,361.0,360.77,362.59,360.9,361.63,360.25,342.55
993,360.33,358.44,360.57,360.96,360.77,362.59,360.93,361.63,360.31,342.58
994,360.29,358.45,360.58,360.91,360.77,362.58,360.91,361.57,360.38,342.58
995,360.25,358.47,360.57,360.87,360.76,362.58,360.87,361.51,360.45,342.59
996,360.25,358.5,360.57,360.83,360.77,362.58,360.83,361.39,360.51,342.6
997,360.28,358.51,360.59,360.81,360.77,362.57,360.8,361.3,360.56,342.63
998,360.33,358.55,360.58,360.81,360.77,362.57,360.78,361.23,360.6,342.68
999,360.41,358.58,360.58,360.81,360.77,362.56,360.81,361.18,360.59,342.73
1000,360.47,358.59,360.56,360.84,360.78,362.57,360.86,361.16,360.55,342.77
1001,360.52,358.61,360.52,360.86,360.76,362.57,360.9,361.15,360.5,342.79
1002,360.58,358.62,360.49,360.89,360.76,362.57,360.94,361.14,360.46,342.83
1003,360.6,358.61,360.44,360.93,360.76,362.58,360.98,361.16,360.43,342.86
1004,360.59,358.59,360.42,360.95,360.77,362.58,361.02,361.16,360.44,342.9
1005,360.54,358.57,360.4,360.99,360.79,362.6,361.06,361.17,360.46,342.92
1006,360.44,358.54,360.39,361.02,360.79,362.61,361.1,361.16,360.47,342.96
1007,360.29,358.52,360.38,361.06,360.8,362.61,361.12,361.15,360.51,343.0
1008,360.22,358.5,360.39,361.09,360.81,362.6,361.05,361.14,360.56,343.04
1009,360.19,358.48,360.42,361.1,360.8,362.58,360.98,361.13,360.58,343.07
1010,360.15,358.45,360.44,361.12,360.8,362.57,360.9,361.13,360.6,343.1
1011,360.16,358.43,360.45,361.11,360.79,362.55,360.86,361.14,360.61,343.14
1012,360.17,358.4,360.47,361.12,360.78,362.51,360.85,361.18,360.61,343.17
1013,360.18,358.38,360.46,361.12,360.77,362.47,360.87,361.22,360.62,343.19
1014,360.2,358.36,360.48,361.14,360.74,362.43,360.86,361.28,360.63,343.22
1015,360.22,358.36,360.5,361.14,360.73,362.39,360.85,361.32,360.63,343.25
1016,360.24,358.37,360.51,361.15,360.71,362.37,360.8,361.34,360.61,343.29
1017,360.27,358.37,360.51,361.17,360.66,362.34,360.72,361.32,360.61,343.36
1018,360.3,358.36,360.52,361.19,360.63,362.33,360.65,361.29,360.65,343.44
1019,360.34,358.39,360.55,361.21,360.64,362.31,360.62,361.27,360.69,343.47
1020,360.38,358.41,360.57,361.2,360.64,362.32,360.6,361.26,360.73,343.5
1021,360.38,358.43,360.6,361.18,360.64,362.3,360.58,361.24,360.74,343.52
1022,360.38,358.44,360.63,361.16,360.64,362.29,360.56,361.22,360.75,343.54
1023,360.37,358.44,360.66,361.16,360.65,362.3,360.56,361.21,360.75,343.57
1024,360.36,358.43,360.68,361.14,360.64,362.27,360.57,361.2,360.75,343.6
1025,360.33,358.43,360.7,361.12,360.65,362.26,360.61,361.22,360.73,343.62
1026,360.31,358.45,360.73,361.1,360.65,362.26,360.69,361.25,360.72,343.65
1027,360.28,358.47,360.74,361.08,360.67,362.25,360.74,361.25,360.7,343.66
1028,360.27,358.47,360.74,361.06,360.67,362.26,360.79,361.26,360.69,343.71
1029,360.29,358.49,360.75,361.06,360.69,362.28,360.82,361.28,360.68,343.77
1030,360.32,358.46,360.73,361.05,360.69,362.29,360.83,361.31,360.67,343.84
1031,360.36,358.44,360.72,361.05,360.69,362.32,360.84,361.35,360.66,343.92
1032,360.41,358.43,360.71,361.06,360.71,362.34,360.82,361.42,360.65,343.97
1033,360.45,358.44,360.69,361.08,360.73,362.39,360.8,361.48,360.65,344.01
1034,360.44,358.44,360.67,361.08,360.77,362.42,360.79,361.55,360.65,344.03
1035,360.39,358.45,360.66,361.09,360.81,362.46,360.86,361.62,360.64,344.02
1036,360.35,358.46,360.65,361.1,360.82,362.51,360.94,361.68,360.63,344.0
1037,360.31,358.48,360.64,361.1,360.83,362.51,361.0,361.69,360.6,343.97
1038,360.26,358.49,360.65,361.11,360.86,362.53,361.03,361.74,360.56,343.96
1039,360.22,358.51,360.66,361.11,360.88,362.53,361.07,361.79,360.55,343.93
1040,360.21,358.53,360.68,361.11,360.9,362.55,361.09,361.79,360.55,343.92
1041,360.2,358.52,360.69,361.11,360.92,362.58,361.09,361.78,360.55,343.89
1042,360.22,358.53,360.69,361.09,360.93,362.59,361.08,361.77,360.55,343.87
1043,360.25,358.53,360.7,361.07,360.94,362.61,361.08,361.79,360.56,343.86
1044,360.3,358.56,360.71,361.06,360.95,362.63,361.04,361.82,360.61,343.84
1045,360.35,358.6,360.72,361.05,360.97,362.64,360.97,361.84,360.66,343.83
1046,360.38,358.61,360.74,361.04,360.97,362.66,360.92,361.84,360.69,343.83
1047,360.42,358.6,360.75,361.03,360.97,362.68,360.87,361.8,360.72,343.83
1048,360.44,358.58,360.75,361.03,360.96,362.68,360.82,361.76,360.76,343.83
1049,360.43,358.56,360.77,361.03,360.95,362.69,360.77,361.74,360.82,343.85
1050,360.41,358.56,360.76,361.03,360.95,362.68,360.78,361.71,360.86,343.86
1051,360.36,358.56,360.76,361.05,360.95,362.68,360.79,361.7,360.9,343.88
1052,360.34,358.55,360.76,361.05,360.95,362.67,360.82,361.69,360.93,343.88
1053,360.3,358.51,360.77,361.05,360.97,362.66,360.86,361.68,360.95,343.88
1054,360.27,358.46,360.78,361.05,360.97,362.66,360.91,361.7,360.95,343.86
1055,360.25,358.41,360.78,361.05,360.99,362.67,360.94,361.72,360.93,343.87
1056,360.23,358.4,360.78,361.04,360.99,362.68,360.97,361.75,360.9,343.87
1057,360.22,358.39,360.79,361.05,360.99,362.7,360.99,361.8,360.87,343.91
1058,360.19,358.39,360.78,361.04,360.98,362.72,361.03,361.84,360.85,343.94
1059,360.16,358.39,360.77,361.05,360.98,362.75,361.1,361.86,360.83,343.96
1060,360.12,358.38,360.76,361.04,360.97,362.76,361.13,361.86,360.83,343.95
1061,360.07,358.36,360.74,361.03,360.94,362.77,361.18,361.9,360.85,343.96
1062,360.07,358.36,360.73,361.01,360.91,362.78,361.2,361.95,360.86,343.96
1063,360.1,358.36,360.73,361.0,360.88,362.78,361.23,361.96,360.86,343.97
1064,360.12,358.37,360.73,360.97,360.85,362.77,361.25,361.94,360.85,343.99
1065,360.14,358.36,360.71,360.96,360.81,362.76,361.25,361.91,360.84,344.02
1066,360.16,358.36,360.71,360.93,360.79,362.75,361.22,361.85,360.85,344.03
1067,360.16,358.36,360.71,360.92,360.76,362.74,361.16,361.79,360.84,344.04
1068,360.15,358.35,360.71,360.89,360.73,362.72,361.1,361.75,360.82,344.05
1069,360.15,358.33,360.73,360.87,360.7,362.7,361.03,361.72,360.8,344.06
1070,360.14,358.31,360.74,360.87,360.7,362.69,361.0,361.72,360.78,344.08
1071,360.15,358.27,360.76,360.88,360.69,362.68,360.98,361.74,360.78,344.11
1072,360.16,358.26,360.78,360.89,360.69,362.67,360.96,361.75,360.78,344.1
1073,360.16,358.25,360.79,360.92,360.7,362.67,360.95,361.77,360.8,344.09
1074,360.17,358.25,360.8,360.96,360.71,362.66,360.94,361.79,360.81,344.07
1075,360.19,358.25,360.8,360.99,360.72,362.65,360.95,361.81,360.82,344.06
1076,360.19,358.23,360.8,361.0,360.72,362.65,360.96,361.81,360.83,344.04
1077,360.21,358.22,360.8,361.0,360.74,362.63,360.99,361.8,360.86,344.04
1078,360.25,358.23,360.8,361.01,360.74,362.63,360.99,361.81,360.89,344.04
1079,360.32,358.25,360.79,361.02,360.76,362.64,360.98,361.81,360.93,344.06
1080,360.36,358.25,360.78,361.02,360.77,362.64,361.0,361.82,360.95,344.07
1081,360.4,358.23,360.76,361.04,360.8,362.66,361.1,361.83,360.96,344.07
1082,360.44,358.23,360.75,361.04,360.82,362.68,361.22,361.84,360.97,344.07
1083,360.47,358.26,360.76,361.05,360.85,362.69,361.31,361.88,360.99,344.07
1084,360.44,358.28,360.77,361.05,360.87,362.71,361.36,361.95,361.01,344.08
1085,360.37,358.3,360.78,361.05,360.88,362.74,361.39,361.97,361.02,344.08
1086,360.3,358.28,360.77,361.07,360.89,362.76,361.43,361.99,361.02,344.09
1087,360.26,358.26,360.77,361.07,360.9,362.79,361.48,362.03,361.04,344.09
1088,360.23,358.23,360.77,361.09,360.93,362.82,361.51,362.1,361.08,344.14
1089,360.26,358.24,360.76,361.1,360.96,362.85,361.52,362.18,361.11,344.23
1090,360.28,358.24,360.76,361.11,360.96,362.88,361.57,362.24,361.14,344.29
1091,360.3,358.27,360.75,361.11,360.98,362.9,361.62,362.28,361.18,344.36
1092,360.33,358.29,360.76,361.13,360.99,362.91,361.64,362.31,361.22,344.41
1093,360.35,358.31,360.75,361.14,361.0,362.92,361.64,362.32,361.27,344.48
1094,360.37,358.34,360.77,361.16,361.02,362.94,361.62,362.31,361.3,344.54
1095,360.35,358.35,360.76,361.18,361.03,362.95,361.59,362.25,361.31,344.6
1096,360.31,358.36,360.76,361.2,361.04,362.96,361.56,362.18,361.3,344.64
1097,360.23,358.37,360.75,361.21,361.06,362.97,361.49,362.13,361.26,344.7
1098,360.15,358.41,360.75,361.21,361.07,362.98,361.42,362.04,361.21,344.76
1099,360.08,358.43,360.72,361.22,361.08,362.98,361.37,362.01,361.18,344.79
1100,360.02,358.43,360.69,361.23,361.08,362.99,361.34,362.04,361.16,344.83
1101,359.97,358.43,360.66,361.24,361.1,363.0,361.31,362.07,361.14,344.87
1102,359.95,358.4,360.62,361.24,361.08,363.01,361.28,362.12,361.11,344.88
1103,359.94,358.37,360.58,361.24,361.08,363.02,361.27,362.17,361.1,344.89
1104,359.95,358.37,360.58,361.24,361.08,363.02,361.26,362.21,361.11,344.9
1105,359.97,358.36,360.58,361.25,361.09,363.03,361.27,362.21,361.14,344.92
1106,360.0,358.34,360.6,361.27,361.1,363.03,361.24,362.21,361.17,344.92
1107,360.04,358.31,360.63,361.29,361.11,363.03,361.24,362.19,361.19,344.92
1108,360.08,358.31,360.65,361.3,361.11,363.04,361.28,362.13,361.19,344.93
1109,360.11,358.32,360.68,361.29,361.11,363.06,361.35,362.1,361.17,344.94
1110,360.15,358.33,360.7,361.3,361.11,363.07,361.41,362.15,361.15,344.96
1111,360.2,358.36,360.73,361.29,361.12,363.09,361.46,362.23,361.14,344.97
1112,360.21,358.4,360.75,361.29,361.12,363.08,361.5,362.28,361.12,344.97
1113,360.19,358.44,360.77,361.28,361.12,363.07,361.55,362.3,361.14,344.96
1114,360.14,358.47,360.79,361.28,361.11,363.07,361.56,362.29,361.16,344.94
1115,360.08,358.53,360.8,361.26,361.13,363.06,361.59,362.27,361.21,344.93
1116,360.03,358.56,360.81,361.25,361.14,363.05,361.61,362.27,361.27,344.93
1117,360.01,358.55,360.8,361.24,361.15,363.04,361.63,362.27,361.3,344.93
1118,359.99,358.52,360.8,361.23,361.15,363.03,361.65,362.28,361.33,344.92
1119,359.99,358.48,360.79,361.22,361.16,363.04,361.67,362.31,361.35,344.94
1120,359.99,358.44,360.79,361.21,361.16,363.04,361.69,362.32,361.35,344.97
1121,360.0,358.41,360.81,361.2,361.16,363.03,361.75,362.37,361.35,345.0
1122,359.98,358.39,360.83,361.18,361.14,363.02,361.75,362.41,361.32,345.02
1123,359.96,358.38,360.84,361.18,361.14,363.02,361.72,362.41,361.29,345.07
1124,359.93,358.36,360.83,361.16,361.12,363.0,361.62,362.37,361.25,345.1
1125,359.91,358.35,360.84,361.15,361.09,362.99,361.52,362.32,361.27,345.1
1126,359.92,358.33,360.84,361.13,361.09,362.99,361.47,362.27,361.31,345.13
1127,359.94,358.32,360.85,361.11,361.07,362.98,361.43,362.22,361.31,345.16
1128,359.96,358.3,360.86,361.09,361.05,362.97,361.41,362.2,361.33,345.18
1129,359.99,358.27,360.86,361.05,361.03,362.97,361.42,362.19,361.33,345.19
1130,360.01,358.25,360.88,361.03,361.0,362.96,361.45,362.2,361.33,345.21
1131,360.04,358.23,360.88,360.98,360.96,362.96,361.48,362.22,361.31,345.2
1132,360.09,358.2,360.89,360.95,360.92,362.96,361.51,362.24,361.3,345.2
1133,360.13,358.15,360.9,360.91,360.84,362.96,361.55,362.25,361.26,345.17
1134,360.15,358.13,360.91,360.88,360.78,362.94,361.57,362.25,361.24,345.16
1135,360.13,358.13,360.92,360.86,360.74,362.92,361.56,362.23,361.24,345.13
1136,360.13,358.13,360.92,360.89,360.69,362.89,361.52,362.19,361.23,345.11
1137,360.13,358.14,360.9,360.92,360.65,362.86,361.52,362.16,361.23,345.11
1138,360.17,358.14,360.9,360.96,360.62,362.84,361.51,362.14,361.2,345.1
1139,360.23,358.15,360.9,360.99,360.6,362.82,361.49,362.15,361.18,345.1
1140,360.23,358.16,360.9,361.03,360.58,362.82,361.46,362.17,361.18,345.09
1141,360.21,358.16,360.89,361.08,360.57,362.83,361.44,362.18,361.18,345.07
1142,360.19,358.15,360.89,361.11,360.57,362.83,361.38,362.19,361.17,345.04
1143,360.18,358.14,360.89,361.14,360.57,362.81,361.35,362.16,361.17,345.0
1144,360.18,358.14,360.9,361.18,360.6,362.82,361.37,362.14,361.13,344.98
1145,360.17,358.14,360.93,361.21,360.61,362.81,361.41,362.1,361.09,344.96
1146,360.15,358.14,360.93,361.22,360.63,362.81,361.43,362.07,361.02,344.92
1147,360.16,358.14,360.93,361.24,360.63,362.8,361.48,362.03,360.96,344.89
1148,360.15,358.11,360.93,361.25,360.62,362.8,361.5,361.99,360.89,344.85
1149,360.12,358.09,360.93,361.27,360.6,362.81,361.51,361.99,360.85,344.82
1150,360.1,358.11,360.94,361.27,360.6,362.83,361.53,362.0,360.83,344.82
1151,360.08,358.14,360.97,361.27,360.6,362.85,361.62,362.04,360.86,344.82
1152,360.04,358.15,360.97,361.27,360.59,362.87,361.66,362.07,360.92,344.82
1153,360.02,358.13,360.99,361.27,360.6,362.9,361.64,362.12,360.95,344.82
1154,360.01,358.11,360.99,361.27,360.63,362.9,361.64,362.19,360.99,344.82
1155,360.01,358.1,361.0,361.25,360.65,362.91,361.65,362.24,361.01,344.82
1156,360.01,358.09,361.0,361.24,360.67,362.91,361.6,362.23,361.04,344.82
1157,360.02,358.08,361.01,361.23,360.68,362.91,361.55,362.26,361.08,344.83
1158,360.03,358.09,361.03,361.21,360.7,362.9,361.57,362.32,361.1,344.83
1159,360.03,358.12,361.04,361.2,360.7,362.9,361.62,362.32,361.06,344.81
1160,360.05,358.17,361.03,361.19,360.7,362.89,361.69,362.31,360.96,344.75
1161,360.05,358.23,361.01,361.19,360.69,362.88,361.71,362.29,360.88,344.7
1162,360.06,358.27,361.01,361.18,360.7,362.88,361.71,362.27,360.84,344.68
1163,360.06,358.29,361.0,361.18,360.72,362.87,361.71,362.27,360.8,344.66
1164,360.08,358.31,361.0,361.15,360.75,362.85,361.71,362.26,360.76,344.65
1165,360.09,358.32,361.0,361.13,360.77,362.84,361.69,362.29,360.72,344.65
1166,360.1,358.31,361.01,361.12,360.81,362.83,361.69,362.3,360.72,344.66
1167,360.13,358.31,361.01,361.12,360.84,362.81,361.68,362.31,360.73,344.67
1168,360.12,358.3,361.01,361.12,360.85,362.8,361.67,362.32,360.74,344.67
1169,360.08,358.31,360.99,361.13,360.88,362.8,361.66,362.33,360.76,344.7
1170,360.01,358.34,360.99,361.14,360.89,362.8,361.66,362.32,360.81,344.76
1171,359.97,358.37,360.99,361.15,360.89,362.8,361.67,362.29,360.87,344.8
1172,359.94,358.4,360.98,361.14,360.88,362.81,361.7,362.33,360.93,344.83
1173,359.92,358.44,360.98,361.14,360.87,362.83,361.7,362.37,360.98,344.84
1174,359.91,358.48,360.97,361.14,360.87,362.83,361.66,362.41,361.02,344.83
1175,359.89,358.5,360.96,361.14,360.85,362.83,361.63,362.44,361.04,344.8
1176,359.91,358.55,360.95,361.13,360.83,362.82,361.63,362.46,361.05,344.78
1177,359.95,358.61,360.95,361.11,360.83,362.8,361.64,362.48,361.05,344.74
1178,360.01,358.69,360.94,361.1,360.82,362.78,361.61,362.48,360.99,344.68
1179,360.05,358.74,360.93,361.08,360.82,362.76,361.55,362.46,360.91,344.66
1180,360.11,358.75,360.94,361.07,360.83,362.75,361.52,362.39,360.84,344.65
1181,360.16,358.74,360.96,361.06,360.83,362.73,361.54,362.28,360.78,344.68
1182,360.19,358.75,360.97,361.05,360.83,362.74,361.58,362.18,360.74,344.69
1183,360.22,358.75,360.99,361.05,360.84,362.77,361.62,362.16,360.75,344.71
1184,360.26,358.75,361.0,361.06,360.85,362.78,361.63,362.19,360.78,344.74
1185,360.33,358.78,361.01,361.07,360.86,362.79,361.62,362.24,360.85,344.78
1186,360.38,358.83,361.02,361.08,360.88,362.81,361.61,362.28,360.89,344.81
1187,360.42,358.84,361.02,361.06,360.91,362.83,361.6,362.31,360.96,344.86
1188,360.42,358.81,361.02,361.06,360.93,362.84,361.58,362.32,361.04,344.9
1189,360.38,358.76,361.02,361.05,360.95,362.86,361.57,362.29,361.09,344.92
1190,360.32,358.69,361.04,361.03,360.96,362.88,361.57,362.22,361.17,344.93
1191,360.23,358.62,361.03,361.04,360.96,362.9,361.56,362.15,361.22,344.94
1192,360.15,358.56,361.0,361.05,360.97,362.92,361.57,362.06,361.26,344.95
1193,360.1,358.53,361.0,361.07,360.98,362.93,361.59,361.98,361.3,344.96
1194,360.05,358.49,360.97,361.07,360.98,362.93,361.62,361.94,361.33,344.94
1195,360.01,358.46,360.93,361.08,360.98,362.92,361.61,361.88,361.31,344.93
1196,359.98,358.41,360.88,361.09,360.97,362.9,361.61,361.84,361.29,344.93
1197,359.97,358.35,360.83,361.12,360.94,362.87,361.6,361.82,361.25,344.94
1198,359.96,358.32,360.79,361.16,360.93,362.85,361.61,361.84,361.22,344.97
1199,359.95,358.28,360.77,361.17,360.91,362.81,361.62,361.86,361.19,345.0
1200,359.95,358.24,360.76,361.17,360.89,362.78,361.62,361.87,361.18,345.01
1201,359.97,358.2,360.76,361.17,360.86,362.73,361.6,361.88,361.18,345.04
1202,359.99,358.17,360.75,361.16,360.86,362.7,361.57,361.88,361.2,345.05
1203,360.0,358.16,360.74,361.15,360.84,362.66,361.55,361.87,361.21,345.04
1204,360.01,358.17,360.73,361.16,360.82,362.63,361.53,361.83,361.24,345.04
1205,360.01,358.15,360.71,361.18,360.81,362.61,361.51,361.76,361.25,345.04
1206,360.03,358.17,360.7,361.21,360.81,362.6,361.53,361.72,361.23,345.06
1207,360.06,358.2,360.7,361.22,360.83,362.58,361.55,361.71,361.21,345.09
1208,360.07,358.23,360.69,361.26,360.85,362.58,361.58,361.71,361.17,345.12
1209,360.09,358.27,360.7,361.29,360.88,362.57,361.62,361.74,361.11,345.13
1210,360.12,358.31,360.71,361.31,360.91,362.59,361.65,361.83,361.0,345.12
1211,360.13,358.34,360.72,361.34,360.93,362.6,361.66,361.92,360.87,345.1
1212,360.14,358.36,360.72,361.35,360.94,362.59,361.67,362.0,360.73,345.07
1213,360.17,358.39,360.73,361.36,360.96,362.59,361.68,362.06,360.64,345.06
1214,360.21,358.41,360.74,361.36,360.98,362.61,361.67,362.08,360.56,345.04
1215,360.25,358.42,360.75,361.38,360.99,362.62,361.65,362.09,360.58,345.03
1216,360.25,358.42,360.76,361.39,361.01,362.66,361.64,362.09,360.61,345.02
1217,360.25,358.41,360.78,361.41,361.02,362.69,361.61,362.12,360.66,345.01
1218,360.23,358.4,360.81,361.43,361.02,362.72,361.6,362.15,360.71,345.01
1219,360.19,358.38,360.83,361.45,361.04,362.72,361.59,362.19,360.76,345.0
1220,360.16,358.37,360.86,361.46,361.06,362.75,361.61,362.19,360.83,345.01
1221,360.13,358.35,360.9,361.47,361.05,362.76,361.6,362.15,360.88,345.01
1222,360.11,358.31,360.94,361.48,361.06,362.79,361.61,362.05,360.94,345.0
1223,360.11,358.29,360.99,361.5,361.05,362.82,361.69,361.97,361.01,345.02
1224,360.11,358.27,361.02,361.51,361.04,362.85,361.74,361.95,361.05,345.02
1225,360.11,358.29,361.05,361.52,361.02,362.86,361.74,361.97,361.07,345.02
1226,360.11,358.3,361.07,361.52,361.03,362.88,361.74,362.05,361.1,345.03
1227,360.11,358.32,361.08,361.52,361.03,362.89,361.74,362.13,361.11,345.04
1228,360.14,358.36,361.09,361.52,361.04,362.89,361.73,362.17,361.12,345.06
1229,360.15,358.39,361.08,361.53,361.07,362.9,361.74,362.21,361.11,345.09
1230,360.17,358.41,361.08,361.54,361.08,362.88,361.73,362.24,361.1,345.1
1231,360.19,358.46,361.07,361.56,361.1,362.87,361.71,362.29,361.11,345.13
1232,360.2,358.5,361.09,361.59,361.14,362.9,361.69,362.35,361.11,345.16
1233,360.2,358.53,361.12,361.6,361.18,362.91,361.69,362.37,361.11,345.22
1234,360.18,358.54,361.14,361.62,361.21,362.93,361.7,362.39,361.11,345.27
1235,360.17,358.52,361.16,361.62,361.23,362.94,361.71,362.39,361.13,345.31
1236,360.17,358.49,361.18,361.64,361.26,362.97,361.75,362.35,361.15,345.36
1237,360.18,358.47,361.19,361.65,361.28,363.0,361.81,362.32,361.2,345.41
1238,360.19,358.45,361.22,361.66,361.33,363.03,361.86,362.33,361.23,345.44
1239,360.18,358.43,361.25,361.66,361.35,363.06,361.9,362.36,361.27,345.5
1240,360.15,358.42,361.26,361.64,361.38,363.08,361.95,362.45,361.31,345.55
1241,360.13,358.42,361.27,361.62,361.43,363.12,362.01,362.52,361.38,345.63
1242,360.11,358.41,361.24,361.61,361.46,363.13,362.03,362.55,361.46,345.68
1243,360.08,358.42,361.21,361.58,361.46,363.17,362.03,362.6,361.53,345.73
1244,360.05,358.41,361.18,361.57,361.48,363.19,362.04,362.63,361.61,345.78
1245,360.04,358.41,361.16,361.56,361.48,363.23,362.04,362.68,361.68,345.83
1246,360.06,358.4,361.14,361.56,361.48,363.25,362.08,362.72,361.74,345.88
1247,360.1,358.41,361.11,361.55,361.48,363.26,362.13,362.77,361.79,345.92
1248,360.14,358.41,361.09,361.56,361.49,363.28,362.17,362.79,361.83,345.95
1249,360.13,358.4,361.07,361.54,361.48,363.27,362.14,362.71,361.82,345.97
1250,360.01,358.23,360.97,361.46,361.42,363.22,361.97,362.51,361.62,345.94
1251,359.82,358.01,360.85,361.37,361.32,363.16,361.77,362.31,361.33,345.83
1252,359.67,357.89,360.77,361.25,361.24,363.07,361.62,362.13,361.12,345.71
1253,359.54,357.79,360.68,361.12,361.13,362.97,361.47,361.94,360.9,345.57
1254,359.4,357.7,360.6,361.01,361.03,362.87,361.31,361.78,360.68,345.43
1255,359.28,357.61,360.52,360.89,360.91,362.77,361.16,361.62,360.46,345.27
1256,359.18,357.53,360.42,360.8,360.81,362.69,361.01,361.51,360.23,345.12
1257,359.08,357.44,360.33,360.68,360.71,362.59,360.87,361.38,359.99,344.97
1258,358.99,357.36,360.22,360.56,360.59,362.48,360.73,361.26,359.76,344.8
1259,358.89,357.24,360.09,360.44,360.43,362.38,360.52,361.15,359.45,344.54
1260,358.8,357.14,359.95,360.33,360.26,362.28,360.35,361.02,359.17,344.24
1261,358.75,357.08,359.87,360.25,360.18,362.2,360.24,360.96,359.01,344.04
1262,358.7,357.02,359.79,360.14,360.08,362.11,360.13,360.86,358.84,343.84
1263,358.64,356.97,359.71,360.03,359.99,362.02,360.03,360.75,358.66,343.64
1264,358.6,356.94,359.65,359.93,359.9,361.93,359.94,360.65,358.48,343.46
1265,358.54,356.89,359.58,359.85,359.81,361.84,359.84,360.55,358.31,343.28
1266,358.49,356.84,359.51,359.77,359.73,361.75,359.74,360.48,358.17,343.1
1267,358.43,356.8,359.46,359.71,359.65,361.67,359.66,360.42,358.04,342.92
1268,358.36,356.74,359.39,359.65,359.55,361.57,359.54,360.35,357.92,342.64
1269,358.3,356.7,359.33,359.58,359.45,361.48,359.45,360.27,357.82,342.35
1270,358.26,356.68,359.29,359.53,359.38,361.43,359.4,360.24,357.76,342.18
1271,358.23,356.67,359.26,359.49,359.33,361.35,359.36,360.18,357.67,341.99
1272,358.19,356.66,359.23,359.43,359.27,361.27,359.32,360.14,357.57,341.82
1273,358.16,356.65,359.2,359.39,359.21,361.2,359.3,360.08,357.45,341.64
1274,358.13,356.63,359.17,359.34,359.16,361.13,359.26,360.02,357.37,341.47
1275,358.11,356.61,359.15,359.3,359.12,361.08,359.23,359.97,357.28,341.29
1276,358.07,356.6,359.12,359.27,359.06,361.03,359.21,359.92,357.22,341.11
1277,358.02,356.57,359.07,359.24,359.01,360.99,359.15,359.88,357.12,340.85
1278,357.97,356.54,359.03,359.22,358.94,360.95,359.11,359.84,356.98,340.6
1279,357.93,356.51,359.01,359.19,358.9,360.91,359.09,359.8,356.89,340.43
1280,357.9,356.49,358.97,359.15,358.85,360.87,359.06,359.76,356.81,340.29
1281,357.86,356.49,358.95,359.12,358.82,360.83,359.06,359.74,356.76,340.13
1282,357.85,356.47,358.93,359.09,358.79,360.8,359.03,359.69,356.74,339.97
1283,357.82,356.45,358.91,359.06,358.76,360.77,359.03,359.64,356.73,339.82
1284,357.8,356.43,358.89,359.04,358.73,360.74,359.01,359.62,356.74,339.66
1285,357.77,356.42,358.88,359.01,358.7,360.71,358.97,359.59,356.74,339.51
1286,357.73,356.41,358.86,358.99,358.67,360.69,358.89,359.55,356.73,339.29
1287,357.7,356.4,358.84,358.97,358.64,360.66,358.83,359.54,356.7,339.08
1288,357.7,356.39,358.83,358.95,358.61,360.64,358.82,359.51,356.67,338.93
1289,357.67,356.37,358.83,358.94,358.6,360.61,358.8,359.47,356.64,338.78
1290,357.65,356.35,358.81,358.91,358.58,360.58,358.78,359.42,356.59,338.63
1291,357.64,356.32,358.81,358.9,358.56,360.55,358.77,359.39,356.56,338.5
1292,357.62,356.32,358.81,358.89,358.55,360.53,358.76,359.35,356.52,338.36
1293,357.61,356.32,358.8,358.87,358.53,360.5,358.73,359.31,356.49,338.24
1294,357.6,356.32,358.8,358.86,358.51,360.48,358.71,359.27,356.47,338.1
1295,357.55,356.32,358.79,358.85,358.49,360.46,358.68,359.25,356.43,337.91
1296,357.5,356.32,358.77,358.84,358.49,360.44,358.66,359.22,356.37,337.71
1297,357.48,356.34,358.76,358.83,358.48,360.42,358.65,359.2,356.35,337.56
1298,357.46,356.35,358.75,358.83,358.46,360.41,358.64,359.19,356.31,337.42
1299,357.46,356.35,358.74,358.83,358.45,360.4,358.61,359.17,356.26,337.26
1300,357.45,356.35,358.74,358.83,358.45,360.39,358.59,359.14,356.19,337.12
1301,357.44,356.36,358.72,358.82,358.44,360.38,358.58,359.11,356.08,336.96
1302,357.45,356.36,358.71,358.82,358.44,360.36,358.56,359.07,355.94,336.81
1303,357.46,356.36,358.71,358.82,358.44,360.36,358.54,359.05,355.82,336.66
1304,357.47,356.38,358.7,358.82,358.42,360.35,358.48,359.02,355.66,336.44
1305,357.46,356.39,358.69,358.81,358.43,360.33,358.4,358.97,355.56,336.22
1306,357.45,356.39,358.69,358.8,358.41,360.32,358.29,358.93,355.49,336.07
1307,357.44,356.38,358.69,358.8,358.41,360.31,358.21,358.91,355.42,335.91
1308,357.44,356.36,358.69,358.79,358.41,360.3,358.19,358.89,355.35,335.76
1309,357.44,356.36,358.69,358.79,358.4,360.28,358.18,358.9,355.29,335.63
1310,357.42,356.35,358.69,358.78,358.39,360.27,358.2,358.91,355.27,335.51
1311,357.4,356.34,358.67,358.77,358.39,360.25,358.23,358.9,355.28,335.4
1312,357.39,356.34,358.67,358.78,358.38,360.25,358.24,358.91,355.31,335.3
1313,357.36,356.33,358.65,358.77,358.37,360.25,358.21,358.92,355.33,335.13
1314,357.33,356.34,358.66,358.77,358.37,360.23,358.21,358.91,355.38,334.99
1315,357.31,356.34,358.63,358.76,358.36,360.23,358.2,358.89,355.45,334.91
1316,357.28,356.34,358.63,358.76,358.35,360.22,358.21,358.88,355.53,334.84
1317,357.27,356.35,358.64,358.75,358.35,360.21,358.24,358.85,355.61,334.76
1318,357.26,356.37,358.63,358.74,358.34,360.21,358.27,358.85,355.68,334.66
1319,357.26,356.37,358.62,358.73,358.32,360.2,358.3,358.84,355.73,334.59
1320,357.25,356.37,358.61,358.72,358.32,360.19,358.32,358.84,355.76,334.52
