Time,TC1_tip,TC2,TC3,TC4,TC5,TC6,TC7,TC8,TC9,TC10,TC11,h,flux,abs,surf
0,360.68,360.03,359.97,360.36,359.65,361.21,358.6,358.65,354.75,333.08,343.71,0.1575,21250,3,0.98
1,360.74,360.16,360.0,360.41,359.68,361.27,358.79,358.91,355.31,332.93,343.78,0.1575,21250,3,0.98
2,360.88,360.37,360.08,360.49,359.76,361.34,359.09,359.2,356.02,332.94,343.79,0.1575,21250,3,0.98
3,360.99,360.51,360.15,360.55,359.83,361.4,359.3,359.42,356.5,333.01,343.69,0.1575,21250,3,0.98
4,361.1,360.63,360.21,360.67,359.9,361.49,359.52,359.74,356.94,333.09,343.71,0.1575,21250,3,0.98
5,361.21,360.75,360.28,360.77,359.98,361.55,359.74,360.04,357.31,333.2,343.73,0.1575,21250,3,0.98
6,361.31,360.84,360.35,360.88,360.07,361.62,359.9,360.3,357.53,333.3,343.75,0.1575,21250,3,0.98
7,361.39,360.88,360.4,361.0,360.15,361.68,360.03,360.52,357.65,333.39,343.79,0.1575,21250,3,0.98
8,361.47,360.94,360.46,361.12,360.23,361.77,360.15,360.73,357.74,333.49,343.76,0.1575,21250,3,0.98
9,361.56,360.94,360.54,361.24,360.36,361.86,360.39,360.91,357.82,333.68,343.7,0.1575,21250,3,0.98
10,361.65,360.89,360.61,361.32,360.46,361.91,360.62,361.02,358.0,333.86,343.77,0.1575,21250,3,0.98
11,361.67,360.83,360.64,361.4,360.52,361.98,360.75,361.17,358.14,333.98,343.89,0.1575,21250,3,0.98
12,361.65,360.8,360.67,361.47,360.58,362.05,360.86,361.31,358.28,334.09,343.85,0.1575,21250,3,0.98
13,361.66,360.8,360.69,361.53,360.64,362.13,360.97,361.41,358.41,334.21,343.89,0.1575,21250,3,0.98
14,361.68,360.83,360.74,361.6,360.69,362.21,361.1,361.45,358.52,334.31,344.05,0.1575,21250,3,0.98
15,361.7,360.87,360.78,361.68,360.73,362.29,361.19,361.42,358.64,334.4,344.11,0.1575,21250,3,0.98
16,361.72,360.9,360.83,361.75,360.77,362.37,361.31,361.4,358.74,334.48,344.1,0.1575,21250,3,0.98
17,361.74,360.92,360.86,361.79,360.8,362.43,361.39,361.43,358.81,334.55,344.1,0.1575,21250,3,0.98
18,361.77,360.93,360.9,361.85,360.82,362.5,361.43,361.55,358.84,334.61,344.08,0.1575,21250,3,0.98
19,361.84,360.94,360.94,361.89,360.89,362.55,361.46,361.74,358.81,334.71,344.01,0.1575,21250,3,0.98
20,361.9,360.95,360.98,361.91,360.94,362.6,361.47,361.87,358.82,334.8,344.03,0.1575,21250,3,0.98
21,361.97,360.97,361.0,361.93,360.97,362.65,361.51,361.92,358.82,334.88,343.95,0.1575,21250,3,0.98
22,362.05,360.99,361.04,361.93,360.99,362.69,361.57,361.98,358.78,334.96,344.05,0.1575,21250,3,0.98
23,362.13,361.02,361.06,361.92,361.01,362.74,361.61,362.05,358.73,335.05,344.03,0.1575,21250,3,0.98
24,362.2,361.08,361.09,361.92,361.03,362.77,361.66,362.09,358.73,335.14,344.06,0.1575,21250,3,0.98
25,362.27,361.11,361.11,361.94,361.04,362.83,361.71,362.13,358.76,335.24,344.04,0.1575,21250,3,0.98
26,362.33,361.12,361.14,361.94,361.07,362.88,361.75,362.12,358.81,335.36,344.08,0.1575,21250,3,0.98
27,362.42,361.15,361.16,361.94,361.1,362.92,361.76,362.13,358.9,335.53,344.09,0.1575,21250,3,0.98
28,362.51,361.21,361.2,361.92,361.11,362.94,361.75,362.18,358.99,335.7,344.12,0.1575,21250,3,0.98
29,362.57,361.25,361.2,361.91,361.1,362.96,361.73,362.21,359.06,335.81,344.17,0.1575,21250,3,0.98
30,362.61,361.27,361.23,361.89,361.09,362.96,361.72,362.2,359.16,335.93,344.18,0.1575,21250,3,0.98
31,362.62,361.31,361.25,361.86,361.07,362.96,361.74,362.18,359.29,336.05,344.15,0.1575,21250,3,0.98
32,362.64,361.35,361.27,361.81,361.05,362.95,361.76,362.15,359.47,336.17,344.23,0.1575,21250,3,0.98
33,362.69,361.4,361.27,361.75,361.03,362.94,361.75,362.16,359.61,336.31,344.3,0.1575,21250,3,0.98
34,362.69,361.42,361.28,361.69,361.01,362.95,361.75,362.2,359.78,336.46,344.24,0.1575,21250,3,0.98
35,362.72,361.43,361.3,361.64,361.02,362.96,361.75,362.27,359.96,336.61,344.27,0.1575,21250,3,0.98
36,362.75,361.41,361.33,361.63,361.03,362.96,361.76,362.34,360.14,336.78,344.33,0.1575,21250,3,0.98
37,362.78,361.38,361.38,361.62,361.04,362.94,361.77,362.38,360.27,336.94,344.35,0.1575,21250,3,0.98
38,362.81,361.33,361.39,361.65,361.05,362.93,361.78,362.36,360.34,337.07,344.47,0.1575,21250,3,0.98
39,362.85,361.27,361.41,361.68,361.07,362.89,361.77,362.27,360.42,337.2,344.42,0.1575,21250,3,0.98
40,362.88,361.19,361.41,361.73,361.07,362.87,361.76,362.29,360.51,337.35,344.39,0.1575,21250,3,0.98
41,362.88,361.1,361.4,361.8,361.08,362.84,361.73,362.39,360.61,337.52,344.26,0.1575,21250,3,0.98
42,362.88,361.05,361.37,361.86,361.09,362.85,361.7,362.44,360.69,337.71,344.3,0.1575,21250,3,0.98
43,362.87,361.05,361.31,361.89,361.1,362.85,361.7,362.44,360.71,337.94,344.37,0.1575,21250,3,0.98
44,362.88,361.08,361.26,361.91,361.1,362.86,361.71,362.46,360.72,338.14,344.39,0.1575,21250,3,0.98
45,362.87,361.11,361.2,361.9,361.12,362.86,361.67,362.48,360.77,338.34,344.4,0.1575,21250,3,0.98
46,362.85,361.12,361.17,361.87,361.15,362.86,361.61,362.48,360.79,338.44,344.35,0.1575,21250,3,0.98
47,362.83,361.14,361.15,361.84,361.17,362.86,361.59,362.46,360.76,338.49,344.39,0.1575,21250,3,0.98
48,362.79,361.13,361.11,361.82,361.18,362.87,361.59,362.42,360.72,338.55,344.34,0.1575,21250,3,0.98
49,362.75,361.15,361.08,361.8,361.2,362.87,361.62,362.35,360.71,338.63,344.48,0.1575,21250,3,0.98
50,362.73,361.17,361.05,361.79,361.2,362.9,361.63,362.16,360.74,338.7,344.56,0.1575,21250,3,0.98
51,362.7,361.18,361.02,361.8,361.21,362.92,361.66,362.05,360.78,338.77,344.59,0.1575,21250,3,0.98
52,362.66,361.19,361.0,361.81,361.21,362.95,361.71,362.05,360.84,338.86,344.61,0.1575,21250,3,0.98
53,362.64,361.21,360.98,361.83,361.2,362.97,361.73,362.12,360.84,338.96,344.59,0.1575,21250,3,0.98
54,362.61,361.21,360.97,361.84,361.2,362.99,361.73,362.22,360.8,339.04,344.54,0.1575,21250,3,0.98
55,362.4,361.12,360.95,361.83,361.18,362.98,361.75,362.33,360.73,339.18,344.56,0.1575,21250,3,0.98
56,362.21,360.99,360.95,361.82,361.15,362.99,361.78,362.37,360.69,339.37,344.54,0.1575,21250,3,0.98
57,362.09,360.92,360.95,361.82,361.13,362.99,361.77,362.25,360.7,339.52,344.55,0.1575,21250,3,0.98
58,361.99,360.87,360.96,361.82,361.09,363.0,361.76,362.22,360.77,339.66,344.56,0.1575,21250,3,0.98
59,361.9,360.82,360.96,361.82,361.06,363.01,361.67,362.24,360.81,339.79,344.59,0.1575,21250,3,0.98
60,361.84,360.78,360.97,361.81,361.04,363.02,361.52,362.31,360.82,339.9,344.48,0.1575,21250,3,0.98
61,361.8,360.76,360.99,361.82,361.04,363.03,361.3,362.37,360.81,340.01,344.54,0.1575,21250,3,0.98
62,361.74,360.72,361.0,361.79,361.04,363.02,361.09,362.31,360.81,340.11,344.56,0.1575,21250,3,0.98
63,361.72,360.67,361.01,361.79,361.06,363.0,360.93,362.23,360.85,340.21,344.81,0.1575,21250,3,0.98
64,361.65,360.57,361.01,361.78,361.07,362.98,360.87,362.18,360.94,340.32,344.67,0.1575,21250,3,0.98
65,361.6,360.5,360.99,361.78,361.06,362.96,360.96,362.13,361.01,340.4,344.65,0.1575,21250,3,0.98
66,361.6,360.47,360.96,361.76,361.07,362.93,361.04,362.1,361.01,340.44,344.66,0.1575,21250,3,0.98
67,361.64,360.42,360.93,361.77,361.07,362.91,361.14,362.11,360.98,340.48,344.7,0.1575,21250,3,0.98
68,361.69,360.4,360.9,361.79,361.08,362.89,361.24,362.13,360.95,340.53,344.77,0.1575,21250,3,0.98
69,361.72,360.38,360.88,361.79,361.09,362.86,361.33,362.14,360.89,340.61,344.84,0.1575,21250,3,0.98
70,361.71,360.33,360.83,361.78,361.1,362.84,361.38,362.15,360.83,340.68,344.9,0.1575,21250,3,0.98
71,361.68,360.31,360.78,361.78,361.12,362.83,361.4,362.18,360.78,340.72,344.93,0.1575,21250,3,0.98
72,361.61,360.28,360.73,361.78,361.13,362.82,361.41,362.2,360.72,340.75,344.9,0.1575,21250,3,0.98
73,361.51,360.22,360.68,361.78,361.17,362.81,361.43,362.19,360.62,340.75,344.91,0.1575,21250,3,0.98
74,361.42,360.13,360.63,361.76,361.17,362.8,361.46,362.16,360.5,340.76,344.87,0.1575,21250,3,0.98
75,361.4,360.1,360.63,361.74,361.18,362.79,361.51,362.12,360.46,340.82,344.88,0.1575,21250,3,0.98
76,361.41,360.06,360.62,361.66,361.18,362.78,361.56,362.09,360.37,340.87,345.05,0.1575,21250,3,0.98
77,361.4,360.02,360.62,361.58,361.17,362.77,361.61,362.09,360.28,340.93,345.02,0.1575,21250,3,0.98
78,361.41,359.99,360.62,361.51,361.14,362.74,361.64,362.09,360.16,340.98,345.1,0.1575,21250,3,0.98
79,361.42,359.97,360.63,361.45,361.13,362.71,361.66,362.1,360.0,341.08,345.1,0.1575,21250,3,0.98
80,361.45,359.95,360.63,361.4,361.09,362.7,361.66,362.11,359.84,341.15,345.08,0.1575,21250,3,0.98
81,361.47,359.92,360.62,361.34,361.05,362.67,361.66,362.07,359.76,341.25,345.07,0.1575,21250,3,0.98
82,361.49,359.89,360.62,361.28,360.97,362.64,361.66,362.01,359.71,341.37,345.14,0.1575,21250,3,0.98
83,361.48,359.88,360.6,361.24,360.89,362.64,361.67,362.0,359.77,341.48,345.32,0.1575,21250,3,0.98
84,361.45,359.88,360.61,361.2,360.84,362.62,361.67,362.01,359.89,341.55,345.29,0.1575,21250,3,0.98
85,361.44,359.89,360.61,361.15,360.78,362.62,361.67,362.05,359.95,341.64,345.21,0.1575,21250,3,0.98
86,361.4,359.89,360.61,361.11,360.75,362.63,361.65,362.1,359.92,341.77,345.05,0.1575,21250,3,0.98
87,361.39,359.88,360.63,361.09,360.72,362.64,361.64,362.13,359.88,341.92,345.16,0.1575,21250,3,0.98
88,361.36,359.91,360.63,361.07,360.69,362.63,361.62,362.15,359.92,342.08,345.26,0.1575,21250,3,0.98
89,361.33,359.94,360.65,361.05,360.67,362.64,361.62,362.13,360.0,342.26,345.0,0.1575,21250,3,0.98
90,361.35,359.97,360.66,361.06,360.68,362.63,361.64,362.07,360.07,342.43,345.05,0.1575,21250,3,0.98
91,361.44,359.95,360.66,361.06,360.68,362.61,361.67,361.96,360.14,342.65,345.27,0.1575,21250,3,0.98
92,361.5,359.89,360.63,361.06,360.68,362.6,361.69,361.86,360.18,342.81,345.2,0.1575,21250,3,0.98
93,361.53,359.86,360.63,361.04,360.7,362.59,361.7,361.8,360.24,342.9,345.17,0.1575,21250,3,0.98
94,361.53,359.82,360.62,361.03,360.7,362.59,361.64,361.8,360.33,342.95,345.19,0.1575,21250,3,0.98
95,361.49,359.77,360.61,361.01,360.7,362.6,361.59,361.83,360.43,342.99,345.24,0.1575,21250,3,0.98
96,361.43,359.73,360.59,361.0,360.68,362.6,361.53,361.88,360.53,343.0,345.31,0.1575,21250,3,0.98
97,361.35,359.73,360.58,361.0,360.65,362.61,361.48,361.94,360.58,342.99,345.36,0.1575,21250,3,0.98
98,361.26,359.72,360.56,361.01,360.63,362.61,361.43,362.0,360.61,342.98,345.36,0.1575,21250,3,0.98
99,361.19,359.74,360.53,361.01,360.61,362.6,361.37,362.07,360.65,342.98,345.39,0.1575,21250,3,0.98
100,361.23,359.75,360.51,360.99,360.6,362.59,361.32,362.15,360.7,343.02,345.36,0.1575,21250,3,0.98
101,361.3,359.76,360.5,360.97,360.61,362.58,361.3,362.19,360.74,343.07,345.46,0.1575,21250,3,0.98
102,361.36,359.77,360.49,360.93,360.62,362.57,361.26,362.23,360.79,343.14,345.41,0.1575,21250,3,0.98
103,361.4,359.8,360.49,360.89,360.63,362.55,361.22,362.26,360.83,343.19,345.34,0.1575,21250,3,0.98
104,361.45,359.81,360.46,360.84,360.65,362.55,361.22,362.28,360.86,343.25,345.35,0.1575,21250,3,0.98
105,361.5,359.8,360.44,360.83,360.66,362.57,361.23,362.29,360.91,343.32,345.35,0.1575,21250,3,0.98
106,361.56,359.79,360.42,360.82,360.68,362.57,361.23,362.28,360.97,343.37,345.44,0.1575,21250,3,0.98
107,361.59,359.79,360.41,360.83,360.69,362.57,361.22,362.27,361.04,343.42,345.56,0.1575,21250,3,0.98
108,361.61,359.83,360.41,360.85,360.7,362.56,361.22,362.26,361.09,343.47,345.57,0.1575,21250,3,0.98
109,361.59,359.87,360.41,360.89,360.7,362.56,361.21,362.26,361.1,343.5,345.48,0.1575,21250,3,0.98
110,361.51,359.84,360.41,360.91,360.68,362.54,361.19,362.24,361.03,343.55,345.6,0.1575,21250,3,0.98
111,361.45,359.73,360.42,360.94,360.68,362.51,361.17,362.23,360.97,343.61,345.66,0.1575,21250,3,0.98
112,361.37,359.61,360.42,360.96,360.65,362.46,361.14,362.23,360.92,343.67,345.56,0.1575,21250,3,0.98
113,361.32,359.56,360.39,360.98,360.63,362.43,361.16,362.22,360.92,343.75,345.48,0.1575,21250,3,0.98
114,361.31,359.53,360.38,360.99,360.61,362.38,361.16,362.2,360.94,343.83,345.47,0.1575,21250,3,0.98
115,361.29,359.54,360.37,360.99,360.58,362.35,361.2,362.19,360.99,343.93,345.6,0.1575,21250,3,0.98
116,361.28,359.56,360.38,360.99,360.57,362.33,361.24,362.18,361.06,344.04,345.61,0.1575,21250,3,0.98
117,361.28,359.59,360.4,361.0,360.56,362.33,361.27,362.18,361.12,344.16,345.75,0.1575,21250,3,0.98
118,361.25,359.62,360.43,360.99,360.55,362.31,361.28,362.18,361.21,344.34,345.76,0.1575,21250,3,0.98
119,361.23,359.63,360.45,361.0,360.55,362.31,361.29,362.18,361.28,344.52,345.62,0.1575,21250,3,0.98
120,361.19,359.6,360.45,361.01,360.55,362.33,361.3,362.17,361.32,344.63,345.58,0.1575,21250,3,0.98
121,361.15,359.58,360.43,361.02,360.56,362.35,361.32,362.16,361.37,344.74,345.51,0.1575,21250,3,0.98
122,361.09,359.6,360.39,361.04,360.55,362.36,361.35,362.15,361.4,344.82,345.53,0.1575,21250,3,0.98
123,361.02,359.65,360.36,361.04,360.56,362.37,361.37,362.13,361.45,344.92,345.65,0.1575,21250,3,0.98
124,360.98,359.67,360.35,361.04,360.57,362.39,361.43,362.11,361.49,345.0,345.82,0.1575,21250,3,0.98
125,360.96,359.64,360.32,361.04,360.58,362.4,361.46,362.15,361.51,345.03,345.65,0.1575,21250,3,0.98
126,360.93,359.6,360.29,361.04,360.58,362.42,361.5,362.21,361.52,345.09,345.72,0.1575,21250,3,0.98
127,360.92,359.49,360.26,361.05,360.6,362.43,361.52,362.26,361.49,345.16,345.71,0.1575,21250,3,0.98
128,360.89,359.41,360.23,361.05,360.61,362.43,361.5,362.28,361.45,345.23,345.73,0.1575,21250,3,0.98
129,360.89,359.39,360.24,361.06,360.63,362.43,361.45,362.29,361.42,345.29,345.89,0.1575,21250,3,0.98
130,360.89,359.39,360.27,361.07,360.63,362.43,361.41,362.32,361.39,345.33,345.85,0.1575,21250,3,0.98
131,360.93,359.42,360.31,361.07,360.63,362.43,361.36,362.34,361.37,345.35,345.69,0.1575,21250,3,0.98
132,360.99,359.45,360.34,361.06,360.63,362.44,361.29,362.34,361.34,345.35,345.65,0.1575,21250,3,0.98
133,361.06,359.49,360.37,361.05,360.63,362.45,361.25,362.32,361.35,345.36,345.87,0.1575,21250,3,0.98
134,361.12,359.53,360.39,361.03,360.62,362.44,361.25,362.28,361.35,345.39,345.91,0.1575,21250,3,0.98
135,361.19,359.6,360.41,361.04,360.65,362.44,361.28,362.22,361.37,345.45,345.87,0.1575,21250,3,0.98
136,361.21,359.65,360.43,361.04,360.67,362.44,361.3,362.22,361.39,345.51,345.83,0.1575,21250,3,0.98
137,361.18,359.61,360.43,361.05,360.66,362.43,361.32,362.25,361.38,345.55,346.02,0.1575,21250,3,0.98
138,361.2,359.57,360.45,361.08,360.66,362.41,361.35,362.3,361.35,345.6,345.96,0.1575,21250,3,0.98
139,361.2,359.52,360.45,361.1,360.66,362.4,361.4,362.32,361.36,345.67,345.9,0.1575,21250,3,0.98
140,361.2,359.5,360.45,361.13,360.66,362.38,361.45,362.31,361.4,345.73,345.76,0.1575,21250,3,0.98
141,361.2,359.48,360.44,361.15,360.66,362.34,361.49,362.29,361.43,345.78,345.69,0.1575,21250,3,0.98
142,361.2,359.42,360.42,361.16,360.66,362.31,361.51,362.29,361.46,345.82,345.75,0.1575,21250,3,0.98
143,361.19,359.38,360.41,361.17,360.67,362.27,361.52,362.3,361.49,345.86,345.66,0.1575,21250,3,0.98
144,361.15,359.37,360.38,361.19,360.67,362.22,361.51,362.3,361.5,345.88,345.74,0.1575,21250,3,0.98
145,361.14,359.34,360.35,361.19,360.67,362.18,361.5,362.3,361.52,345.95,345.67,0.1575,21250,3,0.98
146,361.17,359.32,360.33,361.19,360.66,362.14,361.49,362.31,361.5,346.0,345.8,0.1575,21250,3,0.98
147,361.16,359.32,360.32,361.18,360.65,362.12,361.49,362.31,361.48,346.06,345.89,0.1575,21250,3,0.98
148,361.1,359.29,360.29,361.17,360.64,362.13,361.48,362.3,361.47,346.11,345.96,0.1575,21250,3,0.98
149,361.04,359.27,360.29,361.15,360.64,362.16,361.5,362.3,361.48,346.17,346.01,0.1575,21250,3,0.98
150,361.0,359.24,360.29,361.14,360.64,362.18,361.53,362.29,361.49,346.23,346.05,0.1575,21250,3,0.98
151,360.99,359.23,360.3,361.13,360.65,362.22,361.55,362.28,361.5,346.29,346.09,0.1575,21250,3,0.98
152,360.99,359.2,360.28,361.12,360.65,362.26,361.55,362.27,361.51,346.34,346.15,0.1575,21250,3,0.98
153,361.01,359.19,360.29,361.11,360.65,362.3,361.56,362.3,361.53,346.39,346.06,0.1575,21250,3,0.98
154,361.01,359.13,360.28,361.09,360.65,362.33,361.56,362.33,361.56,346.48,345.97,0.1575,21250,3,0.98
155,360.97,359.1,360.27,361.07,360.67,362.36,361.58,362.37,361.61,346.56,345.96,0.1575,21250,3,0.98
156,360.96,359.09,360.27,361.05,360.67,362.38,361.58,362.41,361.64,346.58,345.98,0.1575,21250,3,0.98
157,360.96,359.07,360.28,361.06,360.66,362.41,361.6,362.43,361.68,346.59,346.09,0.1575,21250,3,0.98
158,361.0,359.07,360.29,361.06,360.66,362.43,361.64,362.45,361.71,346.62,346.05,0.1575,21250,3,0.98
159,361.06,359.08,360.3,361.09,360.66,362.45,361.67,362.47,361.75,346.68,346.06,0.1575,21250,3,0.98
160,361.14,359.09,360.31,361.1,360.66,362.45,361.7,362.4,361.76,346.74,345.94,0.1575,21250,3,0.98
161,361.2,359.09,360.3,361.11,360.65,362.44,361.73,362.43,361.76,346.82,345.93,0.1575,21250,3,0.98
162,361.29,359.12,360.24,361.1,360.64,362.43,361.78,362.47,361.73,346.88,346.08,0.1575,21250,3,0.98
163,361.33,359.13,360.16,361.1,360.62,362.42,361.8,362.48,361.67,346.92,345.98,0.1575,21250,3,0.98
164,361.28,359.09,360.12,361.08,360.59,362.4,361.8,362.49,361.61,346.92,346.01,0.1575,21250,3,0.98
165,361.18,359.03,360.1,361.06,360.57,362.38,361.83,362.46,361.52,346.92,346.02,0.1575,21250,3,0.98
166,361.05,358.99,360.09,361.04,360.56,362.36,361.84,362.45,361.42,346.93,346.0,0.1575,21250,3,0.98
167,360.95,358.96,360.08,361.0,360.55,362.34,361.84,362.48,361.29,346.94,346.01,0.1575,21250,3,0.98
168,360.84,358.93,360.07,360.97,360.53,362.3,361.83,362.48,361.21,346.96,346.13,0.1575,21250,3,0.98
169,360.77,358.9,360.05,360.96,360.51,362.28,361.8,362.49,361.16,346.99,346.02,0.1575,21250,3,0.98
170,360.74,358.86,360.04,360.93,360.5,362.26,361.77,362.52,361.15,347.04,346.04,0.1575,21250,3,0.98
171,360.75,358.87,360.03,360.91,360.5,362.24,361.75,362.52,361.16,347.07,346.07,0.1575,21250,3,0.98
172,360.75,358.9,360.03,360.89,360.5,362.22,361.74,362.46,361.13,347.1,345.94,0.1575,21250,3,0.98
173,360.72,358.9,360.03,360.86,360.49,362.2,361.71,362.39,361.1,347.1,345.91,0.1575,21250,3,0.98
174,360.69,358.88,360.05,360.84,360.47,362.17,361.66,362.34,361.07,347.09,345.97,0.1575,21250,3,0.98
175,360.66,358.87,360.07,360.83,360.48,362.12,361.61,362.3,361.04,347.07,346.03,0.1575,21250,3,0.98
176,360.65,358.87,360.09,360.82,360.48,362.09,361.56,362.26,361.06,347.06,346.06,0.1575,21250,3,0.98
177,360.66,358.87,360.08,360.82,360.49,362.06,361.53,362.21,361.08,347.06,346.23,0.1575,21250,3,0.98
178,360.65,358.87,360.08,360.81,360.48,362.05,361.49,362.2,361.12,347.02,346.31,0.1575,21250,3,0.98
179,360.64,358.88,360.07,360.78,360.48,362.06,361.46,362.17,361.17,347.0,346.2,0.1575,21250,3,0.98
180,360.64,358.85,360.08,360.76,360.49,362.07,361.45,362.14,361.24,346.95,346.13,0.1575,21250,3,0.98
181,360.67,358.84,360.09,360.74,360.47,362.08,361.45,362.12,361.29,346.89,346.2,0.1575,21250,3,0.98
182,360.68,358.83,360.09,360.75,360.45,362.1,361.44,362.07,361.3,346.87,346.22,0.1575,21250,3,0.98
183,360.68,358.79,360.1,360.74,360.42,362.11,361.45,362.01,361.29,346.86,346.18,0.1575,21250,3,0.98
184,360.69,358.72,360.1,360.73,360.41,362.13,361.44,361.98,361.25,346.88,346.15,0.1575,21250,3,0.98
185,360.7,358.67,360.1,360.72,360.39,362.13,361.42,361.99,361.22,346.9,346.17,0.1575,21250,3,0.98
186,360.67,358.63,360.1,360.69,360.37,362.14,361.42,362.02,361.2,346.93,346.24,0.1575,21250,3,0.98
187,360.65,358.62,360.1,360.71,360.35,362.15,361.41,362.02,361.23,346.96,346.24,0.1575,21250,3,0.98
188,360.65,358.63,360.1,360.73,360.34,362.14,361.38,361.98,361.28,346.96,346.21,0.1575,21250,3,0.98
189,360.6,358.66,360.1,360.75,360.32,362.16,361.29,361.93,361.32,346.96,346.13,0.1575,21250,3,0.98
190,360.53,358.71,360.1,360.78,360.32,362.17,361.2,361.92,361.31,346.96,346.11,0.1575,21250,3,0.98
191,360.45,358.76,360.08,360.81,360.32,362.18,361.16,361.9,361.28,346.98,346.2,0.1575,21250,3,0.98
192,360.37,358.78,360.09,360.82,360.32,362.19,361.15,361.9,361.23,346.98,346.18,0.1575,21250,3,0.98
193,360.29,358.79,360.07,360.84,360.33,362.19,361.17,361.85,361.19,346.98,346.23,0.1575,21250,3,0.98
194,360.26,358.78,360.07,360.87,360.33,362.21,361.19,361.75,361.13,346.96,346.23,0.1575,21250,3,0.98
195,360.26,358.76,360.07,360.88,360.34,362.22,361.27,361.71,361.08,346.91,346.25,0.1575,21250,3,0.98
196,360.28,358.74,360.09,360.89,360.35,362.23,361.34,361.79,361.03,346.86,346.21,0.1575,21250,3,0.98
197,360.33,358.75,360.1,360.9,360.36,362.22,361.41,361.89,360.97,346.82,346.25,0.1575,21250,3,0.98
198,360.42,358.78,360.12,360.92,360.36,362.21,361.46,361.95,360.92,346.78,346.46,0.1575,21250,3,0.98
199,360.56,358.81,360.15,360.92,360.38,362.2,361.51,361.95,360.82,346.71,346.42,0.1575,21250,3,0.98
200,360.64,358.81,360.16,360.93,360.4,362.18,361.55,361.92,360.64,346.62,346.44,0.1575,21250,3,0.98
201,360.68,358.78,360.16,360.94,360.4,362.18,361.56,361.9,360.46,346.57,346.37,0.1575,21250,3,0.98
202,360.7,358.72,360.17,360.94,360.41,362.17,361.57,361.87,360.22,346.5,346.35,0.1575,21250,3,0.98
203,360.72,358.63,360.18,360.94,360.42,362.17,361.58,361.82,359.98,346.44,346.44,0.1575,21250,3,0.98
204,360.74,358.58,360.19,360.95,360.42,362.18,361.55,361.79,359.73,346.38,346.38,0.1575,21250,3,0.98
205,360.73,358.56,360.19,360.93,360.42,362.18,361.54,361.81,359.49,346.35,346.37,0.1575,21250,3,0.98
206,360.69,358.52,360.18,360.95,360.43,362.2,361.53,361.85,359.28,346.35,346.53,0.1575,21250,3,0.98
207,360.63,358.48,360.17,360.93,360.42,362.2,361.56,361.82,359.15,346.34,346.39,0.1575,21250,3,0.98
208,360.57,358.46,360.16,360.93,360.41,362.21,361.59,361.68,359.13,346.36,346.33,0.1575,21250,3,0.98
209,360.53,358.47,360.14,360.91,360.39,362.24,361.61,361.63,359.26,346.38,346.4,0.1575,21250,3,0.98
210,360.52,358.48,360.13,360.89,360.37,362.24,361.63,361.68,359.4,346.42,346.38,0.1575,21250,3,0.98
211,360.51,358.47,360.12,360.86,360.35,362.22,361.64,361.84,359.56,346.46,346.38,0.1575,21250,3,0.98
212,360.5,358.47,360.11,360.82,360.35,362.21,361.66,362.01,359.72,346.5,346.31,0.1575,21250,3,0.98
213,360.46,358.43,360.09,360.78,360.34,362.19,361.67,362.09,359.86,346.56,346.48,0.1575,21250,3,0.98
214,360.42,358.38,360.12,360.72,360.35,362.14,361.69,362.16,360.03,346.6,346.47,0.1575,21250,3,0.98
215,360.37,358.32,360.12,360.66,360.34,362.1,361.69,362.2,360.2,346.65,346.45,0.1575,21250,3,0.98
216,360.28,358.29,360.1,360.64,360.35,362.07,361.69,362.2,360.46,346.72,346.44,0.1575,21250,3,0.98
217,360.19,358.23,360.07,360.62,360.35,362.03,361.65,362.18,360.72,346.79,346.42,0.1575,21250,3,0.98
218,360.13,358.19,360.04,360.61,360.35,362.01,361.62,362.15,360.87,346.81,346.37,0.1575,21250,3,0.98
219,360.15,358.2,360.02,360.62,360.33,361.99,361.59,362.16,361.02,346.85,346.47,0.1575,21250,3,0.98
220,360.17,358.22,360.02,360.65,360.32,361.98,361.56,362.19,361.13,346.86,346.47,0.1575,21250,3,0.98
221,360.22,358.27,360.01,360.67,360.3,361.94,361.54,362.21,361.2,346.89,346.52,0.1575,21250,3,0.98
222,360.27,358.29,360.02,360.71,360.29,361.91,361.56,362.19,361.25,346.93,346.63,0.1575,21250,3,0.98
223,360.33,358.27,360.01,360.71,360.27,361.87,361.57,362.18,361.27,346.98,346.68,0.1575,21250,3,0.98
224,360.36,358.26,360.01,360.72,360.25,361.84,361.58,362.15,361.28,347.03,346.57,0.1575,21250,3,0.98
225,360.42,358.29,360.01,360.68,360.22,361.82,361.58,362.14,361.34,347.1,346.44,0.1575,21250,3,0.98
226,360.48,358.31,360.03,360.65,360.19,361.81,361.56,362.18,361.35,347.19,346.44,0.1575,21250,3,0.98
227,360.55,358.31,360.04,360.61,360.17,361.81,361.54,362.21,361.33,347.24,346.48,0.1575,21250,3,0.98
228,360.61,358.31,360.06,360.59,360.15,361.81,361.52,362.23,361.32,347.27,346.36,0.1575,21250,3,0.98
229,360.63,358.34,360.08,360.59,360.13,361.81,361.52,362.27,361.29,347.29,346.53,0.1575,21250,3,0.98
230,360.64,358.38,360.12,360.61,360.13,361.81,361.51,362.31,361.23,347.3,346.57,0.1575,21250,3,0.98
231,360.62,358.44,360.15,360.63,360.14,361.82,361.52,362.34,361.15,347.31,346.54,0.1575,21250,3,0.98
232,360.64,358.51,360.16,360.64,360.15,361.84,361.52,362.37,361.07,347.3,346.49,0.1575,21250,3,0.98
233,360.66,358.56,360.17,360.64,360.16,361.89,361.52,362.39,361.02,347.25,346.58,0.1575,21250,3,0.98
234,360.71,358.57,360.17,360.64,360.19,361.91,361.5,362.39,360.94,347.18,346.56,0.1575,21250,3,0.98
235,360.72,358.48,360.2,360.62,360.21,361.96,361.51,362.39,360.83,347.09,346.45,0.1575,21250,3,0.98
236,360.65,358.32,360.23,360.61,360.21,362.02,361.52,362.38,360.73,347.03,346.5,0.1575,21250,3,0.98
237,360.6,358.22,360.22,360.6,360.21,362.06,361.51,362.38,360.65,346.99,346.55,0.1575,21250,3,0.98
238,360.58,358.17,360.21,360.59,360.2,362.08,361.49,362.4,360.61,346.95,346.59,0.1575,21250,3,0.98
239,360.58,358.14,360.17,360.59,360.19,362.11,361.51,362.43,360.59,346.92,346.56,0.1575,21250,3,0.98
240,360.58,358.13,360.15,360.58,360.2,362.1,361.53,362.46,360.61,346.89,346.55,0.1575,21250,3,0.98
241,360.52,358.16,360.14,360.57,360.19,362.11,361.55,362.47,360.64,346.87,346.52,0.1575,21250,3,0.98
242,360.43,358.17,360.13,360.55,360.2,362.1,361.58,362.46,360.68,346.85,346.46,0.1575,21250,3,0.98
243,360.31,358.22,360.12,360.53,360.19,362.09,361.62,362.45,360.67,346.84,346.49,0.1575,21250,3,0.98
244,360.22,358.26,360.12,360.51,360.19,362.07,361.65,362.43,360.61,346.81,346.5,0.1575,21250,3,0.98
245,360.16,358.26,360.12,360.49,360.19,362.07,361.67,362.41,360.49,346.79,346.76,0.1575,21250,3,0.98
246,360.13,358.26,360.13,360.49,360.19,362.07,361.67,362.4,360.34,346.78,346.75,0.1575,21250,3,0.98
247,360.13,358.25,360.13,360.46,360.2,362.06,361.65,362.38,360.24,346.77,346.53,0.1575,21250,3,0.98
248,360.15,358.23,360.13,360.47,360.18,362.07,361.64,362.37,360.2,346.75,346.55,0.1575,21250,3,0.98
249,360.15,358.2,360.12,360.47,360.18,362.08,361.62,362.32,360.23,346.73,346.55,0.1575,21250,3,0.98
250,360.16,358.18,360.1,360.46,360.18,362.08,361.6,362.27,360.28,346.68,346.66,0.1575,21250,3,0.98
251,360.15,358.16,360.08,360.47,360.2,362.11,361.58,362.3,360.36,346.63,346.64,0.1575,21250,3,0.98
252,360.16,358.13,360.05,360.47,360.2,362.13,361.57,362.34,360.4,346.59,346.74,0.1575,21250,3,0.98
253,360.19,358.15,360.0,360.47,360.2,362.16,361.56,362.37,360.46,346.56,346.77,0.1575,21250,3,0.98
254,360.16,358.2,359.95,360.47,360.19,362.17,361.56,362.32,360.54,346.54,346.73,0.1575,21250,3,0.98
255,360.13,358.26,359.95,360.47,360.18,362.18,361.58,362.24,360.6,346.54,346.73,0.1575,21250,3,0.98
256,360.08,358.31,359.93,360.47,360.18,362.18,361.59,362.22,360.6,346.57,346.79,0.1575,21250,3,0.98
257,360.05,358.37,359.92,360.46,360.16,362.18,361.56,362.28,360.58,346.6,346.81,0.1575,21250,3,0.98
258,360.04,358.39,359.92,360.46,360.16,362.16,361.55,362.38,360.56,346.62,346.74,0.1575,21250,3,0.98
259,360.01,358.42,359.91,360.45,360.14,362.13,361.54,362.46,360.57,346.66,346.83,0.1575,21250,3,0.98
260,360.01,358.45,359.94,360.43,360.15,362.09,361.55,362.49,360.49,346.65,346.8,0.1575,21250,3,0.98
261,360.04,358.43,359.98,360.42,360.13,362.06,361.56,362.49,360.21,346.61,346.69,0.1575,21250,3,0.98
262,360.09,358.39,360.02,360.44,360.12,362.03,361.59,362.5,360.04,346.57,346.78,0.1575,21250,3,0.98
263,360.12,358.38,360.06,360.5,360.14,362.0,361.6,362.49,359.95,346.54,346.83,0.1575,21250,3,0.98
264,360.14,358.37,360.09,360.53,360.16,361.99,361.61,362.48,359.85,346.52,346.77,0.1575,21250,3,0.98
265,360.16,358.35,360.13,360.57,360.18,361.97,361.62,362.38,359.71,346.49,346.78,0.1575,21250,3,0.98
266,360.15,358.32,360.14,360.61,360.2,361.96,361.64,362.28,359.58,346.47,346.79,0.1575,21250,3,0.98
267,360.13,358.28,360.14,360.63,360.22,361.98,361.64,362.28,359.46,346.49,346.78,0.1575,21250,3,0.98
268,360.1,358.25,360.17,360.66,360.24,361.99,361.63,362.32,359.42,346.5,346.82,0.1575,21250,3,0.98
269,360.06,358.23,360.19,360.67,360.23,362.0,361.62,362.3,359.39,346.52,346.75,0.1575,21250,3,0.98
270,360.1,358.25,360.22,360.7,360.26,362.02,361.61,362.29,359.44,346.56,346.75,0.1575,21250,3,0.98
271,360.16,358.3,360.23,360.71,360.25,362.04,361.62,362.29,359.48,346.6,346.81,0.1575,21250,3,0.98
272,360.21,358.33,360.24,360.73,360.26,362.05,361.65,362.24,359.5,346.62,346.92,0.1575,21250,3,0.98
273,360.25,358.33,360.25,360.74,360.26,362.04,361.68,362.19,359.48,346.66,346.88,0.1575,21250,3,0.98
274,360.3,358.3,360.24,360.75,360.27,362.04,361.67,362.23,359.46,346.7,346.79,0.1575,21250,3,0.98
275,360.4,358.26,360.24,360.76,360.29,362.03,361.68,362.25,359.48,346.72,346.8,0.1575,21250,3,0.98
276,360.45,358.26,360.26,360.75,360.31,362.03,361.68,362.25,359.5,346.74,346.77,0.1575,21250,3,0.98
277,360.47,358.25,360.25,360.73,360.32,362.03,361.66,362.31,359.57,346.76,346.78,0.1575,21250,3,0.98
278,360.47,358.25,360.25,360.7,360.32,362.04,361.66,362.37,359.64,346.79,346.76,0.1575,21250,3,0.98
279,360.49,358.26,360.24,360.68,360.3,362.05,361.64,362.35,359.72,346.84,346.75,0.1575,21250,3,0.98
280,360.51,358.31,360.23,360.67,360.29,362.07,361.62,362.29,359.67,346.87,346.81,0.1575,21250,3,0.98
281,360.49,358.33,360.22,360.68,360.28,362.12,361.61,362.32,359.67,346.89,346.9,0.1575,21250,3,0.98
282,360.46,358.32,360.21,360.67,360.27,362.15,361.62,362.34,359.67,346.88,346.9,0.1575,21250,3,0.98
283,360.4,358.28,360.21,360.67,360.26,362.16,361.62,362.35,359.61,346.87,346.86,0.1575,21250,3,0.98
284,360.36,358.25,360.22,360.68,360.25,362.19,361.63,362.37,359.5,346.86,346.85,0.1575,21250,3,0.98
285,360.35,358.24,360.22,360.71,360.24,362.22,361.63,362.42,359.39,346.84,346.83,0.1575,21250,3,0.98
286,360.3,358.23,360.23,360.73,360.24,362.23,361.66,362.46,359.3,346.86,346.8,0.1575,21250,3,0.98
287,360.24,358.21,360.23,360.74,360.24,362.24,361.67,362.47,359.24,346.87,346.77,0.1575,21250,3,0.98
288,360.14,358.22,360.2,360.75,360.27,362.23,361.69,362.38,359.24,346.89,346.67,0.1575,21250,3,0.98
289,360.04,358.21,360.18,360.77,360.3,362.24,361.73,362.31,359.26,346.88,346.73,0.1575,21250,3,0.98
290,360.01,358.2,360.18,360.78,360.33,362.24,361.71,362.32,359.23,346.89,346.78,0.1575,21250,3,0.98
291,360.01,358.2,360.18,360.79,360.36,362.23,361.71,362.36,359.16,346.93,346.86,0.1575,21250,3,0.98
292,360.05,358.2,360.18,360.8,360.4,362.23,361.74,362.41,359.09,346.92,346.84,0.1575,21250,3,0.98
293,360.12,358.2,360.17,360.81,360.41,362.24,361.77,362.42,359.05,346.93,346.72,0.1575,21250,3,0.98
294,360.17,358.19,360.17,360.82,360.43,362.25,361.77,362.42,359.02,346.94,346.77,0.1575,21250,3,0.98
295,360.24,358.2,360.16,360.82,360.43,362.22,361.79,362.41,358.98,346.93,346.84,0.1575,21250,3,0.98
296,360.3,358.18,360.16,360.85,360.45,362.2,361.8,362.42,358.98,346.92,346.88,0.1575,21250,3,0.98
297,360.3,358.07,360.17,360.86,360.47,362.17,361.81,362.44,358.95,346.88,346.85,0.1575,21250,3,0.98
298,360.22,357.97,360.21,360.89,360.48,362.17,361.8,362.43,358.93,346.85,346.86,0.1575,21250,3,0.98
299,360.16,357.94,360.26,360.92,360.49,362.18,361.79,362.3,358.93,346.83,346.87,0.1575,21250,3,0.98
300,360.1,357.94,360.27,360.92,360.49,362.2,361.8,362.23,358.86,346.8,346.88,0.1575,21250,3,0.98
301,360.05,357.93,360.27,360.93,360.49,362.21,361.83,362.25,358.76,346.78,346.91,0.1575,21250,3,0.98
302,360.04,357.95,360.27,360.93,360.5,362.23,361.87,362.27,358.68,346.79,346.96,0.1575,21250,3,0.98
303,360.03,357.99,360.27,360.94,360.51,362.24,361.89,362.32,358.62,346.82,346.93,0.1575,21250,3,0.98
304,360.04,358.02,360.25,360.93,360.52,362.25,361.9,362.38,358.57,346.84,346.87,0.1575,21250,3,0.98
305,360.05,358.05,360.25,360.92,360.53,362.26,361.92,362.44,358.52,346.86,346.8,0.1575,21250,3,0.98
306,360.09,358.09,360.23,360.92,360.54,362.27,361.91,362.49,358.45,346.83,346.85,0.1575,21250,3,0.98
307,360.13,358.11,360.24,360.93,360.54,362.29,361.89,362.5,358.47,346.8,346.81,0.1575,21250,3,0.98
308,360.14,358.12,360.25,360.92,360.54,362.29,361.87,362.4,358.52,346.81,346.87,0.1575,21250,3,0.98
309,360.12,358.13,360.27,360.91,360.54,362.29,361.85,362.32,358.6,346.81,346.89,0.1575,21250,3,0.98
310,360.07,358.13,360.28,360.92,360.53,362.31,361.78,362.29,358.73,346.83,346.92,0.1575,21250,3,0.98
311,360.04,358.13,360.29,360.91,360.54,362.32,361.72,362.27,358.89,346.84,346.97,0.1575,21250,3,0.98
312,360.02,358.14,360.31,360.89,360.55,362.34,361.71,362.24,359.04,346.84,346.84,0.1575,21250,3,0.98
313,359.98,358.13,360.33,360.86,360.56,362.35,361.7,362.23,359.18,346.85,346.82,0.1575,21250,3,0.98
314,359.94,358.12,360.35,360.83,360.56,362.36,361.67,362.24,359.31,346.87,346.84,0.1575,21250,3,0.98
315,359.91,358.1,360.35,360.78,360.53,362.37,361.63,362.23,359.38,346.88,346.85,0.1575,21250,3,0.98
316,359.96,358.11,360.36,360.74,360.48,362.38,361.67,362.25,359.32,346.87,346.92,0.1575,21250,3,0.98
317,360.02,358.13,360.36,360.7,360.46,362.39,361.68,362.28,359.21,346.87,346.91,0.1575,21250,3,0.98
318,360.11,358.17,360.37,360.69,360.42,362.39,361.67,362.35,359.09,346.86,346.87,0.1575,21250,3,0.98
319,360.19,358.21,360.37,360.68,360.39,362.38,361.71,362.22,359.0,346.83,346.84,0.1575,21250,3,0.98
320,360.22,358.2,360.37,360.67,360.36,362.37,361.74,362.08,358.92,346.79,346.86,0.1575,21250,3,0.98
321,360.19,358.19,360.38,360.66,360.33,362.36,361.78,362.0,358.84,346.72,346.9,0.1575,21250,3,0.98
322,360.2,358.19,360.39,360.66,360.32,362.35,361.82,362.0,358.73,346.64,346.93,0.1575,21250,3,0.98
323,360.21,358.21,360.4,360.68,360.32,362.36,361.84,362.07,358.62,346.58,346.96,0.1575,21250,3,0.98
324,360.22,358.25,360.4,360.7,360.31,362.37,361.85,362.13,358.54,346.51,346.91,0.1575,21250,3,0.98
325,360.21,358.29,360.39,360.72,360.32,362.37,361.8,362.19,358.51,346.44,347.02,0.1575,21250,3,0.98
326,360.22,358.3,360.39,360.75,360.36,362.35,361.78,362.25,358.48,346.43,347.01,0.1575,21250,3,0.98
327,360.22,358.3,360.35,360.76,360.37,362.33,361.78,362.25,358.42,346.41,347.05,0.1575,21250,3,0.98
328,360.23,358.28,360.34,360.77,360.4,362.3,361.8,362.2,358.4,346.39,347.07,0.1575,21250,3,0.98
329,360.25,358.26,360.32,360.78,360.42,362.28,361.74,362.16,358.39,346.38,346.95,0.1575,21250,3,0.98
330,360.24,358.2,360.29,360.78,360.44,362.26,361.67,362.08,358.41,346.39,346.91,0.1575,21250,3,0.98
331,360.21,358.16,360.26,360.77,360.47,362.25,361.57,362.01,358.46,346.4,347.06,0.1575,21250,3,0.98
332,360.16,358.11,360.25,360.77,360.46,362.24,361.52,361.95,358.51,346.41,347.09,0.1575,21250,3,0.98
333,360.1,358.11,360.26,360.76,360.46,362.24,361.57,361.95,358.53,346.43,347.13,0.1575,21250,3,0.98
334,360.1,358.13,360.3,360.76,360.45,362.25,361.62,361.99,358.56,346.45,347.01,0.1575,21250,3,0.98
335,360.08,358.15,360.34,360.76,360.45,362.23,361.64,362.02,358.54,346.47,347.09,0.1575,21250,3,0.98
336,360.07,358.15,360.35,360.78,360.45,362.23,361.68,361.99,358.54,346.47,347.08,0.1575,21250,3,0.98
337,360.07,358.16,360.34,360.81,360.45,362.21,361.71,362.04,358.57,346.5,346.99,0.1575,21250,3,0.98
338,360.1,358.15,360.33,360.84,360.46,362.19,361.74,362.15,358.64,346.52,346.96,0.1575,21250,3,0.98
339,360.14,358.15,360.3,360.85,360.47,362.19,361.76,362.2,358.68,346.52,346.95,0.1575,21250,3,0.98
340,360.21,358.12,360.28,360.87,360.47,362.19,361.77,362.22,358.69,346.51,347.05,0.1575,21250,3,0.98
341,360.21,358.12,360.26,360.88,360.47,362.2,361.79,362.21,358.69,346.5,347.23,0.1575,21250,3,0.98
342,360.19,358.1,360.25,360.89,360.45,362.22,361.72,362.21,358.71,346.49,347.12,0.1575,21250,3,0.98
343,360.16,358.06,360.26,360.87,360.43,362.25,361.69,362.22,358.74,346.49,347.06,0.1575,21250,3,0.98
344,360.16,358.06,360.29,360.85,360.42,362.27,361.7,362.19,358.76,346.49,347.07,0.1575,21250,3,0.98
345,360.12,358.06,360.28,360.86,360.42,362.27,361.7,362.16,358.79,346.5,347.01,0.1575,21250,3,0.98
346,360.13,358.06,360.28,360.85,360.43,362.26,361.7,362.14,358.84,346.51,347.04,0.1575,21250,3,0.98
347,360.15,358.05,360.29,360.85,360.43,362.26,361.71,362.1,358.88,346.54,347.12,0.1575,21250,3,0.98
348,360.2,358.04,360.3,360.86,360.44,362.23,361.73,362.05,358.93,346.57,347.11,0.1575,21250,3,0.98
349,360.22,358.02,360.32,360.87,360.45,362.22,361.75,362.06,359.0,346.61,347.08,0.1575,21250,3,0.98
350,360.21,357.98,360.32,360.88,360.46,362.22,361.78,362.04,359.05,346.64,346.94,0.1575,21250,3,0.98
351,360.18,357.96,360.33,360.9,360.47,362.23,361.78,361.95,359.07,346.66,346.95,0.1575,21250,3,0.98
352,360.13,357.97,360.33,360.91,360.5,362.22,361.77,361.97,359.07,346.7,347.02,0.1575,21250,3,0.98
353,360.12,357.98,360.33,360.93,360.52,362.21,361.78,362.02,359.08,346.72,346.99,0.1575,21250,3,0.98
354,360.08,358.0,360.32,360.95,360.53,362.19,361.78,362.04,359.1,346.76,346.94,0.1575,21250,3,0.98
355,360.07,358.03,360.31,360.96,360.54,362.17,361.81,362.07,359.1,346.79,347.05,0.1575,21250,3,0.98
356,360.08,358.05,360.32,360.97,360.55,362.15,361.84,362.14,359.13,346.82,347.08,0.1575,21250,3,0.98
357,360.11,358.07,360.31,360.98,360.57,362.12,361.85,362.2,359.18,346.86,347.12,0.1575,21250,3,0.98
358,360.19,358.1,360.33,360.98,360.6,362.11,361.86,362.27,359.24,346.86,347.17,0.1575,21250,3,0.98
359,360.26,358.1,360.33,360.99,360.59,362.1,361.87,362.29,359.31,346.86,347.16,0.1575,21250,3,0.98
360,360.32,358.08,360.34,361.0,360.59,362.13,361.88,362.29,359.4,346.82,347.13,0.1575,21250,3,0.98
361,360.37,358.04,360.35,361.02,360.58,362.15,361.88,362.29,359.43,346.78,347.23,0.1575,21250,3,0.98
362,360.33,358.02,360.36,361.02,360.58,362.18,361.89,362.29,359.42,346.77,347.28,0.1575,21250,3,0.98
363,360.25,358.03,360.38,361.03,360.6,362.2,361.88,362.32,359.36,346.78,347.26,0.1575,21250,3,0.98
364,360.19,358.05,360.39,361.02,360.61,362.22,361.9,362.35,359.28,346.8,347.17,0.1575,21250,3,0.98
365,360.17,358.07,360.42,361.03,360.61,362.24,361.9,362.43,359.15,346.78,347.17,0.1575,21250,3,0.98
366,360.17,358.1,360.43,361.01,360.62,362.25,361.9,362.44,359.0,346.76,347.15,0.1575,21250,3,0.98
367,360.17,358.13,360.44,361.01,360.64,362.26,361.93,362.33,358.87,346.76,347.24,0.1575,21250,3,0.98
368,360.19,358.15,360.43,361.02,360.65,362.26,361.94,362.34,358.82,346.75,347.21,0.1575,21250,3,0.98
369,360.21,358.15,360.37,361.03,360.64,362.3,361.96,362.4,358.84,346.76,347.26,0.1575,21250,3,0.98
370,360.19,358.17,360.32,361.05,360.64,362.33,361.97,362.41,358.99,346.8,347.22,0.1575,21250,3,0.98
371,360.18,358.16,360.29,361.07,360.64,362.36,361.98,362.3,359.18,346.84,347.17,0.1575,21250,3,0.98
372,360.16,358.15,360.26,361.06,360.63,362.38,361.99,362.35,359.38,346.89,347.08,0.1575,21250,3,0.98
373,360.14,358.15,360.24,361.06,360.62,362.4,362.0,362.42,359.61,346.95,347.15,0.1575,21250,3,0.98
374,360.14,358.16,360.24,361.05,360.61,362.4,362.0,362.5,359.83,346.99,347.07,0.1575,21250,3,0.98
375,360.16,358.15,360.23,361.04,360.59,362.4,362.01,362.58,360.03,347.01,347.21,0.1575,21250,3,0.98
376,360.19,358.16,360.24,361.04,360.58,362.39,362.03,362.61,360.22,347.04,347.11,0.1575,21250,3,0.98
377,360.21,358.16,360.26,361.04,360.56,362.38,362.04,362.62,360.43,347.05,347.18,0.1575,21250,3,0.98
378,360.21,358.12,360.27,361.02,360.52,362.37,362.05,362.6,360.68,347.06,347.08,0.1575,21250,3,0.98
379,360.15,358.03,360.31,360.99,360.49,362.36,362.04,362.61,360.82,347.06,347.22,0.1575,21250,3,0.98
380,360.09,358.0,360.34,360.97,360.49,362.35,362.05,362.62,360.85,347.08,347.22,0.1575,21250,3,0.98
381,360.05,357.99,360.36,360.95,360.49,362.34,362.07,362.65,360.86,347.1,347.27,0.1575,21250,3,0.98
382,360.02,358.01,360.38,360.95,360.49,362.34,362.09,362.71,360.86,347.15,347.27,0.1575,21250,3,0.98
383,359.98,358.02,360.4,360.94,360.48,362.34,362.11,362.74,360.85,347.19,347.2,0.1575,21250,3,0.98
384,359.96,358.03,360.4,360.93,360.46,362.35,362.1,362.74,360.81,347.22,347.27,0.1575,21250,3,0.98
385,359.94,358.03,360.42,360.92,360.44,362.36,362.09,362.72,360.74,347.25,347.31,0.1575,21250,3,0.98
386,359.92,358.03,360.42,360.91,360.43,362.36,362.07,362.72,360.6,347.3,347.23,0.1575,21250,3,0.98
387,359.92,358.04,360.42,360.91,360.41,362.37,362.09,362.75,360.34,347.38,347.2,0.1575,21250,3,0.98
388,359.95,358.06,360.39,360.91,360.4,362.38,362.11,362.77,360.17,347.42,347.28,0.1575,21250,3,0.98
389,359.98,358.09,360.38,360.93,360.4,362.4,362.11,362.72,360.14,347.44,347.07,0.1575,21250,3,0.98
390,360.02,358.13,360.37,360.93,360.41,362.4,362.12,362.61,360.12,347.47,347.01,0.1575,21250,3,0.98
391,360.06,358.14,360.35,360.92,360.41,362.4,362.12,362.55,360.12,347.48,347.07,0.1575,21250,3,0.98
392,360.08,358.16,360.35,360.91,360.42,362.4,362.13,362.57,360.12,347.5,347.08,0.1575,21250,3,0.98
393,360.09,358.16,360.34,360.91,360.44,362.41,362.12,362.6,360.08,347.49,347.08,0.1575,21250,3,0.98
394,360.13,358.17,360.35,360.9,360.46,362.4,362.1,362.63,360.02,347.49,347.17,0.1575,21250,3,0.98
395,360.17,358.17,360.34,360.89,360.47,362.41,362.07,362.67,359.98,347.49,347.25,0.1575,21250,3,0.98
396,360.25,358.18,360.38,360.87,360.47,362.38,362.02,362.64,359.93,347.47,347.21,0.1575,21250,3,0.98
397,360.3,358.18,360.43,360.87,360.46,362.35,362.01,362.55,359.86,347.45,347.24,0.1575,21250,3,0.98
398,360.27,358.19,360.46,360.87,360.45,362.32,362.03,362.41,359.8,347.45,347.32,0.1575,21250,3,0.98
399,360.21,358.21,360.47,360.87,360.45,362.3,362.04,362.35,359.74,347.47,347.42,0.1575,21250,3,0.98
400,360.13,358.24,360.47,360.87,360.44,362.28,362.02,362.33,359.73,347.49,347.39,0.1575,21250,3,0.98
401,360.08,358.26,360.47,360.87,360.44,362.27,362.01,362.3,359.79,347.52,347.35,0.1575,21250,3,0.98
402,360.11,358.29,360.49,360.87,360.44,362.27,362.01,362.26,359.82,347.55,347.32,0.1575,21250,3,0.98
403,360.19,358.31,360.51,360.88,360.45,362.27,362.0,362.18,359.88,347.57,347.46,0.1575,21250,3,0.98
404,360.23,358.32,360.54,360.87,360.46,362.27,361.99,362.14,359.99,347.59,347.28,0.1575,21250,3,0.98
405,360.23,358.33,360.56,360.88,360.47,362.28,361.98,362.15,360.18,347.64,347.25,0.1575,21250,3,0.98
406,360.23,358.28,360.58,360.9,360.49,362.29,361.95,362.09,360.34,347.68,347.21,0.1575,21250,3,0.98
407,360.21,358.25,360.59,360.93,360.5,362.29,361.92,362.08,360.44,347.71,347.36,0.1575,21250,3,0.98
408,360.2,358.23,360.61,360.95,360.51,362.29,361.9,362.14,360.55,347.74,347.33,0.1575,21250,3,0.98
409,360.18,358.2,360.6,360.96,360.51,362.3,361.88,362.2,360.66,347.74,347.21,0.1575,21250,3,0.98
410,360.16,358.17,360.62,360.99,360.54,362.29,361.89,362.22,360.75,347.76,347.2,0.1575,21250,3,0.98
411,360.13,358.14,360.61,361.02,360.52,362.29,361.88,362.27,360.83,347.75,347.37,0.1575,21250,3,0.98
412,360.09,358.13,360.61,361.04,360.53,362.28,361.91,362.4,360.89,347.74,347.38,0.1575,21250,3,0.98
413,360.08,358.13,360.61,361.05,360.53,362.26,361.92,362.52,360.96,347.74,347.44,0.1575,21250,3,0.98
414,360.09,358.15,360.59,361.05,360.51,362.23,361.97,362.59,361.0,347.8,347.28,0.1575,21250,3,0.98
415,360.13,358.12,360.58,361.07,360.5,362.22,361.99,362.63,361.06,347.83,347.3,0.1575,21250,3,0.98
416,360.19,358.09,360.57,361.07,360.49,362.21,362.0,362.63,361.05,347.82,347.3,0.1575,21250,3,0.98
417,360.24,358.06,360.56,361.07,360.5,362.19,362.03,362.67,361.05,347.85,347.21,0.1575,21250,3,0.98
418,360.29,358.05,360.53,361.07,360.49,362.18,362.06,362.73,361.03,347.87,347.29,0.1575,21250,3,0.98
419,360.3,358.06,360.52,361.06,360.5,362.17,362.09,362.82,360.92,347.91,347.37,0.1575,21250,3,0.98
420,360.29,358.07,360.49,361.05,360.49,362.15,362.11,362.86,360.72,347.92,347.26,0.1575,21250,3,0.98
421,360.3,358.07,360.47,361.05,360.48,362.13,362.11,362.87,360.54,347.93,347.26,0.1575,21250,3,0.98
422,360.28,358.09,360.47,361.05,360.47,362.12,362.09,362.87,360.37,347.93,347.29,0.1575,21250,3,0.98
423,360.25,358.1,360.49,361.06,360.48,362.11,362.06,362.81,360.17,347.91,347.32,0.1575,21250,3,0.98
424,360.17,358.08,360.48,361.06,360.49,362.08,362.02,362.7,360.04,347.87,347.23,0.1575,21250,3,0.98
425,360.1,358.07,360.48,361.07,360.5,362.06,361.97,362.61,359.97,347.83,347.35,0.1575,21250,3,0.98
426,360.05,358.05,360.49,361.07,360.51,362.02,361.92,362.52,359.89,347.81,347.41,0.1575,21250,3,0.98
427,360.03,358.05,360.49,361.07,360.51,361.99,361.86,362.46,359.79,347.8,347.26,0.1575,21250,3,0.98
428,360.02,358.06,360.5,361.08,360.52,362.0,361.81,362.42,359.7,347.79,347.36,0.1575,21250,3,0.98
429,360.05,358.07,360.51,361.07,360.54,362.04,361.72,362.34,359.61,347.78,347.45,0.1575,21250,3,0.98
430,360.08,358.08,360.52,361.08,360.55,362.07,361.69,362.29,359.52,347.77,347.32,0.1575,21250,3,0.98
431,360.1,358.07,360.5,361.07,360.54,362.11,361.69,362.27,359.42,347.74,347.26,0.1575,21250,3,0.98
432,360.2,358.08,360.5,361.06,360.56,362.16,361.7,362.27,359.32,347.73,347.36,0.1575,21250,3,0.98
433,360.31,358.09,360.48,361.06,360.56,362.21,361.76,362.27,359.2,347.7,347.38,0.1575,21250,3,0.98
434,360.37,358.12,360.46,361.05,360.56,362.25,361.81,362.3,359.13,347.68,347.37,0.1575,21250,3,0.98
435,360.41,358.15,360.45,361.06,360.56,362.29,361.83,362.42,359.07,347.66,347.42,0.1575,21250,3,0.98
436,360.44,358.18,360.47,361.07,360.58,362.3,361.84,362.43,359.02,347.63,347.42,0.1575,21250,3,0.98
437,360.46,358.21,360.48,361.07,360.58,362.32,361.85,362.34,359.01,347.61,347.38,0.1575,21250,3,0.98
438,360.48,358.22,360.48,361.07,360.59,362.31,361.87,362.23,359.0,347.61,347.32,0.1575,21250,3,0.98
439,360.5,358.21,360.47,361.07,360.6,362.31,361.76,362.19,359.02,347.59,347.25,0.1575,21250,3,0.98
440,360.48,358.19,360.47,361.07,360.6,362.32,361.64,362.19,359.05,347.6,347.47,0.1575,21250,3,0.98
441,360.39,358.18,360.5,361.06,360.63,362.33,361.65,362.22,359.05,347.57,347.45,0.1575,21250,3,0.98
442,360.28,358.17,360.52,361.07,360.66,362.31,361.75,362.28,359.04,347.55,347.46,0.1575,21250,3,0.98
443,360.24,358.16,360.55,361.09,360.68,362.29,361.81,362.33,359.01,347.51,347.49,0.1575,21250,3,0.98
444,360.23,358.17,360.58,361.11,360.7,362.27,361.85,362.36,359.01,347.5,347.5,0.1575,21250,3,0.98
445,360.25,358.17,360.57,361.12,360.72,362.28,361.86,362.38,359.02,347.49,347.44,0.1575,21250,3,0.98
446,360.28,358.17,360.57,361.12,360.73,362.29,361.83,362.43,359.07,347.49,347.45,0.1575,21250,3,0.98
447,360.33,358.2,360.57,361.14,360.74,362.32,361.83,362.48,359.16,347.49,347.44,0.1575,21250,3,0.98
448,360.37,358.22,360.58,361.14,360.75,362.36,361.88,362.49,359.28,347.5,347.5,0.1575,21250,3,0.98
449,360.33,358.22,360.61,361.14,360.75,362.4,361.92,362.53,359.42,347.5,347.46,0.1575,21250,3,0.98
450,360.25,358.21,360.64,361.14,360.74,362.41,361.96,362.6,359.67,347.51,347.46,0.1575,21250,3,0.98
451,360.18,358.24,360.65,361.13,360.75,362.44,361.97,362.68,359.92,347.52,347.54,0.1575,21250,3,0.98
452,360.18,358.23,360.65,361.12,360.74,362.45,362.02,362.75,360.12,347.54,347.44,0.1575,21250,3,0.98
453,360.21,358.24,360.66,361.12,360.76,362.47,362.07,362.8,360.3,347.55,347.35,0.1575,21250,3,0.98
454,360.23,358.24,360.66,361.12,360.77,362.48,362.09,362.84,360.46,347.56,347.4,0.1575,21250,3,0.98
455,360.26,358.25,360.67,361.12,360.77,362.49,362.07,362.82,360.63,347.58,347.45,0.1575,21250,3,0.98
456,360.31,358.24,360.68,361.13,360.77,362.5,362.04,362.72,360.81,347.62,347.5,0.1575,21250,3,0.98
457,360.36,358.23,360.69,361.12,360.75,362.49,362.0,362.56,361.02,347.65,347.53,0.1575,21250,3,0.98
458,360.41,358.22,360.7,361.12,360.74,362.51,362.03,362.41,361.18,347.7,347.48,0.1575,21250,3,0.98
459,360.52,358.21,360.72,361.12,360.72,362.51,362.09,362.33,361.37,347.79,347.37,0.1575,21250,3,0.98
460,360.71,358.21,360.73,361.11,360.71,362.52,362.14,362.36,361.5,347.88,347.37,0.1575,21250,3,0.98
461,360.76,358.2,360.73,361.11,360.69,362.52,362.14,362.46,361.55,347.93,347.37,0.1575,21250,3,0.98
462,360.7,358.17,360.75,361.11,360.68,362.53,362.14,362.57,361.54,347.98,347.42,0.1575,21250,3,0.98
463,360.59,358.14,360.76,361.11,360.66,362.53,362.13,362.7,361.45,348.0,347.42,0.1575,21250,3,0.98
464,360.48,358.12,360.75,361.13,360.65,362.52,362.08,362.8,361.3,347.98,347.42,0.1575,21250,3,0.98
465,360.43,358.11,360.73,361.13,360.64,362.5,362.03,362.85,361.12,347.95,347.37,0.1575,21250,3,0.98
466,360.39,358.13,360.72,361.15,360.65,362.48,362.0,362.83,360.95,347.93,347.46,0.1575,21250,3,0.98
467,360.38,358.15,360.7,361.15,360.66,362.47,362.01,362.8,360.78,347.9,347.47,0.1575,21250,3,0.98
468,360.41,358.17,360.65,361.14,360.69,362.43,362.05,362.81,360.59,347.87,347.5,0.1575,21250,3,0.98
469,360.42,358.19,360.6,361.15,360.71,362.4,362.09,362.82,360.4,347.86,347.52,0.1575,21250,3,0.98
470,360.37,358.19,360.57,361.14,360.72,362.38,362.11,362.83,360.25,347.84,347.41,0.1575,21250,3,0.98
471,360.3,358.18,360.53,361.15,360.72,362.36,362.1,362.84,360.08,347.82,347.39,0.1575,21250,3,0.98
472,360.26,358.16,360.51,361.15,360.73,362.36,362.09,362.8,359.93,347.77,347.43,0.1575,21250,3,0.98
473,360.24,358.16,360.5,361.14,360.75,362.38,362.11,362.71,359.81,347.72,347.4,0.1575,21250,3,0.98
474,360.23,358.15,360.51,361.15,360.74,362.41,362.13,362.64,359.74,347.67,347.56,0.1575,21250,3,0.98
475,360.22,358.14,360.55,361.16,360.76,362.43,362.14,362.66,359.67,347.65,347.69,0.1575,21250,3,0.98
476,360.22,358.14,360.58,361.18,360.77,362.46,362.14,362.77,359.63,347.62,347.62,0.1575,21250,3,0.98
477,360.23,358.17,360.61,361.2,360.81,362.48,362.08,362.86,359.62,347.62,347.54,0.1575,21250,3,0.98
478,360.26,358.22,360.64,361.22,360.83,362.5,361.88,362.89,359.77,347.62,347.61,0.1575,21250,3,0.98
479,360.32,358.26,360.65,361.22,360.86,362.51,361.82,362.91,359.92,347.61,347.6,0.1575,21250,3,0.98
480,360.36,358.28,360.67,361.23,360.87,362.53,361.87,362.94,360.05,347.61,347.65,0.1575,21250,3,0.98
481,360.4,358.28,360.68,361.23,360.87,362.54,361.95,362.98,360.21,347.59,347.54,0.1575,21250,3,0.98
482,360.43,358.27,360.7,361.22,360.86,362.55,362.02,363.01,360.38,347.6,347.54,0.1575,21250,3,0.98
483,360.47,358.25,360.72,361.2,360.85,362.56,362.08,363.04,360.54,347.6,347.65,0.1575,21250,3,0.98
484,360.5,358.24,360.73,361.17,360.82,362.58,362.12,363.06,360.66,347.6,347.66,0.1575,21250,3,0.98
485,360.5,358.26,360.73,361.13,360.8,362.59,362.15,363.08,360.7,347.61,347.51,0.1575,21250,3,0.98
486,360.45,358.32,360.73,361.09,360.75,362.6,362.19,363.11,360.61,347.66,347.53,0.1575,21250,3,0.98
487,360.44,358.4,360.73,361.04,360.72,362.61,362.18,363.12,360.57,347.72,347.54,0.1575,21250,3,0.98
488,360.47,358.44,360.75,361.03,360.69,362.63,362.19,363.13,360.59,347.77,347.56,0.1575,21250,3,0.98
489,360.5,358.44,360.75,361.02,360.68,362.64,362.2,363.14,360.56,347.8,347.46,0.1575,21250,3,0.98
490,360.5,358.43,360.74,361.02,360.66,362.65,362.21,363.13,360.56,347.84,347.57,0.1575,21250,3,0.98
491,360.53,358.4,360.74,361.06,360.64,362.66,362.23,363.17,360.58,347.86,347.53,0.1575,21250,3,0.98
492,360.57,358.37,360.73,361.08,360.64,362.66,362.25,363.22,360.64,347.87,347.55,0.1575,21250,3,0.98
493,360.62,358.34,360.73,361.07,360.64,362.65,362.25,363.25,360.75,347.88,347.54,0.1575,21250,3,0.98
494,360.68,358.34,360.73,361.08,360.65,362.63,362.27,363.27,360.88,347.88,347.61,0.1575,21250,3,0.98
495,360.73,358.34,360.69,361.09,360.67,362.63,362.25,363.28,361.06,347.89,347.57,0.1575,21250,3,0.98
496,360.68,358.34,360.65,361.1,360.7,362.6,362.25,363.27,361.26,347.92,347.51,0.1575,21250,3,0.98
497,360.63,358.32,360.63,361.11,360.72,362.57,362.25,363.25,361.4,347.94,347.59,0.1575,21250,3,0.98
498,360.59,358.31,360.6,361.13,360.73,362.55,362.26,363.26,361.51,347.93,347.68,0.1575,21250,3,0.98
499,360.57,358.3,360.6,361.14,360.72,362.55,362.25,363.25,361.64,347.94,347.63,0.1575,21250,3,0.98
500,360.54,358.29,360.59,361.14,360.72,362.56,362.25,363.22,361.74,347.93,347.57,0.1575,21250,3,0.98
501,360.51,358.27,360.6,361.14,360.71,362.54,362.28,363.18,361.81,347.93,347.68,0.1575,21250,3,0.98
502,360.49,358.23,360.61,361.15,360.72,362.53,362.31,363.19,361.87,347.96,347.66,0.1575,21250,3,0.98
503,360.51,358.19,360.63,361.16,360.73,362.52,362.33,363.19,361.89,347.97,347.6,0.1575,21250,3,0.98
504,360.56,358.16,360.63,361.18,360.74,362.5,362.35,363.2,361.75,347.96,347.65,0.1575,21250,3,0.98
505,360.64,358.15,360.63,361.2,360.74,362.49,362.39,363.21,361.54,347.94,347.68,0.1575,21250,3,0.98
506,360.6,358.15,360.62,361.2,360.73,362.48,362.38,363.19,361.49,347.94,347.69,0.1575,21250,3,0.98
507,360.55,358.16,360.63,361.2,360.71,362.49,362.38,363.08,361.42,347.94,347.68,0.1575,21250,3,0.98
508,360.52,358.18,360.62,361.19,360.69,362.5,362.38,362.93,361.22,347.93,347.72,0.1575,21250,3,0.98
509,360.47,358.18,360.62,361.19,360.66,362.5,362.37,362.86,361.03,347.92,347.68,0.1575,21250,3,0.98
510,360.41,358.2,360.65,361.2,360.64,362.49,362.37,362.86,360.85,347.91,347.63,0.1575,21250,3,0.98
511,360.31,358.2,360.65,361.2,360.62,362.48,362.36,362.9,360.73,347.87,347.57,0.1575,21250,3,0.98
512,360.29,358.16,360.65,361.18,360.6,362.46,362.36,362.97,360.64,347.83,347.48,0.1575,21250,3,0.98
513,360.36,358.1,360.68,361.18,360.61,362.45,362.35,363.04,360.52,347.76,347.44,0.1575,21250,3,0.98
514,360.43,358.09,360.7,361.17,360.65,362.44,362.33,363.07,360.44,347.71,347.56,0.1575,21250,3,0.98
515,360.47,358.12,360.71,361.17,360.66,362.43,362.32,363.09,360.38,347.69,347.54,0.1575,21250,3,0.98
516,360.49,358.16,360.72,361.17,360.68,362.42,362.31,363.11,360.28,347.68,347.11,0.1575,21250,3,0.98
517,360.51,358.17,360.71,361.17,360.68,362.44,362.28,363.13,360.18,347.66,346.99,0.1575,21250,3,0.98
518,360.53,358.22,360.72,361.17,360.68,362.46,362.26,363.1,360.1,347.64,346.91,0.1575,21250,3,0.98
519,360.53,358.22,360.71,361.17,360.7,362.48,362.26,363.01,360.03,347.63,346.67,0.1575,21250,3,0.98
520,360.54,358.23,360.68,361.16,360.69,362.51,362.27,362.83,360.01,347.62,346.49,0.1575,21250,3,0.98
521,360.54,358.26,360.7,361.15,360.7,362.53,362.27,362.59,360.0,347.6,346.37,0.1575,21250,3,0.98
522,360.54,358.3,360.74,361.15,360.72,362.55,362.3,362.5,359.97,347.63,346.38,0.1575,21250,3,0.98
523,360.54,358.32,360.78,361.17,360.73,362.58,362.33,362.57,359.97,347.65,346.3,0.1575,21250,3,0.98
524,360.55,358.32,360.79,361.2,360.76,362.58,362.3,362.66,359.99,347.64,346.24,0.1575,21250,3,0.98
525,360.56,358.36,360.81,361.21,360.75,362.59,362.19,362.75,360.0,347.63,346.07,0.1575,21250,3,0.98
526,360.52,358.41,360.82,361.24,360.75,362.61,362.11,362.85,359.91,347.6,346.08,0.1575,21250,3,0.98
527,360.44,358.42,360.84,361.25,360.75,362.62,362.06,362.95,359.8,347.57,345.97,0.1575,21250,3,0.98
528,360.36,358.44,360.85,361.24,360.76,362.61,362.02,362.95,359.69,347.55,345.96,0.1575,21250,3,0.98
529,360.3,358.48,360.87,361.25,360.77,362.61,361.95,362.86,359.64,347.56,345.93,0.1575,21250,3,0.98
530,360.28,358.47,360.87,361.27,360.78,362.6,361.86,362.8,359.58,347.57,345.95,0.1575,21250,3,0.98
531,360.32,358.47,360.9,361.28,360.8,362.57,361.91,362.8,359.45,347.57,345.82,0.1575,21250,3,0.98
532,360.4,358.47,360.92,361.29,360.82,362.57,362.02,362.86,359.31,347.53,345.79,0.1575,21250,3,0.98
533,360.43,358.45,360.92,361.31,360.82,362.58,362.09,362.88,359.22,347.49,345.64,0.1575,21250,3,0.98
534,360.44,358.45,360.93,361.32,360.83,362.58,362.12,362.89,359.19,347.45,345.56,0.1575,21250,3,0.98
535,360.44,358.45,360.94,361.34,360.84,362.61,362.15,362.8,359.19,347.42,345.66,0.1575,21250,3,0.98
536,360.44,358.45,360.95,361.35,360.86,362.62,362.19,362.8,359.2,347.39,345.57,0.1575,21250,3,0.98
537,360.45,358.45,360.95,361.36,360.87,362.62,362.2,362.75,359.19,347.39,345.52,0.1575,21250,3,0.98
538,360.39,358.38,360.9,361.31,360.85,362.56,362.05,362.36,359.03,347.35,345.22,0.1575,21250,3,0.98
539,360.27,358.28,360.83,361.22,360.81,362.48,361.82,361.95,358.78,347.26,345.39,0.1575,21250,3,0.98
540,360.08,358.08,360.71,361.1,360.7,362.38,361.32,361.64,358.32,347.07,343.4,0.1575,21250,3,0.98
541,359.91,357.88,360.58,360.98,360.56,362.27,360.87,361.29,357.86,346.84,345.09,0.1575,21250,3,0.98
542,359.82,357.76,360.48,360.86,360.44,362.17,360.56,360.97,357.58,346.66,345.08,0.1575,21250,3,0.98
543,359.73,357.62,360.38,360.74,360.33,362.06,360.28,360.77,357.29,346.47,345.12,0.1575,21250,3,0.98
544,359.64,357.51,360.27,360.66,360.22,361.98,360.04,360.65,357.02,346.3,345.11,0.1575,21250,3,0.98
545,359.57,357.42,360.18,360.55,360.12,361.86,359.8,360.34,356.83,346.15,345.3,0.1575,21250,3,0.98
546,359.48,357.31,360.09,360.43,360.02,361.74,359.66,360.08,356.73,346.01,345.14,0.1575,21250,3,0.98
547,359.38,357.22,360.0,360.29,359.92,361.61,359.47,359.94,356.67,345.87,345.09,0.1575,21250,3,0.98
548,359.27,357.12,359.9,360.16,359.82,361.47,359.28,359.86,356.61,345.74,345.15,0.1575,21250,3,0.98
549,359.12,357.01,359.74,360.03,359.66,361.34,359.11,359.79,356.39,345.5,341.48,0.1575,21250,3,0.98
550,358.97,356.93,359.6,359.92,359.54,361.21,359.03,359.73,356.2,345.27,344.39,0.1575,21250,3,0.98
551,358.87,356.85,359.5,359.85,359.44,361.13,358.99,359.69,356.13,345.11,344.67,0.1575,21250,3,0.98
552,358.78,356.74,359.43,359.76,359.36,361.01,358.96,359.6,356.04,344.97,344.64,0.1575,21250,3,0.98
553,358.71,356.63,359.36,359.66,359.28,360.9,358.92,359.41,356.0,344.84,344.61,0.1575,21250,3,0.98
554,358.61,356.57,359.27,359.57,359.19,360.8,358.9,359.29,355.97,344.71,344.72,0.1575,21250,3,0.98
555,358.52,356.56,359.21,359.49,359.12,360.7,358.88,359.23,355.93,344.58,344.68,0.1575,21250,3,0.98
556,358.42,356.56,359.15,359.45,359.05,360.66,358.86,359.22,355.93,344.47,344.62,0.1575,21250,3,0.98
557,358.34,356.56,359.1,359.36,358.97,360.58,358.84,359.19,355.92,344.35,344.41,0.1575,21250,3,0.98
558,358.26,356.55,359.01,359.28,358.86,360.5,358.82,359.17,355.96,344.17,344.41,0.1575,21250,3,0.98
559,358.2,356.53,358.91,359.2,358.75,360.43,358.8,359.11,355.97,343.96,344.52,0.1575,21250,3,0.98
560,358.18,356.5,358.86,359.13,358.68,360.36,358.79,359.05,355.97,343.83,344.55,0.1575,21250,3,0.98
561,358.17,356.46,358.81,359.06,358.61,360.3,358.77,359.04,355.93,343.69,344.49,0.1575,21250,3,0.98
562,358.11,356.42,358.76,359.0,358.57,360.23,358.75,359.03,355.83,343.53,344.32,0.1575,21250,3,0.98
563,358.04,356.39,358.71,358.93,358.51,360.18,358.71,359.02,355.73,343.36,344.27,0.1575,21250,3,0.98
564,357.99,356.37,358.67,358.87,358.45,360.13,358.67,359.0,355.63,343.18,344.31,0.1575,21250,3,0.98
565,357.95,356.35,358.63,358.85,358.4,360.09,358.65,358.95,355.56,343.0,344.25,0.1575,21250,3,0.98
566,357.93,356.33,358.59,358.78,358.35,360.04,358.61,358.82,355.47,342.84,344.28,0.1575,21250,3,0.98
567,357.93,356.29,358.53,358.73,358.28,359.99,358.54,358.68,355.33,342.56,344.2,0.1575,21250,3,0.98
568,357.87,356.25,358.47,358.68,358.2,359.95,358.39,358.59,355.18,342.29,344.03,0.1575,21250,3,0.98
569,357.81,356.24,358.45,358.64,358.17,359.91,358.28,358.52,355.01,342.1,344.04,0.1575,21250,3,0.98
570,357.76,356.24,358.42,358.59,358.13,359.87,358.2,358.47,354.8,341.9,344.0,0.1575,21250,3,0.98
571,357.71,356.25,358.39,358.55,358.09,359.82,358.16,358.38,354.6,341.7,343.84,0.1575,21250,3,0.98
572,357.68,356.26,358.37,358.53,358.06,359.79,358.12,358.32,354.45,341.51,343.89,0.1575,21250,3,0.98
573,357.66,356.25,358.35,358.49,358.03,359.75,358.02,358.21,354.37,341.31,343.87,0.1575,21250,3,0.98
574,357.63,356.25,358.33,358.45,358.0,359.7,357.9,358.06,354.31,341.11,343.63,0.1575,21250,3,0.98
575,357.61,356.24,358.3,358.42,357.97,359.66,357.86,357.92,354.28,340.91,343.77,0.1575,21250,3,0.98
576,357.61,356.22,358.27,358.39,357.94,359.62,357.83,357.83,354.35,340.66,343.68,0.1575,21250,3,0.98
577,357.62,356.17,358.25,358.35,357.9,359.58,357.83,357.75,354.47,340.43,343.85,0.1575,21250,3,0.98
578,357.63,356.13,358.21,358.31,357.87,359.53,357.83,357.7,354.52,340.29,343.8,0.1575,21250,3,0.98
579,357.61,356.07,358.19,358.29,357.85,359.52,357.83,357.72,354.51,340.15,343.79,0.1575,21250,3,0.98
580,357.56,356.03,358.16,358.28,357.82,359.49,357.83,357.74,354.45,340.02,343.67,0.1575,21250,3,0.98
581,357.48,356.01,358.14,358.25,357.81,359.46,357.83,357.77,354.38,339.9,343.71,0.1575,21250,3,0.98
582,357.44,355.99,358.12,358.24,357.79,359.43,357.83,357.84,354.3,339.77,343.7,0.1575,21250,3,0.98
583,357.43,355.99,358.11,358.22,357.79,359.42,357.82,357.9,354.24,339.65,343.64,0.1575,21250,3,0.98
584,357.41,355.99,358.08,358.21,357.75,359.4,357.82,357.95,354.21,339.52,343.72,0.1575,21250,3,0.98
585,357.38,356.0,358.06,358.19,357.74,359.38,357.76,357.97,354.13,339.27,343.77,0.1575,21250,3,0.98
586,357.34,356.01,358.02,358.18,357.7,359.37,357.68,357.92,353.94,338.96,,0.1575,21250,3,0.98
587,357.32,356.01,358.01,358.16,357.69,359.36,357.66,357.88,353.76,338.79,,0.1575,21250,3,0.98
588,357.31,356.03,358.0,358.15,357.7,359.34,357.68,357.8,353.6,338.62,,0.1575,21250,3,0.98
589,357.29,356.02,357.98,358.13,357.67,359.33,357.55,357.64,353.42,338.44,,0.1575,21250,3,0.98
590,357.28,356.0,357.97,358.11,357.66,359.32,357.43,357.47,353.26,338.27,,0.1575,21250,3,0.98
591,357.29,355.98,357.97,358.1,357.65,359.3,357.34,357.4,353.09,338.06,,0.1575,21250,3,0.98
592,357.29,355.98,357.96,358.09,357.64,359.28,357.21,357.37,352.93,337.89,,0.1575,21250,3,0.98
593,357.29,355.97,357.94,358.07,357.62,359.27,357.12,357.41,352.78,337.72,,0.1575,21250,3,0.98
594,357.29,355.97,357.92,358.05,357.6,359.24,357.12,357.42,352.63,337.46,,0.1575,21250,3,0.98
595,357.28,355.95,357.9,358.05,357.58,359.22,357.19,357.31,352.49,337.23,,0.1575,21250,3,0.98
596,357.24,355.94,357.88,358.02,357.56,359.18,357.25,357.1,352.41,337.04,,0.1575,21250,3,0.98
597,357.2,355.93,357.86,358.02,357.54,359.17,357.29,356.88,352.32,336.84,,0.1575,21250,3,0.98
598,357.17,355.93,357.84,358.0,357.53,359.14,357.28,356.76,352.24,336.63,,0.1575,21250,3,0.98
599,357.15,355.94,357.82,357.99,357.51,359.13,357.19,356.6,352.17,336.41,,0.1575,21250,3,0.98
600,357.14,355.92,357.81,357.97,357.5,359.1,357.08,356.52,352.14,336.22,,0.1575,21250,3,0.98
601,357.12,355.88,357.79,357.95,357.48,359.06,356.98,356.53,352.13,336.05,,0.1575,21250,3,0.98
602,357.13,355.87,357.78,357.94,357.47,359.01,356.9,356.64,352.11,335.91,,0.1575,21250,3,0.98
603,357.12,355.88,357.74,357.92,357.43,358.96,356.88,356.64,352.1,335.73,,0.1575,21250,3,0.98
604,357.12,355.89,357.73,357.89,357.38,358.91,356.83,356.64,352.19,335.58,,0.1575,21250,3,0.98
605,357.12,355.89,357.72,357.86,357.34,358.88,356.74,356.68,352.2,335.48,,0.1575,21250,3,0.98
606,357.09,355.91,357.7,357.82,357.29,358.85,356.64,356.8,352.19,335.39,,0.1575,21250,3,0.98
607,357.07,355.93,357.69,357.78,357.26,358.85,356.61,356.85,352.18,335.32,,0.1575,21250,3,0.98
608,357.08,355.96,357.7,357.74,357.23,358.83,356.56,356.97,352.26,335.28,,0.1575,21250,3,0.98
609,357.09,355.96,357.68,357.71,357.22,358.82,356.52,357.09,352.36,335.22,,0.1575,21250,3,0.98
610,357.1,355.96,357.66,357.68,357.19,358.8,356.54,357.16,352.43,335.17,,0.1575,21250,3,0.98
611,357.1,355.92,357.64,357.66,357.17,358.77,356.61,357.19,352.51,335.12,,0.1575,21250,3,0.98
612,357.07,355.87,357.62,357.64,357.15,358.74,356.72,357.16,352.55,334.98,,0.1575,21250,3,0.98
613,357.03,355.86,357.59,357.63,357.14,358.7,356.82,357.12,352.63,334.78,,0.1575,21250,3,0.98
614,357.0,355.84,357.57,357.62,357.11,358.68,356.83,357.1,352.65,334.64,,0.1575,21250,3,0.98
615,356.98,355.83,357.56,357.62,357.09,358.66,356.81,357.01,352.63,334.47,,0.1575,21250,3,0.98
616,356.95,355.83,357.54,357.61,357.09,358.64,356.79,356.89,352.56,334.29,,0.1575,21250,3,0.98
617,356.93,355.81,357.53,357.58,357.07,358.62,356.78,356.85,352.53,334.08,,0.1575,21250,3,0.98
618,356.88,355.79,357.51,357.57,357.06,358.6,356.77,356.8,352.63,333.88,,0.1575,21250,3,0.98
619,356.85,355.77,357.49,357.55,357.04,358.57,356.77,356.8,352.73,333.7,,0.1575,21250,3,0.98
620,356.81,355.76,357.48,357.54,357.03,358.55,356.77,356.8,352.75,333.54,,0.1575,21250,3,0.98
621,356.78,355.78,357.47,357.54,357.02,358.53,356.73,356.84,352.63,333.39,,0.1575,21250,3,0.98
622,356.76,355.79,357.45,357.54,357.0,358.52,356.7,356.92,352.52,333.26,,0.1575,21250,3,0.98
623,356.74,355.81,357.45,357.53,356.99,358.5,356.69,356.94,352.46,333.19,,0.1575,21250,3,0.98
624,356.73,355.81,357.43,357.54,356.98,358.49,356.68,356.79,352.43,333.1,,0.1575,21250,3,0.98
625,356.73,355.81,357.43,357.53,356.97,358.47,356.64,356.65,352.45,333.0,,0.1575,21250,3,0.98
626,356.73,355.8,357.41,357.52,356.97,358.46,356.6,356.63,352.55,332.89,,0.1575,21250,3,0.98
627,356.74,355.81,357.42,357.52,356.97,358.44,356.6,356.67,352.71,332.81,,0.1575,21250,3,0.98
628,356.74,355.81,357.41,357.51,356.96,358.44,356.6,356.71,352.79,332.74,,0.1575,21250,3,0.98
629,356.75,355.8,357.4,357.5,356.95,358.43,356.6,356.72,352.87,332.7,,0.1575,21250,3,0.98
630,356.75,355.79,357.39,357.49,356.93,358.42,356.54,356.77,352.89,332.71,,0.1575,21250,3,0.98
631,356.75,355.78,357.38,357.46,356.91,358.41,356.49,356.8,352.95,332.74,,0.1575,21250,3,0.98
632,356.75,355.78,357.37,357.46,356.91,358.41,356.5,356.83,353.01,332.77,,0.1575,21250,3,0.98
633,356.74,355.78,357.35,357.44,356.91,358.4,356.5,356.85,353.08,332.82,,0.1575,21250,3,0.98
634,356.75,355.76,357.34,357.44,356.9,358.41,356.52,356.9,353.15,332.84,,0.1575,21250,3,0.98
635,356.75,355.76,357.33,357.43,356.9,358.41,356.56,356.9,353.24,332.82,,0.1575,21250,3,0.98
636,356.77,355.75,357.32,357.43,356.89,358.4,356.58,356.9,353.33,332.81,,0.1575,21250,3,0.98
637,356.76,355.76,357.29,357.41,356.88,358.41,356.61,356.91,353.41,332.8,,0.1575,21250,3,0.98
638,356.76,355.75,357.26,357.42,356.87,358.4,356.64,356.94,353.5,332.79,,0.1575,21250,3,0.98
639,356.75,355.72,357.23,357.41,356.87,358.4,356.69,356.94,353.59,332.81,,0.1575,21250,3,0.98
640,356.72,355.68,357.2,357.39,356.86,358.39,356.74,356.9,353.63,332.8,,0.1575,21250,3,0.98
