time,ir_center,ir_bulk,ir_p95,ir_p99,ir_p25,ir_std,ir_grad,ir_area
1.0,378.34429931640625,374.0,378.2599792480469,379.94000244140625,240.739990234375,72.20806884765625,-1.384307861328125,108994
2.0,378.2093811035156,374.0199890136719,378.2200012207031,379.91998291015625,244.26998901367188,70.61773681640625,-1.269378662109375,108994
3.0,378.44091796875,374.0799865722656,378.3599853515625,380.0799865722656,245.32501220703125,69.82289123535156,-1.420928955078125,108994
4.0,378.4712829589844,374.05999755859375,378.3399963378906,380.17999267578125,246.16500854492188,69.31416320800781,-1.4512939453125,108994
5.0,378.33038330078125,374.0799865722656,378.3599853515625,380.1600036621094,248.01998901367188,68.43224334716797,-1.310394287109375,108994
6.0,378.3114318847656,373.97998046875,378.0799865722656,379.97998046875,248.95999145507812,67.87910461425781,-1.43145751953125,108994
7.0,378.1238708496094,374.0199890136719,378.17999267578125,379.91998291015625,249.57998657226562,67.5548324584961,-1.223876953125,108994
8.0,378.2535400390625,374.0799865722656,378.2599792480469,380.0,249.69998168945312,67.45852661132812,-1.293548583984375,108994
9.0,378.37933349609375,374.0799865722656,378.29998779296875,380.0213928222656,251.0,67.01109313964844,-1.39935302734375,108994
10.0,378.5428771972656,373.969970703125,378.3399963378906,380.1999816894531,251.67999267578125,66.47041320800781,-1.562896728515625,108994
11.0,378.3088684082031,373.94000244140625,378.22698974609375,380.0,251.8800048828125,66.38893127441406,-1.388885498046875,108994
12.0,378.4901123046875,374.0,378.3199768066406,380.1399841308594,252.2449951171875,66.2210693359375,-1.4901123046875,108994
13.0,378.58551025390625,374.0199890136719,378.3999938964844,380.3199768066406,252.55999755859375,65.95368194580078,-1.5255126953125,108994
14.0,378.4971923828125,373.9599914550781,378.3399963378906,380.2200012207031,253.25997924804688,65.65995788574219,-1.5172119140625,108994
15.0,378.5181579589844,374.0199890136719,378.3799743652344,380.1199951171875,253.44000244140625,65.56520080566406,-1.478179931640625,108994
16.0,378.49554443359375,374.0,378.41998291015625,380.1399841308594,253.33999633789062,65.4722900390625,-1.45556640625,108994
17.0,378.35858154296875,374.03997802734375,378.3199768066406,379.97998046875,253.83999633789062,65.2441635131836,-1.35858154296875,108994
18.0,378.4346008300781,373.97998046875,378.29998779296875,380.0,254.82000732421875,64.8568344116211,-1.454620361328125,108994
19.0,378.5063781738281,373.9599914550781,378.2799987792969,380.0,255.13998413085938,64.6478500366211,-1.566375732421875,108994
20.0,378.3370666503906,373.8799743652344,378.17999267578125,379.91998291015625,255.364990234375,64.46782684326172,-1.43707275390625,108994
21.0,378.35418701171875,373.8599853515625,378.239990234375,380.0199890136719,255.95999145507812,64.30859375,-1.474212646484375,108994
22.0,378.3440856933594,373.8399963378906,378.2200012207031,380.0,256.55999755859375,64.00029754638672,-1.484100341796875,108994
23.0,378.2537841796875,373.8199768066406,378.1199951171875,379.8799743652344,256.53997802734375,64.10606384277344,-1.45379638671875,108994
24.0,378.36962890625,373.91998291015625,378.2799987792969,380.03997802734375,256.8399963378906,63.95833969116211,-1.44964599609375,108994
25.0,378.4871826171875,374.0,378.44000244140625,380.2013854980469,257.1399841308594,63.75816345214844,-1.44720458984375,108994
26.0,378.43475341796875,373.94000244140625,378.29998779296875,380.0199890136719,257.53997802734375,63.652217864990234,-1.45477294921875,108994
27.0,378.2753601074219,373.8399963378906,378.17999267578125,379.8799743652344,257.2599792480469,63.56733703613281,-1.45538330078125,108994
28.0,378.28668212890625,373.8199768066406,378.2200012207031,379.9599914550781,257.9599914550781,63.48912811279297,-1.446685791015625,108994
29.0,378.2862243652344,373.79998779296875,378.2200012207031,379.91998291015625,257.8399963378906,63.44287872314453,-1.46624755859375,108994
30.0,378.3299865722656,373.79998779296875,378.239990234375,379.91998291015625,257.3199768066406,63.350341796875,-1.489990234375,108994
31.0,378.4711608886719,373.8599853515625,378.2599792480469,380.05999755859375,257.0799865722656,63.399715423583984,-1.5911865234375,108994
32.0,378.512451171875,373.97998046875,378.3399963378906,380.05999755859375,256.30499267578125,63.50132369995117,-1.492462158203125,108994
33.0,378.476318359375,374.0,378.3199768066406,380.05999755859375,256.94000244140625,63.258453369140625,-1.476318359375,108994
34.0,378.5334777832031,374.0799865722656,378.3199768066406,380.0199890136719,257.17999267578125,63.290855407714844,-1.51348876953125,108994
35.0,378.56158447265625,374.1199951171875,378.44000244140625,380.1399841308594,257.79998779296875,63.187808990478516,-1.5015869140625,108994
36.0,378.5612487792969,374.1999816894531,378.53997802734375,380.1999816894531,258.05999755859375,62.9813346862793,-1.4012451171875,108994
37.0,378.5606689453125,374.17999267578125,378.47998046875,380.181396484375,258.7799987792969,62.65349578857422,-1.400665283203125,108994
38.0,378.483154296875,374.05999755859375,378.3799743652344,380.0799865722656,259.0799865722656,62.47136688232422,-1.42315673828125,108994
39.0,378.4313659667969,373.9599914550781,378.2599792480469,380.0199890136719,260.0249938964844,62.188743591308594,-1.47137451171875,108994
40.0,378.4668273925781,373.9599914550781,378.3199768066406,380.03997802734375,260.29998779296875,62.06123733520508,-1.526824951171875,108994
41.0,378.4693908691406,373.8999938964844,378.2200012207031,379.97998046875,260.885009765625,61.942237854003906,-1.58941650390625,108994
42.0,378.4521484375,373.79998779296875,378.0799865722656,379.97998046875,260.6199951171875,61.905208587646484,-1.692169189453125,108994
43.0,378.2464904785156,373.7200012207031,377.9599914550781,379.7200012207031,260.6000061035156,61.85495376586914,-1.58648681640625,108994
44.0,378.38665771484375,373.67999267578125,378.05999755859375,379.8399963378906,260.05999755859375,61.85879135131836,-1.686676025390625,108994
45.0,378.4640808105469,373.8199768066406,378.2599792480469,380.0,259.6399841308594,62.020896911621094,-1.62408447265625,108994
46.0,378.2504577636719,373.8399963378906,378.1399841308594,379.8599853515625,259.91998291015625,61.95735549926758,-1.450469970703125,108994
47.0,378.235595703125,373.7799987792969,378.05999755859375,379.79998779296875,260.41998291015625,61.823978424072266,-1.49560546875,108994
48.0,378.44720458984375,373.7799987792969,378.05999755859375,379.9599914550781,261.17999267578125,61.5357780456543,-1.667205810546875,108994
49.0,378.4872131347656,373.79998779296875,378.05999755859375,379.98138427734375,260.9599914550781,61.534881591796875,-1.687225341796875,108994
50.0,378.66656494140625,373.7200012207031,378.1199951171875,380.17999267578125,261.29998779296875,61.5252799987793,-1.886566162109375,108994
51.0,378.4014587402344,373.7200012207031,378.0999755859375,379.97998046875,261.94000244140625,61.16903305053711,-1.68145751953125,108994
52.0,378.5108337402344,373.739990234375,378.1999816894531,380.05999755859375,261.8999938964844,61.16889953613281,-1.7308349609375,108994
53.0,378.4123840332031,373.8999938964844,378.29998779296875,380.0,261.42498779296875,61.25765609741211,-1.51239013671875,108994
54.0,378.35693359375,373.8399963378906,378.1999816894531,379.91998291015625,261.55999755859375,61.17945861816406,-1.4969482421875,108994
55.0,378.2228088378906,373.6999816894531,377.97998046875,379.739990234375,261.44000244140625,61.22324752807617,-1.602813720703125,108994
56.0,378.2476501464844,373.7200012207031,378.0,379.79998779296875,261.42498779296875,61.33627700805664,-1.607666015625,108994
57.0,378.3918151855469,373.7599792480469,378.1199951171875,380.00140380859375,261.2250061035156,61.466556549072266,-1.61181640625,108994
58.0,378.4023132324219,373.7200012207031,378.1399841308594,380.03997802734375,260.6050109863281,61.516258239746094,-1.662322998046875,108994
59.0,378.233642578125,373.6399841308594,377.96697998046875,379.92138671875,260.3599853515625,61.4019660949707,-1.593658447265625,108994
60.0,378.0601501464844,373.6600036621094,377.91998291015625,379.67999267578125,260.6000061035156,61.31356430053711,-1.500152587890625,108994
61.0,377.931396484375,373.739990234375,377.91998291015625,379.5999755859375,260.5799865722656,61.33845901489258,-1.3114013671875,108994
62.0,377.9372863769531,373.67999267578125,377.8199768066406,379.5799865722656,260.47998046875,61.318145751953125,-1.377288818359375,108994
63.0,377.94354248046875,373.67999267578125,377.8599853515625,379.53997802734375,259.7799987792969,61.5477180480957,-1.383544921875,108994
64.0,377.9903869628906,373.6399841308594,377.8399963378906,379.55999755859375,260.7049865722656,61.253929138183594,-1.430389404296875,108994
65.0,378.3576354980469,373.6600036621094,378.0,379.94000244140625,261.1199951171875,61.09711456298828,-1.65765380859375,108994
66.0,378.3993225097656,373.7799987792969,378.0,379.8999938964844,261.5799865722656,60.89670944213867,-1.6793212890625,108994
67.0,378.2027282714844,373.7799987792969,377.9599914550781,379.7200012207031,261.5050048828125,60.91453552246094,-1.522735595703125,108994
68.0,378.03765869140625,373.79998779296875,377.9469909667969,379.6199951171875,262.5799865722656,60.41171646118164,-1.34368896484375,108994
69.0,377.94586181640625,373.7200012207031,377.8799743652344,379.53997802734375,262.44000244140625,60.48490524291992,-1.34588623046875,108994
70.0,378.2369079589844,373.8599853515625,378.05999755859375,379.6999816894531,262.6999816894531,60.552433013916016,-1.482940673828125,108994
71.0,378.23602294921875,373.79998779296875,378.05999755859375,379.8199768066406,262.1399841308594,60.67566680908203,-1.516021728515625,108994
72.0,378.07965087890625,373.8399963378906,377.97998046875,379.6600036621094,262.2049865722656,60.72456741333008,-1.359649658203125,108994
73.0,378.0157165527344,373.8399963378906,377.94000244140625,379.6399841308594,262.1399841308594,60.67061233520508,-1.335723876953125,108994
74.0,378.0381774902344,373.8999938964844,378.0199890136719,379.6399841308594,262.3199768066406,60.56208801269531,-1.298187255859375,108994
75.0,378.2943420410156,373.8399963378906,378.0799865722656,379.8199768066406,262.1999816894531,60.60442352294922,-1.51434326171875,108994
76.0,378.3135681152344,373.8199768066406,378.1199951171875,379.91998291015625,262.364990234375,60.43522644042969,-1.5335693359375,108994
77.0,378.2119140625,373.8999938964844,378.1399841308594,379.8799743652344,262.2599792480469,60.5361213684082,-1.41192626953125,108994
78.0,378.2045593261719,373.91998291015625,378.0799865722656,379.79998779296875,262.6600036621094,60.33820724487305,-1.424560546875,108994
79.0,378.0472106933594,373.7200012207031,377.8599853515625,379.55999755859375,262.6999816894531,60.466163635253906,-1.447235107421875,108994
80.0,378.1744384765625,373.5999755859375,377.7599792480469,379.6399841308594,262.8599853515625,60.41831970214844,-1.6744384765625,108994
81.0,378.2296447753906,373.67999267578125,377.94000244140625,379.8599853515625,262.2599792480469,60.49675369262695,-1.58966064453125,108994
82.0,378.4302062988281,373.5799865722656,377.94000244140625,379.8999938964844,262.5,60.28949737548828,-1.830230712890625,108994
83.0,378.4655456542969,373.55999755859375,377.8999938964844,379.91998291015625,261.79998779296875,60.290443420410156,-1.845550537109375,108994
84.0,378.084716796875,373.67999267578125,377.8599853515625,379.6399841308594,261.7799987792969,60.49007034301758,-1.52471923828125,108994
85.0,378.11895751953125,373.6999816894531,377.8199768066406,379.6399841308594,261.6399841308594,60.47175598144531,-1.5589599609375,108994
86.0,378.141845703125,373.6600036621094,377.8599853515625,379.6600036621094,261.41998291015625,60.46079635620117,-1.58184814453125,108994
87.0,378.2162170410156,373.55999755859375,377.8799743652344,379.8199768066406,262.3199768066406,60.34456253051758,-1.656219482421875,108994
88.0,378.08184814453125,373.53997802734375,377.8199768066406,379.62139892578125,262.97998046875,60.12549591064453,-1.561859130859375,108994
89.0,378.18060302734375,373.53997802734375,377.8799743652344,379.8199768066406,262.2649841308594,60.250606536865234,-1.62060546875,108994
90.0,378.0804443359375,373.55999755859375,377.79998779296875,379.55999755859375,263.04498291015625,59.87916564941406,-1.5804443359375,108994
91.0,378.06866455078125,373.67999267578125,377.91998291015625,379.5799865722656,263.1600036621094,59.75438690185547,-1.46868896484375,108994
92.0,377.9770812988281,373.5999755859375,377.8399963378906,379.53997802734375,262.1600036621094,59.821441650390625,-1.477081298828125,108994
93.0,377.9711608886719,373.5799865722656,377.79998779296875,379.55999755859375,262.67999267578125,59.71098709106445,-1.491180419921875,108994
94.0,377.9802551269531,373.53997802734375,377.7799987792969,379.4599914550781,261.8199768066406,60.10653305053711,-1.520263671875,108994
95.0,378.0946960449219,373.53997802734375,377.7799987792969,379.5199890136719,262.29998779296875,59.93955612182617,-1.614715576171875,108994
96.0,378.61376953125,373.55999755859375,377.91998291015625,380.05999755859375,262.67999267578125,59.84901809692383,-2.0137939453125,108994
97.0,378.4937744140625,373.5199890136719,377.8799743652344,379.91998291015625,262.9049987792969,59.80878448486328,-1.973785400390625,108994
98.0,378.2334289550781,373.41998291015625,377.8199768066406,379.7200012207031,263.2449951171875,59.63890838623047,-1.813446044921875,108994
99.0,378.1477966308594,373.3799743652344,377.8399963378906,379.5999755859375,262.1650085449219,59.92222595214844,-1.727813720703125,108994
100.0,377.95098876953125,373.44000244140625,377.8999938964844,379.7200012207031,261.5199890136719,60.08634948730469,-1.47100830078125,108994
101.0,377.87054443359375,373.55999755859375,377.8199768066406,379.44000244140625,262.05999755859375,59.881065368652344,-1.410552978515625,108994
102.0,378.41326904296875,373.5799865722656,378.0199890136719,379.8399963378906,262.67999267578125,59.75639724731445,-1.853271484375,108994
103.0,378.42071533203125,373.5199890136719,378.03997802734375,379.8799743652344,263.03997802734375,59.611507415771484,-1.840728759765625,108994
104.0,378.22393798828125,373.7200012207031,378.05999755859375,379.6999816894531,263.1600036621094,59.67827224731445,-1.5439453125,108994
105.0,378.30963134765625,373.79998779296875,378.05999755859375,379.7200012207031,262.7599792480469,59.85527420043945,-1.56964111328125,108994
106.0,378.4651794433594,373.739990234375,377.97998046875,379.8799743652344,262.29998779296875,60.0911979675293,-1.76519775390625,108994
107.0,378.46807861328125,373.6600036621094,377.94000244140625,379.79998779296875,263.29998779296875,59.74717330932617,-1.86810302734375,108994
108.0,378.1047668457031,373.5199890136719,377.739990234375,379.53997802734375,263.1600036621094,59.65340042114258,-1.644775390625,108994
109.0,377.93701171875,373.53997802734375,377.6199951171875,379.3799743652344,263.0,59.53425979614258,-1.557037353515625,108994
110.0,378.029296875,373.5999755859375,377.6399841308594,379.47998046875,263.29998779296875,59.387149810791016,-1.629302978515625,108994
111.0,377.93035888671875,373.5799865722656,377.6600036621094,379.47998046875,263.1999816894531,59.44038391113281,-1.5103759765625,108994
112.0,378.04803466796875,373.5999755859375,377.67999267578125,379.53997802734375,263.739990234375,59.44904327392578,-1.648040771484375,108994
113.0,377.9518127441406,373.55999755859375,377.6399841308594,379.44000244140625,263.7200012207031,59.49941635131836,-1.591827392578125,108994
114.0,378.0092468261719,373.5799865722656,377.7799987792969,379.6399841308594,263.17999267578125,59.777198791503906,-1.54925537109375,108994
115.0,377.9081115722656,373.6399841308594,377.6399841308594,379.3999938964844,263.8800048828125,59.661991119384766,-1.488128662109375,108994
116.0,378.0266418457031,373.5,377.6399841308594,379.4613952636719,264.1000061035156,59.54425811767578,-1.666656494140625,108994
117.0,377.9776611328125,373.3999938964844,377.5999755859375,379.41998291015625,263.97998046875,59.47213363647461,-1.717681884765625,108994
118.0,378.1030578613281,373.41998291015625,377.6199951171875,379.5,263.6999816894531,59.5040397644043,-1.7630615234375,108994
119.0,377.9135437011719,373.4599914550781,377.53997802734375,379.3799743652344,262.44000244140625,59.93819046020508,-1.613555908203125,108994
120.0,378.02288818359375,373.5999755859375,377.67999267578125,379.44000244140625,263.6199951171875,59.68558120727539,-1.5828857421875,108994
121.0,377.8599853515625,373.6999816894531,377.6869812011719,379.29998779296875,263.2649841308594,59.609222412109375,-1.399993896484375,108994
122.0,377.8985900878906,373.67999267578125,377.6999816894531,379.3799743652344,263.5249938964844,59.4127197265625,-1.4385986328125,108994
123.0,377.8910217285156,373.67999267578125,377.739990234375,379.3999938964844,263.47998046875,59.27268600463867,-1.411041259765625,108994
124.0,377.98992919921875,373.5799865722656,377.7599792480469,379.5199890136719,264.03997802734375,59.24152755737305,-1.529937744140625,108994
125.0,378.0079650878906,373.6399841308594,377.79998779296875,379.5,264.3800048828125,59.10358428955078,-1.507965087890625,108994
126.0,377.89801025390625,373.7799987792969,377.8399963378906,379.3799743652344,264.47998046875,59.18204116821289,-1.318023681640625,108994
127.0,378.0497131347656,373.8399963378906,377.8799743652344,379.53997802734375,264.3599853515625,59.36851119995117,-1.429718017578125,108994
128.0,378.05157470703125,373.8599853515625,377.94000244140625,379.55999755859375,263.9849853515625,59.589595794677734,-1.391571044921875,108994
129.0,377.9809265136719,373.8199768066406,377.8599853515625,379.47998046875,264.3599853515625,59.5256233215332,-1.40093994140625,108994
130.0,377.9051818847656,373.6600036621094,377.6999816894531,379.3799743652344,264.0799865722656,59.391597747802734,-1.425201416015625,108994
131.0,378.09210205078125,373.6399841308594,377.7799987792969,379.53997802734375,264.55999755859375,59.137794494628906,-1.59210205078125,108994
132.0,378.30291748046875,373.5999755859375,377.8199768066406,379.7799987792969,264.05999755859375,59.04140853881836,-1.80291748046875,108994
133.0,378.03839111328125,373.53997802734375,377.739990234375,379.6399841308594,264.2200012207031,58.98692321777344,-1.618408203125,108994
134.0,377.86962890625,373.47998046875,377.67999267578125,379.4599914550781,264.5,59.05873489379883,-1.5096435546875,108994
135.0,377.966796875,373.4599914550781,377.6600036621094,379.5799865722656,264.4599914550781,59.096099853515625,-1.6068115234375,108994
136.0,378.0384826660156,373.5199890136719,377.6199951171875,379.5999755859375,264.3599853515625,59.27088165283203,-1.698486328125,108994
137.0,378.0390319824219,373.5199890136719,377.6199951171875,379.55999755859375,264.91998291015625,59.14207458496094,-1.6390380859375,108994
138.0,378.0404968261719,373.47998046875,377.6199951171875,379.55999755859375,264.2250061035156,59.362449645996094,-1.70050048828125,108994
139.0,377.9504699707031,373.5,377.7200012207031,379.53997802734375,264.44000244140625,59.13694763183594,-1.57049560546875,108994
140.0,377.9373474121094,373.5,377.739990234375,379.5799865722656,263.3999938964844,59.613346099853516,-1.537353515625,108994
141.0,377.83941650390625,373.47998046875,377.6600036621094,379.4599914550781,263.6600036621094,59.40883255004883,-1.519439697265625,108994
142.0,377.8604736328125,373.47998046875,377.6399841308594,379.41998291015625,263.7449951171875,59.41415023803711,-1.56048583984375,108994
143.0,377.90924072265625,373.5999755859375,377.67999267578125,379.3999938964844,263.94000244140625,59.37406921386719,-1.509246826171875,108994
144.0,377.87188720703125,373.5199890136719,377.6199951171875,379.3599853515625,263.9599914550781,59.36991882324219,-1.531890869140625,108994
145.0,378.03387451171875,373.5199890136719,377.67999267578125,379.5199890136719,264.91998291015625,59.065773010253906,-1.653900146484375,108994
146.0,378.12384033203125,373.53997802734375,377.67999267578125,379.55999755859375,263.9649963378906,59.069374084472656,-1.723846435546875,108994
147.0,377.9723815917969,373.6600036621094,377.6999816894531,379.5199890136719,264.5199890136719,58.8966064453125,-1.552398681640625,108994
148.0,378.0841064453125,373.6600036621094,377.739990234375,379.5799865722656,264.1999816894531,58.90352249145508,-1.6041259765625,108994
149.0,377.9790954589844,373.5799865722656,377.6600036621094,379.55999755859375,264.67999267578125,58.89956283569336,-1.59912109375,108994
150.0,377.94830322265625,373.5999755859375,377.7200012207031,379.5213928222656,264.8800048828125,58.90896987915039,-1.50830078125,108994
151.0,378.0361022949219,373.6199951171875,377.6999816894531,379.41998291015625,265.29998779296875,58.752967834472656,-1.616119384765625,108994
152.0,377.9166259765625,373.6399841308594,377.6600036621094,379.3599853515625,265.5050048828125,58.58549118041992,-1.516632080078125,108994
153.0,377.79534912109375,373.6399841308594,377.6199951171875,379.2200012207031,265.97998046875,58.4903564453125,-1.415374755859375,108994
154.0,377.8843078613281,373.6600036621094,377.6669921875,379.3399963378906,265.8399963378906,58.41904830932617,-1.464324951171875,108994
155.0,377.90020751953125,373.7200012207031,377.79998779296875,379.3799743652344,266.2200012207031,58.52583694458008,-1.440216064453125,108994
156.0,377.9926452636719,373.8999938964844,377.8599853515625,379.47998046875,266.3599853515625,58.49430847167969,-1.372650146484375,108994
157.0,378.024169921875,373.97998046875,377.94000244140625,379.47998046875,265.8399963378906,58.588539123535156,-1.2841796875,108994
158.0,378.0072021484375,373.8399963378906,377.8999938964844,379.5199890136719,265.6050109863281,58.522769927978516,-1.38720703125,108994
159.0,378.0445556640625,373.91998291015625,377.91998291015625,379.53997802734375,265.7200012207031,58.557044982910156,-1.384552001953125,108994
160.0,378.2515869140625,373.8799743652344,378.0199890136719,379.7200012207031,265.7799987792969,58.6457633972168,-1.5115966796875,108994
161.0,378.0523986816406,373.8999938964844,377.94000244140625,379.6399841308594,265.3199768066406,58.62307357788086,-1.3524169921875,108994
162.0,377.99609375,373.91998291015625,377.8599853515625,379.5,266.0799865722656,58.531436920166016,-1.336090087890625,108994
163.0,378.0076599121094,373.91998291015625,377.8799743652344,379.4599914550781,265.8800048828125,58.5931510925293,-1.327667236328125,108994
164.0,378.156005859375,373.8399963378906,377.94000244140625,379.5799865722656,265.7200012207031,58.612457275390625,-1.496002197265625,108994
165.0,378.244384765625,373.8799743652344,377.91998291015625,379.62139892578125,266.05999755859375,58.47943878173828,-1.56439208984375,108994
166.0,378.1134033203125,373.91998291015625,377.8999938964844,379.55999755859375,265.8199768066406,58.55757141113281,-1.453399658203125,108994
167.0,378.1988220214844,373.7599792480469,377.8799743652344,379.55999755859375,265.67999267578125,58.51948165893555,-1.598846435546875,108994
168.0,378.20477294921875,373.7799987792969,377.91998291015625,379.5999755859375,265.8199768066406,58.71065139770508,-1.60479736328125,108994
169.0,378.05712890625,373.79998779296875,377.8799743652344,379.53997802734375,265.55999755859375,58.73146057128906,-1.4571533203125,108994
170.0,378.0335998535156,373.79998779296875,377.8799743652344,379.5999755859375,266.0199890136719,58.536895751953125,-1.413604736328125,108994
171.0,378.2125549316406,373.91998291015625,377.91998291015625,379.6199951171875,266.47998046875,58.51539993286133,-1.532562255859375,108994
172.0,378.25543212890625,373.8599853515625,377.8599853515625,379.53997802734375,265.6000061035156,58.4881477355957,-1.615447998046875,108994
173.0,378.30780029296875,373.8199768066406,377.79998779296875,379.5999755859375,266.739990234375,58.227394104003906,-1.747802734375,108994
174.0,378.23779296875,373.739990234375,377.8669738769531,379.67999267578125,267.0199890136719,58.275997161865234,-1.69781494140625,108994
175.0,378.29656982421875,373.6600036621094,377.79998779296875,379.6999816894531,265.8399963378906,58.55343246459961,-1.81658935546875,108994
176.0,378.24090576171875,373.5799865722656,377.7200012207031,379.8199768066406,265.2799987792969,58.6032829284668,-1.780914306640625,108994
177.0,378.1477355957031,373.6600036621094,377.7799987792969,379.6999816894531,265.6000061035156,58.435455322265625,-1.607757568359375,108994
178.0,378.0790710449219,373.67999267578125,377.79998779296875,379.53997802734375,266.1000061035156,58.053504943847656,-1.55908203125,108994
179.0,378.05242919921875,373.7200012207031,377.7599792480469,379.47998046875,265.7599792480469,58.28603744506836,-1.532440185546875,108994
180.0,378.02984619140625,373.6999816894531,377.79998779296875,379.5,265.6399841308594,58.324615478515625,-1.535858154296875,108994
181.0,377.94561767578125,373.7200012207031,377.8399963378906,379.5199890136719,265.1600036621094,58.50209045410156,-1.451629638671875,108994
182.0,377.99029541015625,373.6199951171875,377.79998779296875,379.8399963378906,265.6999816894531,58.38211441040039,-1.470306396484375,108994
183.0,378.2372131347656,373.55999755859375,377.8999938964844,379.8999938964844,265.6600036621094,58.26539611816406,-1.637237548828125,108994
184.0,378.0076904296875,373.53997802734375,377.739990234375,379.47998046875,265.29998779296875,58.36133575439453,-1.547698974609375,108994
185.0,378.1264953613281,373.5999755859375,377.7799987792969,379.4599914550781,266.0199890136719,58.16893768310547,-1.626495361328125,108994
186.0,378.30487060546875,373.6199951171875,377.7599792480469,379.5799865722656,266.0199890136719,58.255210876464844,-1.784881591796875,108994
187.0,378.43841552734375,373.72998046875,377.8399963378906,379.681396484375,266.2850036621094,58.256656646728516,-1.81842041015625,108994
188.0,378.5417785644531,373.8399963378906,377.9599914550781,379.79998779296875,266.5199890136719,58.14862823486328,-1.801788330078125,108994
189.0,378.6103515625,373.91998291015625,378.0269775390625,379.91998291015625,266.8599853515625,58.089656829833984,-1.830352783203125,108994
190.0,378.4523620605469,373.7599792480469,377.91998291015625,379.79998779296875,266.7200012207031,58.069969177246094,-1.8123779296875,108994
191.0,378.14984130859375,373.67999267578125,377.8599853515625,379.55999755859375,266.04498291015625,58.396484375,-1.58984375,108994
192.0,378.1606140136719,373.6399841308594,377.7599792480469,379.5,264.9599914550781,58.58621597290039,-1.640625,108994
193.0,378.07769775390625,373.67999267578125,377.7599792480469,379.47998046875,264.8999938964844,58.47465515136719,-1.5377197265625,108994
194.0,378.2169189453125,373.7799987792969,377.7599792480469,379.5199890136719,264.8999938964844,58.63838577270508,-1.67694091796875,108994
195.0,378.23175048828125,373.8399963378906,377.8399963378906,379.5999755859375,263.94000244140625,58.77573013305664,-1.61175537109375,108994
196.0,378.15472412109375,373.8599853515625,377.8799743652344,379.53997802734375,265.0849914550781,58.61431884765625,-1.494720458984375,108994
197.0,377.93218994140625,373.79998779296875,377.739990234375,379.29998779296875,265.05999755859375,58.65006637573242,-1.3721923828125,108994
198.0,377.9815979003906,373.7799987792969,377.7599792480469,379.3799743652344,264.8399963378906,58.77208709716797,-1.421600341796875,108994
199.0,378.1516418457031,373.7599792480469,377.7799987792969,379.47998046875,265.239990234375,58.60674285888672,-1.611663818359375,108994
200.0,377.9950866699219,373.6999816894531,377.67999267578125,379.3599853515625,265.1449890136719,58.59477233886719,-1.515106201171875,108994
201.0,377.82147216796875,373.6999816894531,377.55999755859375,379.2200012207031,265.1399841308594,58.62869644165039,-1.421478271484375,108994
202.0,377.80010986328125,373.7200012207031,377.6199951171875,379.2599792480469,266.1999816894531,58.34964370727539,-1.360107421875,108994
203.0,378.0729064941406,373.67999267578125,377.6399841308594,379.4599914550781,266.1999816894531,58.28843688964844,-1.652923583984375,108994
204.0,378.01336669921875,373.7200012207031,377.6999816894531,379.47998046875,265.4599914550781,58.193206787109375,-1.53338623046875,108994
205.0,378.2442626953125,373.6399841308594,377.739990234375,379.5999755859375,265.0,58.441226959228516,-1.7442626953125,108994
206.0,378.3004150390625,373.67999267578125,377.7599792480469,379.6999816894531,265.05999755859375,58.471046447753906,-1.8004150390625,108994
207.0,378.20947265625,373.6600036621094,377.739990234375,379.6399841308594,266.1600036621094,58.23732376098633,-1.70947265625,108994
208.0,378.0551452636719,373.8199768066406,377.79998779296875,379.53997802734375,266.2799987792969,58.2183837890625,-1.47515869140625,108994
209.0,378.05352783203125,373.79998779296875,377.7200012207031,379.4599914550781,266.3399963378906,58.361793518066406,-1.5135498046875,108994
210.0,377.92333984375,373.8199768066406,377.7200012207031,379.3199768066406,266.2200012207031,58.26203918457031,-1.389373779296875,108994
211.0,377.9164123535156,373.8199768066406,377.739990234375,379.2799987792969,265.6000061035156,58.49266815185547,-1.356414794921875,108994
212.0,378.0080261230469,373.7200012207031,377.79998779296875,379.44000244140625,265.17999267578125,58.580284118652344,-1.468048095703125,108994
213.0,378.1014404296875,373.7799987792969,377.8599853515625,379.5,266.1399841308594,58.40327453613281,-1.521453857421875,108994
214.0,378.0071716308594,373.79998779296875,377.8199768066406,379.41998291015625,265.8599853515625,58.37537384033203,-1.447174072265625,108994
215.0,378.0440368652344,373.79998779296875,377.7799987792969,379.44000244140625,266.3450012207031,58.07038879394531,-1.484039306640625,108994
216.0,378.09613037109375,373.8399963378906,377.8399963378906,379.5,266.6600036621094,58.044334411621094,-1.49615478515625,108994
217.0,378.1044921875,373.79998779296875,377.79998779296875,379.4599914550781,266.239990234375,58.179500579833984,-1.524505615234375,108994
218.0,378.1650695800781,373.7799987792969,377.7799987792969,379.4599914550781,266.05999755859375,58.27750015258789,-1.625091552734375,108994
219.0,378.02838134765625,373.739990234375,377.7200012207031,379.3999938964844,265.97998046875,58.25702667236328,-1.58837890625,108994
220.0,378.4539489746094,373.8999938964844,377.8999938964844,379.79998779296875,266.3999938964844,58.030303955078125,-1.81396484375,108994
221.0,378.21142578125,373.7200012207031,377.8399963378906,379.8399963378906,266.67999267578125,58.02345657348633,-1.65142822265625,108994
222.0,378.2066955566406,373.7200012207031,377.8799743652344,379.8199768066406,266.55999755859375,58.196006774902344,-1.666717529296875,108994
223.0,378.2273864746094,373.8199768066406,377.9599914550781,379.7599792480469,266.8399963378906,58.0756721496582,-1.547393798828125,108994
224.0,378.2585754394531,373.7599792480469,377.91998291015625,379.7200012207031,266.6000061035156,58.010746002197266,-1.59857177734375,108994
225.0,378.26409912109375,373.8199768066406,377.8599853515625,379.681396484375,266.6999816894531,58.06385040283203,-1.624114990234375,108994
226.0,378.0257873535156,373.8199768066406,377.7799987792969,379.4599914550781,266.239990234375,58.32404327392578,-1.44580078125,108994
227.0,377.95501708984375,373.8399963378906,377.7799987792969,379.3799743652344,266.47998046875,58.33231735229492,-1.35504150390625,108994
228.0,378.1139831542969,373.7799987792969,377.739990234375,379.44000244140625,267.03997802734375,58.24540710449219,-1.53399658203125,108994
229.0,377.9291076660156,373.6399841308594,377.6399841308594,379.3199768066406,267.47998046875,57.7824592590332,-1.54913330078125,108994
230.0,378.1919860839844,373.7799987792969,377.8599853515625,379.5999755859375,267.5199890136719,57.786773681640625,-1.631988525390625,108994
231.0,378.216552734375,373.7799987792969,377.8799743652344,379.6399841308594,267.03997802734375,57.871639251708984,-1.636566162109375,108994
232.0,378.2193908691406,373.7599792480469,377.79998779296875,379.5999755859375,267.1999816894531,57.87224197387695,-1.679412841796875,108994
233.0,377.9543151855469,373.7200012207031,377.67999267578125,379.4599914550781,267.03997802734375,57.943782806396484,-1.49432373046875,108994
234.0,377.8939208984375,373.7799987792969,377.7200012207031,379.4599914550781,267.3599853515625,57.83146286010742,-1.4139404296875,108994
235.0,378.0325622558594,373.9599914550781,377.8799743652344,379.5,266.97998046875,57.85649108886719,-1.352569580078125,108994
236.0,378.3975830078125,373.8399963378906,377.8799743652344,379.739990234375,267.2250061035156,57.84607696533203,-1.737579345703125,108994
237.0,378.2293395996094,373.6999816894531,377.739990234375,379.53997802734375,267.2200012207031,57.7603759765625,-1.7093505859375,108994
238.0,378.0873107910156,373.6399841308594,377.6199951171875,379.44000244140625,267.2799987792969,57.78023910522461,-1.70733642578125,108994
239.0,378.15228271484375,373.6600036621094,377.67999267578125,379.5213928222656,267.3199768066406,57.735572814941406,-1.7122802734375,108994
240.0,378.271484375,373.9599914550781,377.91998291015625,379.6199951171875,266.6600036621094,57.984825134277344,-1.551483154296875,108994
241.0,378.4159851074219,373.97998046875,378.03997802734375,379.7799987792969,267.3199768066406,57.79936981201172,-1.59600830078125,108994
242.0,378.5044860839844,373.94000244140625,378.03997802734375,379.8599853515625,267.1199951171875,57.97664260864258,-1.7445068359375,108994
243.0,378.42205810546875,374.0799865722656,378.05999755859375,379.739990234375,267.1999816894531,58.01983642578125,-1.6220703125,108994
244.0,378.6598205566406,373.94000244140625,378.0199890136719,379.91998291015625,267.2599792480469,57.981422424316406,-1.89984130859375,108994
245.0,378.48046875,373.94000244140625,377.9599914550781,379.8799743652344,267.0,58.02727127075195,-1.760467529296875,108994
246.0,378.4442138671875,373.9599914550781,377.9599914550781,379.8999938964844,267.0799865722656,57.97682571411133,-1.744232177734375,108994
247.0,378.2659606933594,373.9599914550781,377.8799743652344,379.7799987792969,266.5199890136719,58.053680419921875,-1.54595947265625,108994
248.0,378.23455810546875,373.94000244140625,377.8799743652344,379.6999816894531,266.8199768066406,58.096683502197266,-1.534576416015625,108994
249.0,378.0371398925781,373.91998291015625,377.8599853515625,379.55999755859375,266.47998046875,57.95836639404297,-1.37713623046875,108994
250.0,377.8236999511719,373.94000244140625,377.8799743652344,379.41998291015625,266.53997802734375,57.79478454589844,-1.1837158203125,108994
251.0,377.8292236328125,373.94000244140625,377.8999938964844,379.5999755859375,266.2599792480469,57.871315002441406,-1.169219970703125,108994
252.0,378.0995788574219,373.97998046875,377.9599914550781,379.67999267578125,266.1600036621094,57.87883377075195,-1.359588623046875,108994
253.0,378.1497802734375,373.97998046875,378.0999755859375,379.7599792480469,266.2799987792969,57.870826721191406,-1.309783935546875,108994
254.0,378.0207824707031,374.05999755859375,378.0999755859375,379.67999267578125,266.7250061035156,57.86994934082031,-1.14080810546875,108994
255.0,377.9868469238281,374.1600036621094,378.0999755859375,379.67999267578125,266.8599853515625,57.96989822387695,-1.046844482421875,108994
256.0,378.0368957519531,374.03997802734375,378.0199890136719,379.6199951171875,266.55999755859375,57.837120056152344,-1.176910400390625,108994
257.0,378.185302734375,374.0199890136719,378.0999755859375,379.8399963378906,266.9599914550781,57.64569091796875,-1.3253173828125,108994
258.0,378.4051513671875,373.97998046875,378.1399841308594,380.0199890136719,266.8199768066406,57.899658203125,-1.48516845703125,108994
259.0,378.4253234863281,373.8599853515625,378.0799865722656,379.97998046875,267.1000061035156,57.890106201171875,-1.565338134765625,108994
260.0,378.46551513671875,373.91998291015625,378.03997802734375,380.0,267.4649963378906,57.85041809082031,-1.565521240234375,108994
261.0,378.6001281738281,374.0799865722656,378.1999816894531,380.2599792480469,266.8999938964844,58.168392181396484,-1.600128173828125,108994
262.0,378.6805114746094,374.1600036621094,378.239990234375,380.29998779296875,266.5799865722656,58.296241760253906,-1.640533447265625,108994
263.0,378.479248046875,374.05999755859375,378.17999267578125,380.1399841308594,265.97998046875,58.303897857666016,-1.499267578125,108994
264.0,378.577392578125,374.0999755859375,378.1999816894531,380.1399841308594,265.8199768066406,58.20183181762695,-1.557403564453125,108994
265.0,378.8230895996094,374.0799865722656,378.1999816894531,380.3999938964844,265.8999938964844,58.22781753540039,-1.8031005859375,108994
266.0,378.9910583496094,374.05999755859375,378.3199768066406,380.47998046875,266.03997802734375,58.01270294189453,-1.871063232421875,108994
267.0,378.80364990234375,374.17999267578125,378.3399963378906,380.3213806152344,266.739990234375,57.9215087890625,-1.663665771484375,108994
268.0,378.5846862792969,374.03997802734375,378.1399841308594,380.0999755859375,267.04498291015625,57.94272232055664,-1.604705810546875,108994
269.0,378.4366760253906,373.94000244140625,378.05999755859375,379.97998046875,267.1600036621094,57.92597961425781,-1.5966796875,108994
270.0,378.2183532714844,373.94000244140625,377.9599914550781,379.7200012207031,267.239990234375,57.89846420288086,-1.4383544921875,108994
271.0,378.3405456542969,374.0999755859375,378.0999755859375,379.8399963378906,268.0799865722656,57.72771072387695,-1.420562744140625,108994
272.0,378.5379943847656,374.1600036621094,378.1999816894531,380.03997802734375,268.05999755859375,57.74611282348633,-1.537994384765625,108994
273.0,378.6321105957031,374.1999816894531,378.29998779296875,380.1999816894531,267.7850036621094,57.63686752319336,-1.5521240234375,108994
274.0,378.5692138671875,374.1999816894531,378.3599853515625,380.1600036621094,266.6050109863281,57.976070404052734,-1.52923583984375,108994
275.0,378.65045166015625,374.239990234375,378.4599914550781,380.3799743652344,266.94000244140625,58.00456619262695,-1.55047607421875,108994
276.0,378.6734924316406,374.2799987792969,378.53997802734375,380.47998046875,267.3199768066406,58.0314826965332,-1.4735107421875,108994
277.0,378.37481689453125,374.1999816894531,378.2599792480469,380.03997802734375,267.0199890136719,57.931800842285156,-1.3348388671875,108994
278.0,377.9317932128906,374.1600036621094,378.0999755859375,379.6399841308594,265.8599853515625,58.18658447265625,-1.011810302734375,108994
279.0,378.4687805175781,374.2599792480469,378.3399963378906,380.2814025878906,265.6999816894531,58.32265090942383,-1.30877685546875,108994
280.0,378.43994140625,374.29998779296875,378.29998779296875,380.1399841308594,264.9599914550781,58.35850143432617,-1.299957275390625,108994
281.0,378.2314758300781,374.239990234375,378.239990234375,379.91998291015625,266.1600036621094,58.04734420776367,-1.1514892578125,108994
282.0,378.1953125,374.2799987792969,378.2599792480469,379.91998291015625,266.5,58.030303955078125,-1.15533447265625,108994
283.0,378.35870361328125,374.2799987792969,378.3599853515625,380.0199890136719,266.67999267578125,58.122642517089844,-1.23870849609375,108994
284.0,378.5720520019531,374.3799743652344,378.5199890136719,380.2599792480469,265.8800048828125,58.20092010498047,-1.332061767578125,108994
285.0,378.47906494140625,374.3799743652344,378.47998046875,380.0999755859375,266.44500732421875,58.04289245605469,-1.1790771484375,108994
286.0,378.4588317871094,374.3199768066406,378.3799743652344,380.03997802734375,267.0199890136719,57.891998291015625,-1.23883056640625,108994
287.0,378.4740905761719,374.2599792480469,378.2599792480469,380.0199890136719,266.79998779296875,58.09033203125,-1.354095458984375,108994
288.0,378.5253601074219,374.29998779296875,378.3799743652344,380.05999755859375,267.125,57.810699462890625,-1.3653564453125,108994
289.0,378.51873779296875,374.29998779296875,378.3399963378906,380.0799865722656,267.05999755859375,57.865875244140625,-1.378753662109375,108994
290.0,378.53533935546875,374.239990234375,378.3199768066406,380.17999267578125,267.6999816894531,57.66091537475586,-1.455352783203125,108994
291.0,378.6203308105469,374.2799987792969,378.4599914550781,380.3999938964844,268.1999816894531,57.37374496459961,-1.4603271484375,108994
292.0,378.9246826171875,374.3599853515625,378.6600036621094,380.6600036621094,268.3399963378906,57.4742431640625,-1.664703369140625,108994
293.0,378.6719970703125,374.3799743652344,378.5799865722656,380.44000244140625,267.8399963378906,57.85865020751953,-1.4320068359375,108994
294.0,378.7081604003906,374.44000244140625,378.55999755859375,380.4599914550781,267.9849853515625,58.00143814086914,-1.3681640625,108994
295.0,378.5406494140625,374.239990234375,378.3199768066406,380.0999755859375,267.47998046875,57.622764587402344,-1.440673828125,108994
296.0,378.25006103515625,374.1600036621094,378.1199951171875,379.7599792480469,267.42498779296875,57.595497131347656,-1.27008056640625,108994
297.0,378.20166015625,374.0799865722656,378.03997802734375,379.6600036621094,266.739990234375,57.87118911743164,-1.321685791015625,108994
298.0,378.5858459472656,374.03997802734375,378.1600036621094,380.0799865722656,266.8999938964844,57.79936218261719,-1.68585205078125,108994
299.0,378.55572509765625,374.0199890136719,378.1199951171875,380.05999755859375,267.6399841308594,57.727725982666016,-1.675750732421875,108994
300.0,378.70135498046875,374.0999755859375,378.17999267578125,380.2200012207031,268.04498291015625,57.75483703613281,-1.70135498046875,108994
301.0,378.7391662597656,374.03997802734375,378.1999816894531,380.29998779296875,267.41998291015625,57.976356506347656,-1.739166259765625,108994
302.0,378.5718078613281,374.1600036621094,378.1999816894531,380.17999267578125,267.9599914550781,57.7872200012207,-1.531829833984375,108994
303.0,378.48455810546875,374.17999267578125,378.17999267578125,380.0213928222656,268.53997802734375,57.705928802490234,-1.50457763671875,108994
304.0,378.5999450683594,374.239990234375,378.2799987792969,380.1199951171875,268.7200012207031,57.607696533203125,-1.539947509765625,108994
305.0,378.5534362792969,374.1999816894531,378.2200012207031,380.05999755859375,268.3199768066406,57.71247863769531,-1.533447265625,108994
306.0,378.4267883300781,374.17999267578125,378.2200012207031,379.8799743652344,268.55999755859375,57.552337646484375,-1.40679931640625,108994
307.0,378.361328125,374.1600036621094,378.17999267578125,379.8999938964844,268.6449890136719,57.51111602783203,-1.38134765625,108994
308.0,378.3637390136719,374.1999816894531,378.1999816894531,379.8199768066406,269.0,57.32176208496094,-1.323760986328125,108994
309.0,378.22027587890625,374.2599792480469,378.2200012207031,379.79998779296875,268.47998046875,57.410099029541016,-1.1602783203125,108994
310.0,378.3538513183594,374.3199768066406,378.3599853515625,379.91998291015625,268.7599792480469,57.47835922241211,-1.233856201171875,108994
311.0,378.4644775390625,374.2599792480469,378.3599853515625,380.05999755859375,268.29998779296875,57.642574310302734,-1.364501953125,108994
312.0,378.24542236328125,374.2599792480469,378.3399963378906,379.97998046875,268.3599853515625,57.580421447753906,-1.2054443359375,108994
313.0,378.1307678222656,374.3999938964844,378.3199768066406,379.8999938964844,268.5199890136719,57.55128479003906,-1.070770263671875,108994
314.0,378.2635498046875,374.239990234375,378.2799987792969,379.94000244140625,268.1000061035156,57.5080451965332,-1.243560791015625,108994
315.0,378.1292724609375,374.1600036621094,378.1999816894531,379.8199768066406,266.55999755859375,57.84147644042969,-1.18927001953125,108994
316.0,378.2545471191406,374.1399841308594,378.3799743652344,380.0999755859375,266.6600036621094,57.92908477783203,-1.23455810546875,108994
317.0,378.20379638671875,374.0799865722656,378.17999267578125,379.91998291015625,267.4849853515625,57.862430572509766,-1.2637939453125,108994
318.0,378.19207763671875,374.17999267578125,378.1600036621094,379.8599853515625,267.7799987792969,57.846923828125,-1.2520751953125,108994
319.0,378.2081604003906,374.2599792480469,378.2799987792969,379.8999938964844,268.44000244140625,57.4401969909668,-1.168182373046875,108994
320.0,378.16717529296875,374.3399963378906,378.3599853515625,379.97998046875,267.2799987792969,57.780216217041016,-1.06719970703125,108994
321.0,378.22314453125,374.3599853515625,378.3399963378906,380.0,266.6399841308594,58.00192642211914,-1.083160400390625,108994
322.0,378.243408203125,374.29998779296875,378.29998779296875,379.8799743652344,265.7599792480469,58.119667053222656,-1.18341064453125,108994
323.0,378.1446838378906,374.3399963378906,378.2599792480469,379.79998779296875,266.0249938964844,58.0960807800293,-1.044708251953125,108994
324.0,378.1446533203125,374.2799987792969,378.2799987792969,379.8399963378906,265.7599792480469,58.173095703125,-1.064666748046875,108994
325.0,378.2402038574219,374.3399963378906,378.3599853515625,379.8799743652344,266.2850036621094,57.9315071105957,-1.120208740234375,108994
326.0,378.10198974609375,374.3199768066406,378.29998779296875,379.8199768066406,266.739990234375,57.844608306884766,-1.0419921875,108994
327.0,378.1088562011719,374.3399963378906,378.3799743652344,379.8599853515625,267.05999755859375,57.890682220458984,-1.008880615234375,108994
328.0,378.19732666015625,374.3599853515625,378.3999938964844,379.91998291015625,267.0,58.05950164794922,-1.07733154296875,108994
329.0,378.2059020996094,374.3199768066406,378.2599792480469,379.8199768066406,267.2799987792969,57.963401794433594,-1.1859130859375,108994
330.0,378.3558654785156,374.3799743652344,378.3199768066406,379.9013977050781,266.7799987792969,58.12760925292969,-1.21588134765625,108994
331.0,378.53802490234375,374.4599914550781,378.44000244140625,380.1399841308594,266.67999267578125,58.02802658081055,-1.29803466796875,108994
332.0,378.34796142578125,374.3999938964844,378.3799743652344,380.0,266.7799987792969,58.00774002075195,-1.187957763671875,108994
333.0,378.20355224609375,374.3999938964844,378.3199768066406,379.8599853515625,266.79998779296875,57.877479553222656,-1.123565673828125,108994
334.0,378.4652099609375,374.3399963378906,378.3199768066406,379.97998046875,267.05999755859375,57.87028503417969,-1.325225830078125,108994
335.0,378.4698791503906,374.44000244140625,378.41998291015625,380.03997802734375,266.53997802734375,58.138694763183594,-1.2498779296875,108994
336.0,378.7052001953125,374.44000244140625,378.4469909667969,380.1399841308594,265.7599792480469,58.08977127075195,-1.4652099609375,108994
337.0,378.6288146972656,374.44000244140625,378.5199890136719,380.239990234375,265.55999755859375,58.176368713378906,-1.388824462890625,108994
338.0,378.27191162109375,374.44000244140625,378.3799743652344,380.0,266.2599792480469,58.02778625488281,-1.03192138671875,108994
339.0,378.51727294921875,374.5199890136719,378.5199890136719,380.1199951171875,266.3599853515625,58.18927764892578,-1.15728759765625,108994
340.0,378.7681579589844,374.47998046875,378.6600036621094,380.3013916015625,265.94000244140625,58.226566314697266,-1.38818359375,108994
341.0,378.7124938964844,374.55999755859375,378.6999816894531,380.3199768066406,265.54498291015625,58.28580856323242,-1.272491455078125,108994
342.0,378.7438659667969,374.5,378.5799865722656,380.239990234375,265.8450012207031,58.116085052490234,-1.42388916015625,108994
343.0,378.6641540527344,374.3599853515625,378.47998046875,380.1999816894531,265.7599792480469,58.05031967163086,-1.46417236328125,108994
344.0,378.6910400390625,374.3399963378906,378.5199890136719,380.239990234375,266.5,58.063629150390625,-1.51104736328125,108994
345.0,378.6493225097656,374.44000244140625,378.5999755859375,380.2799987792969,266.53997802734375,58.07615661621094,-1.289337158203125,108994
346.0,378.8143310546875,374.4599914550781,378.6199951171875,380.3399963378906,267.03997802734375,57.830169677734375,-1.434356689453125,108994
347.0,378.6109924316406,374.41998291015625,378.47998046875,380.05999755859375,266.8199768066406,57.939239501953125,-1.291015625,108994
348.0,378.4184265136719,374.44000244140625,378.3999938964844,379.97998046875,266.5199890136719,58.01909255981445,-1.19842529296875,108994
349.0,378.3045654296875,374.41998291015625,378.3999938964844,380.0199890136719,266.91998291015625,58.16209411621094,-1.084564208984375,108994
350.0,378.3276672363281,374.3399963378906,378.3999938964844,380.03997802734375,267.239990234375,57.88505935668945,-1.227691650390625,108994
351.0,378.5921325683594,374.29998779296875,378.4599914550781,380.2599792480469,267.17999267578125,57.91031265258789,-1.472137451171875,108994
352.0,378.4071960449219,374.2599792480469,378.4599914550781,380.2599792480469,267.2200012207031,57.63817596435547,-1.2672119140625,108994
353.0,378.6084289550781,374.3599853515625,378.5,380.2200012207031,267.0799865722656,57.730289459228516,-1.388427734375,108994
354.0,378.67962646484375,374.53997802734375,378.67999267578125,380.42138671875,267.1600036621094,57.82899856567383,-1.219635009765625,108994
355.0,378.5229797363281,374.44000244140625,378.4599914550781,380.1199951171875,267.5799865722656,57.8625602722168,-1.24298095703125,108994
356.0,378.59130859375,374.3199768066406,378.44000244140625,380.239990234375,267.2599792480469,57.67393112182617,-1.391326904296875,108994
357.0,378.6495666503906,374.29998779296875,378.41998291015625,380.2799987792969,267.0799865722656,57.89734649658203,-1.4295654296875,108994
358.0,378.6604919433594,374.44000244140625,378.47998046875,380.2799987792969,267.6449890136719,57.83551788330078,-1.32049560546875,108994
359.0,378.5302734375,374.3799743652344,378.41998291015625,379.97998046875,267.97998046875,57.6009521484375,-1.23028564453125,108994
360.0,378.3235778808594,374.3599853515625,378.3799743652344,379.8999938964844,268.4599914550781,57.36215591430664,-1.12359619140625,108994
361.0,378.3687438964844,374.5,378.6399841308594,380.1999816894531,268.1600036621094,57.57243728637695,-1.02874755859375,108994
362.0,378.5823974609375,374.53997802734375,378.5999755859375,380.2200012207031,268.44000244140625,57.61513137817383,-1.222412109375,108994
363.0,378.49053955078125,374.53997802734375,378.55999755859375,380.17999267578125,267.7599792480469,57.79633712768555,-1.210540771484375,108994
364.0,378.6044006347656,374.4599914550781,378.55999755859375,380.3399963378906,268.1199951171875,57.865291595458984,-1.364410400390625,108994
365.0,378.66461181640625,374.3399963378906,378.4599914550781,380.2599792480469,268.2599792480469,57.86323547363281,-1.504608154296875,108994
366.0,378.3927917480469,374.3399963378906,378.47998046875,380.1399841308594,267.8999938964844,58.000701904296875,-1.212799072265625,108994
367.0,378.41436767578125,374.3999938964844,378.44000244140625,380.03997802734375,267.44500732421875,57.90105438232422,-1.194366455078125,108994
368.0,378.3299560546875,374.3799743652344,378.3799743652344,380.0199890136719,267.1000061035156,57.90595626831055,-1.14996337890625,108994
369.0,378.3803405761719,374.3599853515625,378.29998779296875,379.91998291015625,266.6000061035156,57.788265228271484,-1.2403564453125,108994
370.0,378.6489562988281,374.2799987792969,378.2799987792969,380.1999816894531,266.5799865722656,57.7978630065918,-1.528961181640625,108994
371.0,378.76611328125,374.3799743652344,378.44000244140625,380.41998291015625,266.67999267578125,57.74537658691406,-1.486114501953125,108994
372.0,378.9281311035156,374.4599914550781,378.5,380.53997802734375,266.7599792480469,58.03584671020508,-1.588134765625,108994
373.0,378.8949279785156,374.5999755859375,378.6600036621094,380.55999755859375,266.6399841308594,58.22761535644531,-1.414947509765625,108994
374.0,378.72991943359375,374.5799865722656,378.5199890136719,380.3399963378906,267.239990234375,58.000797271728516,-1.389923095703125,108994
375.0,378.6119079589844,374.44000244140625,378.44000244140625,380.2200012207031,267.6000061035156,57.780914306640625,-1.39190673828125,108994
376.0,378.6302795410156,374.5,378.53997802734375,380.3399963378906,267.8999938964844,57.69565963745117,-1.290283203125,108994
377.0,378.6365051269531,374.47998046875,378.53997802734375,380.239990234375,268.0799865722656,57.659645080566406,-1.276519775390625,108994
378.0,378.6731262207031,374.3799743652344,378.5199890136719,380.2200012207031,267.6199951171875,57.742431640625,-1.39312744140625,108994
379.0,378.355712890625,374.239990234375,378.29998779296875,379.9599914550781,267.7599792480469,57.53083419799805,-1.29571533203125,108994
380.0,378.2770080566406,374.3199768066406,378.3199768066406,379.94000244140625,267.5,57.598854064941406,-1.13702392578125,108994
381.0,378.3534240722656,374.3999938964844,378.4599914550781,380.0799865722656,267.41998291015625,57.75889205932617,-1.1334228515625,108994
382.0,378.55120849609375,374.41998291015625,378.5199890136719,380.2200012207031,267.6600036621094,57.813819885253906,-1.291229248046875,108994
383.0,378.4481201171875,374.5,378.53997802734375,380.17999267578125,267.2799987792969,57.973045349121094,-1.188140869140625,108994
384.0,378.5536193847656,374.53997802734375,378.5199890136719,380.17999267578125,267.5199890136719,57.94685363769531,-1.27362060546875,108994
385.0,378.9052429199219,374.5199890136719,378.6399841308594,380.53997802734375,267.2200012207031,58.01298904418945,-1.5252685546875,108994
386.0,378.9686279296875,374.5999755859375,378.7599792480469,380.5999755859375,267.2599792480469,57.974918365478516,-1.508636474609375,108994
387.0,378.6697692871094,374.6199951171875,378.6999816894531,380.3799743652344,268.1199951171875,57.69252014160156,-1.20977783203125,108994
388.0,378.72100830078125,374.6199951171875,378.6999816894531,380.4599914550781,268.41998291015625,57.645179748535156,-1.261016845703125,108994
389.0,378.6960144042969,374.4599914550781,378.6399841308594,380.3999938964844,268.47998046875,57.699825286865234,-1.256011962890625,108994
390.0,378.87255859375,374.5,378.6999816894531,380.5,267.5249938964844,57.683998107910156,-1.45257568359375,108994
391.0,378.7317199707031,374.53997802734375,378.5999755859375,380.3399963378906,267.44000244140625,57.70268249511719,-1.35174560546875,108994
392.0,378.83892822265625,374.5799865722656,378.6600036621094,380.4599914550781,267.3800048828125,57.79469680786133,-1.378936767578125,108994
393.0,378.8123474121094,374.5999755859375,378.6199951171875,380.3199768066406,267.94000244140625,57.52073669433594,-1.332366943359375,108994
394.0,378.82489013671875,374.53997802734375,378.5999755859375,380.3799743652344,268.5199890136719,57.584320068359375,-1.4049072265625,108994
395.0,378.84674072265625,374.6999816894531,378.6999816894531,380.5,268.0,57.71570587158203,-1.386749267578125,108994
396.0,378.98370361328125,374.67999267578125,378.6999816894531,380.53997802734375,267.8599853515625,57.81547546386719,-1.48370361328125,108994
397.0,379.0156555175781,374.5999755859375,378.8399963378906,380.8599853515625,267.2200012207031,57.820804595947266,-1.49566650390625,108994
398.0,378.8789367675781,374.47998046875,378.739990234375,380.5799865722656,267.44500732421875,57.82102584838867,-1.518951416015625,108994
399.0,378.80780029296875,374.5999755859375,378.6199951171875,380.3999938964844,267.239990234375,57.82249450683594,-1.467803955078125,108994
400.0,378.53533935546875,374.6199951171875,378.55999755859375,380.10137939453125,267.6999816894531,57.876590728759766,-1.155364990234375,108994
401.0,378.69488525390625,374.53997802734375,378.47998046875,380.1600036621094,268.0199890136719,57.89680099487305,-1.33489990234375,108994
402.0,378.778564453125,374.53997802734375,378.5799865722656,380.29998779296875,268.5,57.73350143432617,-1.438568115234375,108994
403.0,378.6111755371094,374.44000244140625,378.5199890136719,380.1399841308594,268.2799987792969,57.7598876953125,-1.3311767578125,108994
404.0,378.5918884277344,374.6399841308594,378.7599792480469,380.3199768066406,267.1999816894531,57.88424301147461,-1.111907958984375,108994
405.0,378.66119384765625,374.7599792480469,378.8199768066406,380.3799743652344,267.47998046875,57.94326400756836,-1.1212158203125,108994
406.0,378.77838134765625,374.67999267578125,378.8999938964844,380.5999755859375,267.54498291015625,57.83279800415039,-1.258392333984375,108994
407.0,378.49810791015625,374.6399841308594,378.6199951171875,380.29998779296875,266.94000244140625,57.8740119934082,-1.098114013671875,108994
408.0,378.3348693847656,374.5199890136719,378.3999938964844,380.0999755859375,267.47998046875,57.752891540527344,-1.094879150390625,108994
409.0,378.6258850097656,374.6399841308594,378.55999755859375,380.3199768066406,267.7799987792969,57.52876663208008,-1.24591064453125,108994
410.0,378.75238037109375,374.739990234375,378.6199951171875,380.3599853515625,268.3399963378906,57.47831726074219,-1.21240234375,108994
411.0,378.7707824707031,374.7200012207031,378.6600036621094,380.3799743652344,267.5199890136719,57.62486267089844,-1.270782470703125,108994
412.0,378.9267883300781,374.67999267578125,378.67999267578125,380.5199890136719,267.8399963378906,57.596954345703125,-1.426788330078125,108994
413.0,378.5283203125,374.55999755859375,378.5199890136719,380.1199951171875,268.5199890136719,57.53715515136719,-1.208343505859375,108994
414.0,378.53912353515625,374.6199951171875,378.6600036621094,380.2799987792969,268.1000061035156,57.711036682128906,-1.139129638671875,108994
415.0,378.4786376953125,374.5999755859375,378.5799865722656,380.239990234375,267.9599914550781,57.65689468383789,-1.158660888671875,108994
416.0,378.5312805175781,374.5,378.44000244140625,380.2200012207031,268.3800048828125,57.44285583496094,-1.291290283203125,108994
417.0,378.560791015625,374.5199890136719,378.6399841308594,380.29998779296875,268.3800048828125,57.4236946105957,-1.220794677734375,108994
418.0,378.6055908203125,374.5,378.67999267578125,380.3999938964844,267.2200012207031,57.58461380004883,-1.265594482421875,108994
419.0,378.3583679199219,374.5,378.55999755859375,380.2200012207031,267.2200012207031,57.661720275878906,-1.078369140625,108994
420.0,378.3215637207031,374.5799865722656,378.55999755859375,380.0199890136719,267.97998046875,57.624881744384766,-0.94158935546875,108994
421.0,378.6438293457031,374.6399841308594,378.67999267578125,380.2200012207031,268.5,57.584346771240234,-1.143829345703125,108994
422.0,378.6274108886719,374.6600036621094,378.7200012207031,380.3199768066406,268.6399841308594,57.51992416381836,-1.107421875,108994
423.0,378.81134033203125,374.67999267578125,378.7200012207031,380.29998779296875,268.1600036621094,57.77593994140625,-1.31134033203125,108994
424.0,378.7407531738281,374.6600036621094,378.6600036621094,380.2599792480469,268.0199890136719,57.746253967285156,-1.28076171875,108994
425.0,378.85479736328125,374.6199951171875,378.7799987792969,380.44140625,268.0,57.926025390625,-1.454803466796875,108994
426.0,378.75897216796875,374.5,378.5999755859375,380.2799987792969,267.9599914550781,57.827552795410156,-1.418975830078125,108994
427.0,378.6999816894531,374.47998046875,378.47998046875,380.2599792480469,267.885009765625,57.91224670410156,-1.47998046875,108994
428.0,378.425048828125,374.3999938964844,378.3199768066406,380.1199951171875,267.9049987792969,57.76211166381836,-1.3250732421875,108994
429.0,378.54132080078125,374.3299865722656,378.2799987792969,380.1399841308594,268.44000244140625,57.51929473876953,-1.461334228515625,108994
430.0,378.616943359375,374.3999938964844,378.5,380.29998779296875,268.3249816894531,57.551876068115234,-1.396942138671875,108994
431.0,378.7163391113281,374.5199890136719,378.6199951171875,380.3399963378906,268.0,57.685768127441406,-1.31634521484375,108994
432.0,378.8099060058594,374.6399841308594,378.6399841308594,380.47998046875,267.8199768066406,57.897369384765625,-1.309906005859375,108994
433.0,378.7090148925781,374.5799865722656,378.47998046875,380.3599853515625,268.1399841308594,57.780704498291016,-1.32904052734375,108994
434.0,378.7194519042969,374.6199951171875,378.5799865722656,380.3999938964844,268.79998779296875,57.5181999206543,-1.279449462890625,108994
435.0,378.8738098144531,374.5799865722656,378.67999267578125,380.6199951171875,268.2599792480469,57.76985549926758,-1.393829345703125,108994
436.0,378.8432312011719,374.5799865722656,378.739990234375,380.5799865722656,267.7799987792969,57.81572723388672,-1.363250732421875,108994
437.0,379.1202697753906,374.55999755859375,378.7599792480469,380.6999816894531,267.55999755859375,58.09945297241211,-1.60028076171875,108994
438.0,379.0372009277344,374.55999755859375,378.7200012207031,380.6600036621094,266.4599914550781,58.23093032836914,-1.537200927734375,108994
439.0,378.53948974609375,374.5799865722656,378.5999755859375,380.24139404296875,267.3999938964844,57.86935806274414,-1.0994873046875,108994
440.0,378.6728210449219,374.5799865722656,378.5999755859375,380.3799743652344,268.7799987792969,57.48399353027344,-1.252838134765625,108994
441.0,378.7342834472656,374.47998046875,378.53997802734375,380.29998779296875,268.94000244140625,57.491512298583984,-1.394287109375,108994
442.0,378.79742431640625,374.5,378.55999755859375,380.3599853515625,268.97998046875,57.33713912963867,-1.457427978515625,108994
443.0,378.6617126464844,374.53997802734375,378.53997802734375,380.239990234375,269.2200012207031,57.25088882446289,-1.301727294921875,108994
444.0,378.6337890625,374.6199951171875,378.6399841308594,380.2599792480469,268.8800048828125,57.25815200805664,-1.21380615234375,108994
445.0,378.7005920410156,374.55999755859375,378.5799865722656,380.2799987792969,268.5799865722656,57.2918586730957,-1.2406005859375,108994
446.0,378.7290954589844,374.6199951171875,378.5999755859375,380.3599853515625,268.6399841308594,57.26270294189453,-1.289093017578125,108994
447.0,378.8535461425781,374.55999755859375,378.6399841308594,380.3799743652344,269.2449951171875,57.1478271484375,-1.45355224609375,108994
448.0,378.6537170410156,374.44000244140625,378.5999755859375,380.2599792480469,268.7200012207031,57.144283294677734,-1.313720703125,108994
449.0,378.64337158203125,374.5,378.53997802734375,380.29998779296875,268.385009765625,57.23465347290039,-1.303375244140625,108994
450.0,379.02838134765625,374.6999816894531,378.6999816894531,380.67999267578125,268.3599853515625,57.47167205810547,-1.448394775390625,108994
451.0,378.86273193359375,374.55999755859375,378.6600036621094,380.4599914550781,268.6999816894531,57.42137908935547,-1.4427490234375,108994
452.0,378.8089294433594,374.55999755859375,378.6399841308594,380.4599914550781,268.3999938964844,57.51799392700195,-1.408935546875,108994
453.0,378.99676513671875,374.5799865722656,378.739990234375,380.5799865722656,268.67999267578125,57.342185974121094,-1.5567626953125,108994
454.0,379.0605163574219,374.7799987792969,378.8799743652344,380.7200012207031,268.4049987792969,57.48685836791992,-1.4005126953125,108994
455.0,379.0935974121094,374.7599792480469,378.91998291015625,380.7799987792969,267.8999938964844,57.70033645629883,-1.39361572265625,108994
456.0,379.09552001953125,374.8199768066406,378.9599914550781,380.739990234375,268.2799987792969,57.66254425048828,-1.315521240234375,108994
457.0,378.9685363769531,374.79998779296875,378.8399963378906,380.6199951171875,268.8999938964844,57.719886779785156,-1.348541259765625,108994
458.0,378.83770751953125,374.6199951171875,378.67999267578125,380.5799865722656,268.53997802734375,57.57036590576172,-1.35772705078125,108994
459.0,378.9150390625,374.6399841308594,378.6869812011719,380.6600036621094,267.47998046875,57.87506866455078,-1.4150390625,108994
460.0,378.9190673828125,374.6600036621094,378.6999816894531,380.5799865722656,267.0799865722656,57.80921936035156,-1.35906982421875,108994
461.0,378.75830078125,374.6399841308594,378.6399841308594,380.5,267.3999938964844,57.614418029785156,-1.2783203125,108994
462.0,378.7411193847656,374.6199951171875,378.6199951171875,380.44000244140625,267.8999938964844,57.54784393310547,-1.261138916015625,108994
463.0,378.7706604003906,374.739990234375,378.7799987792969,380.5,267.41998291015625,57.756378173828125,-1.210662841796875,108994
464.0,378.7530517578125,374.739990234375,378.7200012207031,380.44000244140625,266.94500732421875,57.75872802734375,-1.2530517578125,108994
465.0,378.8272399902344,374.79998779296875,378.8399963378906,380.5799865722656,267.53997802734375,57.77950668334961,-1.207244873046875,108994
466.0,378.8838806152344,374.6999816894531,378.6999816894531,380.55999755859375,267.3199768066406,57.766658782958984,-1.3638916015625,108994
467.0,378.7305603027344,374.6600036621094,378.55999755859375,380.3199768066406,266.8599853515625,57.84894943237305,-1.27056884765625,108994
468.0,378.7846984863281,374.739990234375,378.6399841308594,380.44000244140625,267.8599853515625,57.88294982910156,-1.244720458984375,108994
469.0,378.9148864746094,374.7200012207031,378.7200012207031,380.5999755859375,267.8599853515625,57.95494842529297,-1.3209228515625,108994
470.0,378.91241455078125,374.6600036621094,378.8199768066406,380.6199951171875,268.3399963378906,57.92717361450195,-1.332427978515625,108994
471.0,378.9151916503906,374.69000244140625,378.8599853515625,380.739990234375,268.0849914550781,58.008079528808594,-1.335205078125,108994
472.0,379.00811767578125,374.5799865722656,378.6999816894531,380.67999267578125,268.05999755859375,58.072166442871094,-1.52813720703125,108994
473.0,378.859375,374.5999755859375,378.6999816894531,380.6999816894531,266.97998046875,58.19929504394531,-1.399383544921875,108994
474.0,379.08477783203125,374.5799865722656,378.8199768066406,380.91998291015625,266.8599853515625,57.984012603759766,-1.5447998046875,108994
475.0,379.10546875,374.6399841308594,378.8399963378906,381.0,267.3399963378906,57.73707580566406,-1.525482177734375,108994
476.0,378.84002685546875,374.5999755859375,378.79998779296875,380.681396484375,268.29998779296875,57.577552795410156,-1.34002685546875,108994
477.0,378.4366149902344,374.67999267578125,378.6399841308594,380.239990234375,268.7799987792969,57.47128677368164,-0.97662353515625,108994
478.0,378.1998596191406,374.6199951171875,378.5,380.1999816894531,268.3199768066406,57.627418518066406,-0.839874267578125,108994
479.0,378.1923828125,374.6199951171875,378.5199890136719,380.1199951171875,267.9599914550781,57.664546966552734,-0.77239990234375,108994
480.0,378.3988952636719,374.6999816894531,378.6199951171875,380.2799987792969,267.8199768066406,57.54865646362305,-0.918914794921875,108994
481.0,378.3096008300781,374.5799865722656,378.53997802734375,380.1600036621094,268.17999267578125,57.3081169128418,-0.9896240234375,108994
482.0,378.41845703125,374.67999267578125,378.6999816894531,380.239990234375,268.3800048828125,57.33356857299805,-0.99847412109375,108994
483.0,378.45758056640625,374.67999267578125,378.6669921875,380.2599792480469,267.6600036621094,57.539276123046875,-0.97760009765625,108994
484.0,378.3368835449219,374.55999755859375,378.6199951171875,380.2200012207031,265.6399841308594,58.465457916259766,-0.976898193359375,108994
485.0,378.38421630859375,374.3599853515625,378.47998046875,380.1199951171875,261.5799865722656,60.2137336730957,-1.184234619140625,108994
486.0,378.3795471191406,374.29998779296875,378.41998291015625,380.0,259.2200012207031,61.23017120361328,-1.21954345703125,108994
487.0,377.9356689453125,374.1999816894531,378.1600036621094,379.67999267578125,257.17999267578125,61.98439025878906,-0.975677490234375,108994
488.0,377.91180419921875,374.1399841308594,378.1399841308594,379.6999816894531,255.79998779296875,62.69284439086914,-0.9918212890625,108994
489.0,377.9161071777344,374.1199951171875,378.1399841308594,379.6600036621094,255.03997802734375,63.24954605102539,-1.01611328125,108994
490.0,377.6291198730469,373.9599914550781,377.9599914550781,379.41998291015625,254.14498901367188,63.719093322753906,-0.80914306640625,108994
