Time,TC1_tip,TC2,TC3,TC4,TC5,TC6,TC7,TC8,TC9,TC_9.5,TC10,h,flux,abs,surf
0,359.78,358.95,359.6,360.29,359.45,361.32,358.01,358.55,356.51,346.13,331.43,0.1575,25900,100,0.98
1,359.66,358.9,359.55,360.27,359.43,361.29,358.05,358.6,356.68,346.08,331.25,0.1575,25900,100,0.98
2,359.51,358.87,359.49,360.24,359.39,361.26,358.13,358.63,356.91,346.02,331.06,0.1575,25900,100,0.98
3,359.33,358.85,359.43,360.21,359.35,361.23,358.23,358.64,357.07,345.93,330.98,0.1575,25900,100,0.98
4,359.19,358.82,359.39,360.18,359.34,361.21,358.29,358.67,357.18,345.84,330.95,0.1575,25900,100,0.98
5,359.11,358.76,359.35,360.16,359.3,361.21,358.32,358.7,357.27,345.74,330.96,0.1575,25900,100,0.98
6,359.06,358.72,359.3,360.13,359.28,361.21,358.32,358.75,357.36,345.7,330.98,0.1575,25900,100,0.98
7,359.0,358.67,359.23,360.09,359.27,361.18,358.29,358.78,357.46,345.68,330.99,0.1575,25900,100,0.98
8,358.97,358.65,359.19,360.04,359.23,361.17,358.27,358.79,357.57,345.65,330.99,0.1575,25900,100,0.98
9,358.94,358.6,359.1,359.98,359.19,361.15,358.25,358.78,357.67,345.6,331.0,0.1575,25900,100,0.98
10,358.94,358.55,359.03,359.93,359.15,361.14,358.24,358.8,357.75,345.54,331.06,0.1575,25900,100,0.98
11,358.92,358.48,358.94,359.85,359.07,361.1,358.26,358.82,357.82,345.56,331.24,0.1575,25900,100,0.98
12,358.9,358.43,358.88,359.78,359.01,361.06,358.27,358.85,357.86,345.75,331.5,0.1575,25900,100,0.98
13,358.89,358.41,358.85,359.73,358.96,361.04,358.26,358.86,357.86,345.9,331.7,0.1575,25900,100,0.98
14,358.88,358.37,358.83,359.7,358.91,361.0,358.23,358.85,357.89,346.08,331.93,0.1575,25900,100,0.98
15,358.86,358.34,358.8,359.67,358.87,360.98,358.19,358.85,357.95,346.25,332.18,0.1575,25900,100,0.98
16,358.85,358.31,358.77,359.64,358.83,360.95,358.15,358.84,358.05,346.38,332.45,0.1575,25900,100,0.98
17,358.83,358.28,358.75,359.6,358.79,360.92,358.12,358.82,358.15,346.47,332.7,0.1575,25900,100,0.98
18,358.82,358.26,358.73,359.58,358.75,360.89,358.08,358.82,358.25,346.56,332.93,0.1575,25900,100,0.98
19,358.8,358.22,358.7,359.56,358.72,360.85,358.07,358.81,358.34,346.66,333.16,0.1575,25900,100,0.98
20,358.77,358.19,358.66,359.52,358.68,360.81,358.04,358.79,358.46,346.83,333.51,0.1575,25900,100,0.98
21,358.75,358.15,358.63,359.48,358.64,360.76,358.03,358.78,358.61,346.96,333.86,0.1575,25900,100,0.98
22,358.73,358.13,358.61,359.44,358.6,360.73,358.03,358.78,358.72,347.05,334.11,0.1575,25900,100,0.98
23,358.7,358.11,358.58,359.42,358.56,360.7,358.03,358.77,358.84,347.18,334.35,0.1575,25900,100,0.98
24,358.69,358.09,358.56,359.39,358.53,360.67,358.02,358.76,358.98,347.33,334.61,0.1575,25900,100,0.98
25,358.66,358.07,358.53,359.36,358.52,360.65,358.02,358.76,359.12,347.52,334.89,0.1575,25900,100,0.98
26,358.64,358.06,358.52,359.34,358.5,360.63,358.01,358.76,359.25,347.75,335.2,0.1575,25900,100,0.98
27,358.62,358.04,358.49,359.31,358.48,360.61,358.01,358.76,359.38,347.98,335.52,0.1575,25900,100,0.98
28,358.6,358.01,358.47,359.27,358.45,360.59,358.0,358.76,359.5,348.24,335.84,0.1575,25900,100,0.98
29,358.56,358.0,358.44,359.25,358.43,360.56,358.0,358.76,359.71,348.59,336.31,0.1575,25900,100,0.98
30,358.54,357.98,358.41,359.2,358.41,360.53,357.99,358.76,359.92,348.96,336.77,0.1575,25900,100,0.98
31,358.52,357.97,358.37,359.19,358.38,360.52,357.98,358.77,360.04,349.2,337.09,0.1575,25900,100,0.98
32,358.5,357.95,358.35,359.17,358.37,360.53,357.97,358.77,360.16,349.4,337.42,0.1575,25900,100,0.98
33,358.48,357.94,358.34,359.14,358.36,360.5,357.98,358.76,360.29,349.58,337.75,0.1575,25900,100,0.98
34,358.46,357.94,358.32,359.12,358.34,360.49,357.97,358.75,360.38,349.75,338.06,0.1575,25900,100,0.98
35,358.45,357.94,358.29,359.1,358.33,360.48,357.96,358.75,360.48,349.9,338.35,0.1575,25900,100,0.98
36,358.43,357.92,358.28,359.09,358.32,360.48,357.96,358.74,360.57,350.08,338.62,0.1575,25900,100,0.98
37,358.41,357.92,358.26,359.06,358.31,360.46,357.95,358.72,360.67,350.25,338.91,0.1575,25900,100,0.98
38,358.38,357.9,358.24,359.03,358.3,360.44,357.94,358.71,360.83,350.51,339.39,0.1575,25900,100,0.98
39,358.37,357.89,358.22,359.01,358.28,360.42,357.94,358.72,360.99,350.79,339.87,0.1575,25900,100,0.98
40,358.35,357.89,358.2,358.99,358.27,360.41,357.94,358.7,361.09,350.98,340.22,0.1575,25900,100,0.98
41,358.34,357.88,358.19,358.97,358.27,360.41,357.94,358.69,361.18,351.19,340.55,0.1575,25900,100,0.98
42,358.32,357.87,358.17,358.95,358.25,360.4,357.93,358.69,361.29,351.4,340.88,0.1575,25900,100,0.98
43,358.3,357.86,358.17,358.94,358.25,360.39,357.92,358.68,361.42,351.6,341.22,0.1575,25900,100,0.98
44,358.28,357.85,358.15,358.91,358.24,360.38,357.92,358.67,361.56,351.78,341.56,0.1575,25900,100,0.98
45,358.26,357.84,358.13,358.9,358.23,360.37,357.91,358.67,361.69,351.95,341.9,0.1575,25900,100,0.98
46,358.25,357.83,358.12,358.88,358.22,360.36,357.9,358.66,361.8,352.12,342.23,0.1575,25900,100,0.98
47,358.2,357.8,358.09,358.86,358.19,360.34,357.87,358.66,361.97,352.39,342.72,0.1575,25900,100,0.98
48,358.15,357.77,358.07,358.83,358.18,360.34,357.86,358.65,362.13,352.68,343.2,0.1575,25900,100,0.98
49,358.12,357.76,358.07,358.82,358.17,360.32,357.86,358.65,362.24,352.86,343.53,0.1575,25900,100,0.98
50,358.09,357.73,358.06,358.8,358.16,360.3,357.85,358.64,362.35,353.07,343.85,0.1575,25900,100,0.98
51,358.06,357.71,358.03,358.79,358.15,360.3,357.83,358.63,362.46,353.3,344.19,0.1575,25900,100,0.98
52,358.03,357.68,358.02,358.78,358.14,360.29,357.82,358.64,362.56,353.53,344.51,0.1575,25900,100,0.98
53,357.99,357.66,358.01,358.76,358.13,360.28,357.82,358.63,362.67,353.76,344.84,0.1575,25900,100,0.98
54,357.96,357.64,357.99,358.74,358.12,360.27,357.83,358.63,362.77,353.96,345.15,0.1575,25900,100,0.98
55,357.92,357.61,357.98,358.73,358.12,360.26,357.82,358.62,362.87,354.16,345.48,0.1575,25900,100,0.98
56,357.87,357.57,357.95,358.71,358.09,360.24,357.79,358.61,363.04,354.42,345.92,0.1575,25900,100,0.98
57,357.82,357.54,357.93,358.68,358.09,360.22,357.78,358.6,363.21,354.69,346.37,0.1575,25900,100,0.98
58,357.79,357.52,357.92,358.67,358.07,360.21,357.78,358.6,363.31,354.88,346.66,0.1575,25900,100,0.98
59,357.75,357.49,357.91,358.66,358.07,360.2,357.77,358.58,363.41,355.04,346.96,0.1575,25900,100,0.98
60,357.72,357.47,357.9,358.64,358.05,360.2,357.76,358.58,363.5,355.23,347.27,0.1575,25900,100,0.98
61,357.69,357.46,357.89,358.63,358.05,360.18,357.76,358.57,363.62,355.41,347.58,0.1575,25900,100,0.98
62,357.65,357.43,357.87,358.62,358.04,360.18,357.75,358.57,363.75,355.62,347.87,0.1575,25900,100,0.98
63,357.61,357.4,357.85,358.6,358.03,360.16,357.74,358.56,363.86,355.78,348.16,0.1575,25900,100,0.98
64,357.58,357.39,357.85,358.59,358.02,360.15,357.74,358.55,363.97,355.97,348.45,0.1575,25900,100,0.98
65,357.54,357.35,357.83,358.57,358.02,360.14,357.72,358.54,364.13,356.22,348.87,0.1575,25900,100,0.98
66,357.48,357.32,357.81,358.55,358.0,360.12,357.72,358.53,364.29,356.48,349.28,0.1575,25900,100,0.98
67,357.46,357.3,357.8,358.54,358.0,360.12,357.71,358.52,364.4,356.66,349.55,0.1575,25900,100,0.98
68,357.42,357.27,357.79,358.54,357.98,360.1,357.7,358.52,364.49,356.85,349.83,0.1575,25900,100,0.98
69,357.38,357.25,357.79,358.52,357.98,360.1,357.7,358.51,364.59,357.02,350.1,0.1575,25900,100,0.98
70,357.35,357.24,357.77,358.5,357.97,360.09,357.7,358.5,364.68,357.18,350.37,0.1575,25900,100,0.98
71,357.31,357.21,357.76,358.48,357.96,360.08,357.68,358.49,364.78,357.36,350.64,0.1575,25900,100,0.98
72,357.27,357.19,357.75,358.47,357.95,360.07,357.68,358.49,364.87,357.54,350.9,0.1575,25900,100,0.98
73,357.24,357.15,357.73,358.46,357.94,360.05,357.66,358.48,364.97,357.71,351.16,0.1575,25900,100,0.98
74,357.18,357.12,357.71,358.45,357.93,360.05,357.65,358.48,365.1,357.95,351.55,0.1575,25900,100,0.98
75,357.13,357.08,357.69,358.44,357.91,360.04,357.63,358.47,365.22,358.18,351.92,0.1575,25900,100,0.98
76,357.08,357.04,357.67,358.41,357.88,360.03,357.62,358.46,365.31,358.35,352.17,0.1575,25900,100,0.98
77,357.05,357.02,357.65,358.4,357.88,360.02,357.62,358.46,365.41,358.5,352.41,0.1575,25900,100,0.98
78,357.01,356.99,357.65,358.39,357.88,360.01,357.61,358.46,365.51,358.65,352.66,0.1575,25900,100,0.98
79,356.98,356.96,357.64,358.39,357.86,359.99,357.61,358.46,365.61,358.82,352.89,0.1575,25900,100,0.98
80,356.94,356.95,357.63,358.38,357.86,359.99,357.61,358.46,365.72,358.96,353.13,0.1575,25900,100,0.98
81,356.9,356.92,357.62,358.37,357.85,359.98,357.59,358.45,365.82,359.09,353.35,0.1575,25900,100,0.98
82,356.88,356.88,357.61,358.34,357.84,359.97,357.59,358.45,365.9,359.23,353.59,0.1575,25900,100,0.98
83,356.81,356.84,357.59,358.33,357.83,359.95,357.58,358.45,366.04,359.45,353.95,0.1575,25900,100,0.98
84,356.75,356.79,357.56,358.31,357.8,359.94,357.56,358.44,366.18,359.66,354.28,0.1575,25900,100,0.98
85,356.72,356.77,357.56,358.31,357.81,359.94,357.56,358.44,366.28,359.83,354.51,0.1575,25900,100,0.98
86,356.68,356.74,357.55,358.3,357.79,359.92,357.56,358.44,366.36,359.97,354.72,0.1575,25900,100,0.98
87,356.64,356.71,357.53,358.28,357.78,359.92,357.55,358.44,366.45,360.1,354.92,0.1575,25900,100,0.98
88,356.6,356.69,357.52,358.27,357.77,359.91,357.54,358.44,366.54,360.26,355.13,0.1575,25900,100,0.98
89,356.57,356.66,357.51,358.27,357.77,359.89,357.54,358.43,366.63,360.42,355.34,0.1575,25900,100,0.98
90,356.52,356.64,357.5,358.25,357.76,359.89,357.53,358.43,366.71,360.57,355.53,0.1575,25900,100,0.98
91,356.49,356.61,357.49,358.24,357.75,359.88,357.54,358.43,366.8,360.71,355.71,0.1575,25900,100,0.98
92,356.43,356.57,357.47,358.23,357.73,359.87,357.52,358.42,366.94,360.92,356.01,0.1575,25900,100,0.98
93,356.37,356.53,357.44,358.2,357.71,359.84,357.51,358.41,367.06,361.13,356.3,0.1575,25900,100,0.98
94,356.33,356.5,357.43,358.18,357.71,359.83,357.51,358.41,367.16,361.28,356.53,0.1575,25900,100,0.98
95,356.3,356.47,357.42,358.18,357.71,359.82,357.5,358.4,367.24,361.44,356.74,0.1575,25900,100,0.98
96,356.26,356.45,357.4,358.16,357.69,359.82,357.5,358.4,367.32,361.6,356.94,0.1575,25900,100,0.98
97,356.22,356.43,357.4,358.15,357.7,359.81,357.49,358.4,367.41,361.74,357.15,0.1575,25900,100,0.98
98,356.19,356.4,357.39,358.14,357.68,359.79,357.48,358.4,367.51,361.88,357.32,0.1575,25900,100,0.98
99,356.15,356.37,357.37,358.13,357.66,359.79,357.48,358.4,367.59,362.04,357.49,0.1575,25900,100,0.98
100,356.1,356.34,357.36,358.12,357.67,359.79,357.48,358.39,367.66,362.15,357.65,0.1575,25900,100,0.98
101,356.05,356.29,357.34,358.11,357.65,359.77,357.47,358.39,367.78,362.36,357.89,0.1575,25900,100,0.98
102,355.99,356.24,357.32,358.09,357.63,359.76,357.46,358.39,367.89,362.58,358.14,0.1575,25900,100,0.98
103,355.96,356.22,357.31,358.07,357.63,359.76,357.46,358.39,367.98,362.73,358.32,0.1575,25900,100,0.98
104,355.92,356.18,357.3,358.07,357.63,359.76,357.46,358.38,368.06,362.86,358.48,0.1575,25900,100,0.98
105,355.88,356.15,357.29,358.07,357.61,359.74,357.46,358.39,368.14,363.01,358.67,0.1575,25900,100,0.98
106,355.85,356.13,357.28,358.06,357.61,359.74,357.45,358.39,368.22,363.15,358.85,0.1575,25900,100,0.98
107,355.81,356.1,357.26,358.05,357.6,359.72,357.45,358.37,368.29,363.27,359.04,0.1575,25900,100,0.98
108,355.78,356.07,357.25,358.03,357.59,359.72,357.44,358.38,368.38,363.4,359.2,0.1575,25900,100,0.98
109,355.74,356.04,357.23,358.02,357.58,359.7,357.42,358.37,368.46,363.55,359.36,0.1575,25900,100,0.98
110,355.67,355.98,357.2,358.0,357.55,359.7,357.4,358.38,368.58,363.78,359.61,0.1575,25900,100,0.98
111,355.62,355.94,357.18,357.99,357.55,359.68,357.41,358.37,368.71,363.99,359.86,0.1575,25900,100,0.98
112,355.59,355.91,357.16,357.97,357.54,359.67,357.4,358.37,368.78,364.13,360.01,0.1575,25900,100,0.98
113,355.55,355.88,357.15,357.97,357.53,359.66,357.39,358.37,368.85,364.25,360.16,0.1575,25900,100,0.98
114,355.51,355.84,357.13,357.95,357.52,359.66,357.38,358.36,368.94,364.37,360.32,0.1575,25900,100,0.98
115,355.47,355.81,357.11,357.95,357.51,359.65,357.37,358.37,369.01,364.49,360.46,0.1575,25900,100,0.98
116,355.43,355.79,357.11,357.95,357.5,359.64,357.36,358.37,369.09,364.62,360.61,0.1575,25900,100,0.98
117,355.39,355.76,357.08,357.93,357.49,359.63,357.37,358.36,369.16,364.73,360.76,0.1575,25900,100,0.98
118,355.35,355.73,357.06,357.92,357.49,359.63,357.36,358.36,369.23,364.84,360.91,0.1575,25900,100,0.98
119,355.3,355.69,357.05,357.91,357.48,359.62,357.35,358.36,369.34,365.0,361.16,0.1575,25900,100,0.98
120,355.24,355.64,357.03,357.89,357.47,359.6,357.34,358.37,369.46,365.17,361.42,0.1575,25900,100,0.98
121,355.21,355.61,357.01,357.89,357.46,359.6,357.34,358.36,369.53,365.32,361.59,0.1575,25900,100,0.98
122,355.16,355.58,357.0,357.88,357.45,359.6,357.34,358.37,369.61,365.41,361.77,0.1575,25900,100,0.98
123,355.14,355.55,356.98,357.87,357.44,359.58,357.33,358.36,369.68,365.52,361.93,0.1575,25900,100,0.98
124,355.1,355.53,356.97,357.85,357.45,359.57,357.33,358.36,369.77,365.65,362.09,0.1575,25900,100,0.98
125,355.05,355.5,356.95,357.85,357.43,359.57,357.33,358.36,369.85,365.75,362.24,0.1575,25900,100,0.98
126,355.02,355.47,356.94,357.84,357.42,359.56,357.32,358.36,369.91,365.85,362.39,0.1575,25900,100,0.98
127,354.98,355.43,356.92,357.82,357.42,359.54,357.31,358.35,369.97,365.95,362.55,0.1575,25900,100,0.98
128,354.92,355.39,356.9,357.8,357.39,359.53,357.3,358.35,370.08,366.11,362.77,0.1575,25900,100,0.98
129,354.87,355.35,356.87,357.78,357.39,359.52,357.29,358.36,370.18,366.27,362.98,0.1575,25900,100,0.98
130,354.84,355.31,356.86,357.77,357.37,359.51,357.28,358.35,370.26,366.36,363.13,0.1575,25900,100,0.98
131,354.81,355.29,356.85,357.76,357.37,359.5,357.28,358.35,370.32,366.43,363.28,0.1575,25900,100,0.98
132,354.75,355.24,356.82,357.75,357.36,359.49,357.27,358.35,370.4,366.52,363.44,0.1575,25900,100,0.98
133,354.72,355.21,356.81,357.74,357.34,359.48,357.26,358.34,370.46,366.61,363.58,0.1575,25900,100,0.98
134,354.69,355.18,356.79,357.73,357.33,359.47,357.25,358.35,370.54,366.72,363.73,0.1575,25900,100,0.98
135,354.65,355.15,356.78,357.71,357.31,359.46,357.25,358.34,370.6,366.81,363.86,0.1575,25900,100,0.98
136,354.61,355.12,356.75,357.71,357.31,359.46,357.24,358.35,370.67,366.88,364.0,0.1575,25900,100,0.98
137,354.56,355.07,356.74,357.69,357.3,359.44,357.24,358.35,370.78,366.99,364.2,0.1575,25900,100,0.98
138,354.51,355.03,356.71,357.68,357.29,359.43,357.23,358.35,370.9,367.11,364.41,0.1575,25900,100,0.98
139,354.48,355.01,356.71,357.66,357.28,359.42,357.23,358.35,370.97,367.18,364.56,0.1575,25900,100,0.98
140,354.45,354.98,356.69,357.67,357.28,359.42,357.23,358.36,371.04,367.25,364.7,0.1575,25900,100,0.98
141,354.41,354.94,356.67,357.65,357.27,359.41,357.22,358.36,371.11,367.32,364.84,0.1575,25900,100,0.98
142,354.37,354.92,356.66,357.64,357.26,359.4,357.21,358.37,371.19,367.41,364.99,0.1575,25900,100,0.98
143,354.33,354.88,356.65,357.62,357.25,359.39,357.2,358.37,371.26,367.47,365.12,0.1575,25900,100,0.98
144,354.3,354.85,356.62,357.62,357.23,359.39,357.2,358.37,371.32,367.53,365.25,0.1575,25900,100,0.98
145,354.27,354.82,356.61,357.6,357.24,359.38,357.19,358.37,371.4,367.58,365.38,0.1575,25900,100,0.98
146,354.21,354.78,356.59,357.59,357.22,359.37,357.19,358.38,371.51,367.63,365.54,0.1575,25900,100,0.98
147,354.16,354.74,356.57,357.57,357.2,359.36,357.18,358.37,371.62,367.65,365.7,0.1575,25900,100,0.98
148,354.12,354.71,356.54,357.56,357.19,359.35,357.18,358.38,371.68,367.67,365.8,0.1575,25900,100,0.98
149,354.09,354.68,356.53,357.56,357.19,359.35,357.17,358.39,371.75,367.71,365.92,0.1575,25900,100,0.98
150,354.05,354.65,356.51,357.54,357.18,359.34,357.16,358.38,371.81,367.74,366.03,0.1575,25900,100,0.98
151,354.01,354.62,356.5,357.53,357.16,359.32,357.15,358.39,371.87,367.78,366.13,0.1575,25900,100,0.98
152,353.98,354.59,356.49,357.52,357.17,359.31,357.16,358.39,371.95,367.81,366.24,0.1575,25900,100,0.98
153,353.95,354.57,356.47,357.51,357.16,359.3,357.14,358.39,372.02,367.86,366.34,0.1575,25900,100,0.98
154,353.92,354.54,356.46,357.51,357.14,359.31,357.14,358.39,372.09,367.91,366.44,0.1575,25900,100,0.98
155,353.86,354.49,356.43,357.48,357.13,359.29,357.14,358.4,372.18,368.0,366.62,0.1575,25900,100,0.98
156,353.81,354.45,356.41,357.47,357.11,359.27,357.13,358.41,372.28,368.11,366.8,0.1575,25900,100,0.98
157,353.77,354.42,356.4,357.47,357.11,359.27,357.12,358.4,372.34,368.21,366.93,0.1575,25900,100,0.98
158,353.73,354.39,356.38,357.46,357.1,359.26,357.11,358.41,372.41,368.3,367.05,0.1575,25900,100,0.98
159,353.7,354.35,356.36,357.44,357.09,359.25,357.11,358.41,372.47,368.38,367.17,0.1575,25900,100,0.98
160,353.66,354.33,356.34,357.43,357.08,359.24,357.1,358.41,372.54,368.48,367.27,0.1575,25900,100,0.98
161,353.63,354.3,356.34,357.42,357.08,359.23,357.11,358.41,372.61,368.58,367.39,0.1575,25900,100,0.98
162,353.6,354.28,356.33,357.4,357.07,359.22,357.1,358.42,372.67,368.67,367.49,0.1575,25900,100,0.98
163,353.56,354.25,356.32,357.4,357.07,359.22,357.1,358.42,372.73,368.75,367.6,0.1575,25900,100,0.98
164,353.52,354.2,356.29,357.38,357.05,359.21,357.09,358.42,372.83,368.89,367.75,0.1575,25900,100,0.98
165,353.47,354.17,356.26,357.36,357.03,359.2,357.08,358.43,372.93,369.03,367.91,0.1575,25900,100,0.98
166,353.42,354.13,356.25,357.36,357.03,359.18,357.08,358.43,372.98,369.12,368.02,0.1575,25900,100,0.98
167,353.39,354.1,356.23,357.34,357.02,359.18,357.07,358.44,373.04,369.23,368.14,0.1575,25900,100,0.98
168,353.36,354.08,356.22,357.33,357.01,359.17,357.08,358.44,373.12,369.33,368.28,0.1575,25900,100,0.98
169,353.33,354.05,356.2,357.32,357.01,359.17,357.07,358.45,373.18,369.43,368.42,0.1575,25900,100,0.98
170,353.29,354.01,356.18,357.32,356.99,359.17,357.06,358.45,373.23,369.54,368.55,0.1575,25900,100,0.98
171,353.25,353.99,356.16,357.31,356.98,359.16,357.05,358.46,373.3,369.65,368.68,0.1575,25900,100,0.98
172,353.21,353.96,356.14,357.29,356.97,359.15,357.05,358.46,373.37,369.77,368.8,0.1575,25900,100,0.98
173,353.17,353.91,356.12,357.27,356.95,359.15,357.05,358.47,373.46,369.93,368.99,0.1575,25900,100,0.98
174,353.13,353.88,356.09,357.25,356.95,359.14,357.05,358.47,373.56,370.08,369.19,0.1575,25900,100,0.98
175,353.1,353.85,356.08,357.23,356.94,359.13,357.06,358.48,373.63,370.19,369.32,0.1575,25900,100,0.98
176,353.07,353.83,356.06,357.22,356.93,359.12,357.05,358.47,373.68,370.31,369.45,0.1575,25900,100,0.98
177,353.03,353.79,356.04,357.21,356.92,359.12,357.05,358.49,373.75,370.41,369.56,0.1575,25900,100,0.98
178,353.0,353.76,356.03,357.2,356.9,359.11,357.04,358.48,373.82,370.51,369.68,0.1575,25900,100,0.98
179,352.97,353.74,356.02,357.19,356.9,359.1,357.06,358.49,373.88,370.61,369.79,0.1575,25900,100,0.98
180,352.93,353.71,355.99,357.17,356.88,359.1,357.04,358.5,373.95,370.7,369.88,0.1575,25900,100,0.98
181,352.9,353.68,355.97,357.18,356.87,359.09,357.04,358.5,374.0,370.78,369.97,0.1575,25900,100,0.98
182,352.84,353.63,355.94,357.14,356.85,359.08,357.03,358.5,374.09,370.92,370.11,0.1575,25900,100,0.98
183,352.8,353.59,355.92,357.13,356.84,359.07,357.02,358.51,374.18,371.01,370.27,0.1575,25900,100,0.98
184,352.77,353.57,355.91,357.12,356.83,359.06,357.02,358.52,374.25,371.07,370.35,0.1575,25900,100,0.98
185,352.73,353.54,355.9,357.1,356.82,359.06,357.02,358.52,374.29,371.12,370.45,0.1575,25900,100,0.98
186,352.69,353.51,355.88,357.09,356.81,359.05,357.0,358.52,374.36,371.19,370.56,0.1575,25900,100,0.98
187,352.66,353.49,355.86,357.07,356.8,359.04,357.0,358.53,374.42,371.26,370.65,0.1575,25900,100,0.98
188,352.63,353.46,355.85,357.06,356.8,359.03,357.0,358.54,374.49,371.35,370.75,0.1575,25900,100,0.98
189,352.59,353.44,355.83,357.05,356.79,359.03,357.01,358.54,374.54,371.44,370.85,0.1575,25900,100,0.98
190,352.57,353.41,355.81,357.04,356.79,359.02,356.99,358.56,374.59,371.52,370.95,0.1575,25900,100,0.98
191,352.51,353.37,355.8,357.02,356.77,359.01,356.99,358.56,374.69,371.62,371.08,0.1575,25900,100,0.98
192,352.47,353.34,355.78,357.01,356.75,359.0,356.98,358.57,374.78,371.75,371.2,0.1575,25900,100,0.98
193,352.43,353.3,355.76,356.99,356.74,358.99,356.97,358.58,374.83,371.83,371.3,0.1575,25900,100,0.98
194,352.4,353.27,355.74,356.98,356.73,358.98,356.97,358.58,374.89,371.9,371.39,0.1575,25900,100,0.98
195,352.36,353.25,355.73,356.97,356.72,358.97,356.97,358.58,374.94,371.98,371.47,0.1575,25900,100,0.98
196,352.32,353.22,355.71,356.95,356.71,358.97,356.98,358.59,375.01,372.08,371.58,0.1575,25900,100,0.98
197,352.31,353.2,355.69,356.95,356.7,358.96,356.97,358.61,375.08,372.16,371.67,0.1575,25900,100,0.98
198,352.27,353.17,355.69,356.94,356.7,358.95,356.97,358.61,375.14,372.26,371.77,0.1575,25900,100,0.98
199,352.25,353.15,355.67,356.92,356.7,358.95,356.97,358.62,375.19,372.35,371.88,0.1575,25900,100,0.98
200,352.2,353.1,355.64,356.91,356.67,358.94,356.96,358.63,375.27,372.5,372.01,0.1575,25900,100,0.98
201,352.14,353.06,355.61,356.89,356.65,358.93,356.94,358.64,375.35,372.65,372.16,0.1575,25900,100,0.98
202,352.11,353.02,355.59,356.88,356.64,358.93,356.94,358.65,375.41,372.73,372.26,0.1575,25900,100,0.98
203,352.09,353.01,355.58,356.88,356.64,358.91,356.95,358.66,375.47,372.81,372.34,0.1575,25900,100,0.98
204,352.06,352.99,355.57,356.87,356.63,358.91,356.94,358.66,375.53,372.89,372.43,0.1575,25900,100,0.98
205,352.03,352.95,355.55,356.85,356.62,358.9,356.95,358.67,375.6,372.98,372.51,0.1575,25900,100,0.98
206,352.0,352.93,355.52,356.84,356.61,358.91,356.94,358.68,375.65,373.08,372.58,0.1575,25900,100,0.98
207,351.96,352.9,355.51,356.83,356.59,358.9,356.94,358.69,375.7,373.18,372.66,0.1575,25900,100,0.98
208,351.94,352.87,355.49,356.82,356.58,358.89,356.94,358.7,375.75,373.25,372.75,0.1575,25900,100,0.98
209,351.9,352.83,355.47,356.81,356.57,358.88,356.94,358.72,375.84,373.37,372.87,0.1575,25900,100,0.98
210,351.84,352.79,355.45,356.78,356.57,358.87,356.94,358.73,375.93,373.5,372.97,0.1575,25900,100,0.98
211,351.83,352.77,355.44,356.77,356.56,358.87,356.93,358.73,375.99,373.59,373.02,0.1575,25900,100,0.98
212,351.79,352.74,355.42,356.77,356.55,358.86,356.94,358.75,376.04,373.69,373.06,0.1575,25900,100,0.98
213,351.76,352.72,355.41,356.77,356.54,358.85,356.94,358.76,376.09,373.77,373.1,0.1575,25900,100,0.98
214,351.73,352.69,355.39,356.75,356.52,358.84,356.93,358.76,376.14,373.87,373.12,0.1575,25900,100,0.98
215,351.7,352.66,355.37,356.73,356.51,358.84,356.93,358.77,376.19,373.94,373.14,0.1575,25900,100,0.98
216,351.67,352.65,355.36,356.72,356.51,358.83,356.93,358.78,376.25,373.99,373.17,0.1575,25900,100,0.98
217,351.66,352.62,355.35,356.71,356.5,358.82,356.94,358.79,376.31,374.07,373.21,0.1575,25900,100,0.98
218,351.6,352.58,355.33,356.69,356.48,358.81,356.93,358.8,376.37,374.18,373.26,0.1575,25900,100,0.98
219,351.55,352.54,355.3,356.68,356.46,358.81,356.92,358.82,376.44,374.31,373.35,0.1575,25900,100,0.98
220,351.53,352.51,355.27,356.68,356.46,358.8,356.91,358.83,376.49,374.39,373.43,0.1575,25900,100,0.98
221,351.5,352.49,355.27,356.66,356.45,358.79,356.93,358.84,376.55,374.49,373.5,0.1575,25900,100,0.98
222,351.47,352.46,355.25,356.66,356.45,358.79,356.92,358.86,376.62,374.58,373.56,0.1575,25900,100,0.98
223,351.44,352.44,355.24,356.64,356.43,358.78,356.91,358.87,376.68,374.66,373.62,0.1575,25900,100,0.98
224,351.41,352.42,355.22,356.63,356.42,358.78,356.91,358.88,376.74,374.74,373.68,0.1575,25900,100,0.98
225,351.38,352.39,355.21,356.63,356.41,358.78,356.9,358.9,376.79,374.84,373.75,0.1575,25900,100,0.98
226,351.35,352.36,355.19,356.61,356.4,358.76,356.9,358.91,376.84,374.92,373.83,0.1575,25900,100,0.98
227,351.3,352.32,355.16,356.59,356.38,358.76,356.9,358.92,376.92,375.07,373.96,0.1575,25900,100,0.98
228,351.26,352.28,355.14,356.58,356.38,358.76,356.91,358.95,377.02,375.21,374.1,0.1575,25900,100,0.98
229,351.24,352.27,355.14,356.57,356.38,358.75,356.9,358.95,377.08,375.3,374.18,0.1575,25900,100,0.98
230,351.2,352.25,355.12,356.56,356.37,358.74,356.9,358.96,377.14,375.4,374.25,0.1575,25900,100,0.98
231,351.18,352.22,355.11,356.54,356.36,358.73,356.9,358.96,377.2,375.49,374.31,0.1575,25900,100,0.98
232,351.14,352.2,355.08,356.53,356.34,358.73,356.89,358.98,377.24,375.59,374.36,0.1575,25900,100,0.98
233,351.11,352.16,355.06,356.52,356.33,358.71,356.89,358.99,377.3,375.67,374.41,0.1575,25900,100,0.98
234,351.09,352.14,355.05,356.51,356.32,358.71,356.89,358.99,377.36,375.73,374.47,0.1575,25900,100,0.98
235,351.06,352.11,355.04,356.49,356.32,358.7,356.88,359.0,377.41,375.79,374.55,0.1575,25900,100,0.98
236,351.02,352.09,355.02,356.48,356.31,358.69,356.88,359.02,377.48,375.91,374.64,0.1575,25900,100,0.98
237,350.97,352.04,354.99,356.46,356.29,358.68,356.88,359.04,377.56,376.02,374.74,0.1575,25900,100,0.98
238,350.94,352.02,354.98,356.44,356.28,358.67,356.88,359.05,377.62,376.08,374.8,0.1575,25900,100,0.98
239,350.91,352.0,354.96,356.43,356.27,358.67,356.87,359.07,377.68,376.14,374.9,0.1575,25900,100,0.98
240,350.89,351.98,354.96,356.43,356.27,358.67,356.87,359.08,377.73,376.2,374.98,0.1575,25900,100,0.98
241,350.86,351.94,354.93,356.42,356.25,358.66,356.88,359.09,377.79,376.25,375.06,0.1575,25900,100,0.98
242,350.83,351.92,354.91,356.4,356.24,358.66,356.88,359.1,377.83,376.31,375.15,0.1575,25900,100,0.98
243,350.8,351.9,354.9,356.39,356.24,358.65,356.87,359.12,377.89,376.36,375.23,0.1575,25900,100,0.98
244,350.76,351.87,354.88,356.38,356.22,358.64,356.87,359.12,377.97,376.44,375.36,0.1575,25900,100,0.98
245,350.72,351.82,354.85,356.36,356.2,358.63,356.87,359.14,378.05,376.53,375.47,0.1575,25900,100,0.98
246,350.69,351.8,354.83,356.35,356.2,358.62,356.86,359.16,378.1,376.64,375.55,0.1575,25900,100,0.98
247,350.65,351.78,354.82,356.34,356.17,358.62,356.86,359.17,378.16,376.7,375.64,0.1575,25900,100,0.98
248,350.63,351.76,354.8,356.33,356.17,358.61,356.85,359.18,378.21,376.75,375.72,0.1575,25900,100,0.98
249,350.6,351.73,354.78,356.32,356.16,358.6,356.86,359.2,378.27,376.82,375.81,0.1575,25900,100,0.98
250,350.59,351.71,354.78,356.31,356.16,358.6,356.86,359.21,378.32,376.87,375.9,0.1575,25900,100,0.98
251,350.55,351.69,354.76,356.3,356.15,358.6,356.86,359.23,378.36,376.93,376.0,0.1575,25900,100,0.98
252,350.53,351.67,354.75,356.29,356.14,358.59,356.86,359.24,378.42,377.0,376.11,0.1575,25900,100,0.98
253,350.5,351.64,354.73,356.28,356.14,358.58,356.87,359.25,378.48,377.08,376.21,0.1575,25900,100,0.98
254,350.45,351.6,354.7,356.26,356.12,358.58,356.86,359.27,378.57,377.19,376.36,0.1575,25900,100,0.98
255,350.42,351.57,354.68,356.23,356.1,358.56,356.87,359.29,378.66,377.28,376.5,0.1575,25900,100,0.98
256,350.39,351.55,354.67,356.22,356.09,358.56,356.88,359.3,378.71,377.35,376.57,0.1575,25900,100,0.98
257,350.38,351.54,354.66,356.21,356.1,358.56,356.88,359.32,378.77,377.41,376.65,0.1575,25900,100,0.98
258,350.35,351.51,354.64,356.21,356.09,358.55,356.88,359.32,378.83,377.48,376.71,0.1575,25900,100,0.98
259,350.32,351.49,354.63,356.19,356.08,358.55,356.88,359.34,378.88,377.54,376.75,0.1575,25900,100,0.98
260,350.29,351.46,354.61,356.19,356.07,358.55,356.88,359.35,378.93,377.59,376.8,0.1575,25900,100,0.98
261,350.27,351.44,354.6,356.18,356.05,358.54,356.88,359.38,378.98,377.63,376.84,0.1575,25900,100,0.98
262,350.24,351.41,354.58,356.17,356.04,358.54,356.88,359.38,379.03,377.68,376.89,0.1575,25900,100,0.98
263,350.2,351.39,354.56,356.15,356.04,358.53,356.89,359.41,379.12,377.75,376.98,0.1575,25900,100,0.98
264,350.16,351.35,354.54,356.14,356.02,358.52,356.88,359.43,379.18,377.83,377.07,0.1575,25900,100,0.98
265,350.13,351.32,354.52,356.13,356.01,358.52,356.88,359.45,379.24,377.89,377.12,0.1575,25900,100,0.98
266,350.1,351.31,354.51,356.12,356.0,358.52,356.89,359.45,379.29,377.95,377.2,0.1575,25900,100,0.98
267,350.08,351.28,354.5,356.11,355.99,358.51,356.9,359.48,379.34,378.02,377.24,0.1575,25900,100,0.98
268,350.06,351.27,354.49,356.1,356.0,358.51,356.9,359.5,379.4,378.06,377.29,0.1575,25900,100,0.98
269,350.03,351.24,354.47,356.09,355.99,358.51,356.9,359.51,379.45,378.11,377.33,0.1575,25900,100,0.98
270,350.0,351.22,354.45,356.08,355.98,358.51,356.89,359.53,379.5,378.17,377.37,0.1575,25900,100,0.98
271,349.98,351.19,354.44,356.07,355.96,358.5,356.89,359.54,379.55,378.23,377.43,0.1575,25900,100,0.98
272,349.93,351.16,354.41,356.05,355.94,358.49,356.89,359.56,379.62,378.33,377.51,0.1575,25900,100,0.98
273,349.89,351.13,354.39,356.04,355.93,358.48,356.88,359.59,379.69,378.42,377.59,0.1575,25900,100,0.98
274,349.86,351.1,354.38,356.02,355.93,358.48,356.89,359.59,379.74,378.48,377.64,0.1575,25900,100,0.98
275,349.84,351.08,354.36,356.01,355.91,358.47,356.9,359.61,379.8,378.52,377.69,0.1575,25900,100,0.98
276,349.81,351.05,354.34,356.0,355.9,358.47,356.89,359.63,379.86,378.57,377.73,0.1575,25900,100,0.98
277,349.79,351.03,354.33,355.99,355.89,358.46,356.89,359.65,379.91,378.63,377.79,0.1575,25900,100,0.98
278,349.75,351.01,354.3,355.97,355.88,358.45,356.89,359.66,379.96,378.69,377.85,0.1575,25900,100,0.98
279,349.74,351.0,354.3,355.96,355.88,358.44,356.91,359.68,380.01,378.75,377.92,0.1575,25900,100,0.98
280,349.72,350.98,354.29,355.95,355.88,358.43,356.9,359.68,380.06,378.81,377.98,0.1575,25900,100,0.98
281,349.68,350.95,354.26,355.94,355.86,358.43,356.91,359.71,380.14,378.91,378.06,0.1575,25900,100,0.98
282,349.65,350.91,354.24,355.93,355.86,358.42,356.91,359.74,380.21,379.01,378.14,0.1575,25900,100,0.98
283,349.61,350.89,354.23,355.91,355.84,358.43,356.9,359.75,380.25,379.07,378.2,0.1575,25900,100,0.98
284,349.59,350.87,354.21,355.91,355.83,358.42,356.9,359.77,380.31,379.13,378.25,0.1575,25900,100,0.98
285,349.56,350.86,354.21,355.9,355.83,358.42,356.9,359.79,380.37,379.18,378.29,0.1575,25900,100,0.98
286,349.54,350.82,354.18,355.89,355.82,358.41,356.91,359.8,380.42,379.25,378.34,0.1575,25900,100,0.98
287,349.51,350.8,354.17,355.87,355.81,358.41,356.92,359.82,380.47,379.3,378.4,0.1575,25900,100,0.98
288,349.48,350.78,354.16,355.87,355.81,358.41,356.92,359.84,380.51,379.35,378.45,0.1575,25900,100,0.98
289,349.45,350.76,354.14,355.86,355.79,358.4,356.91,359.86,380.55,379.41,378.51,0.1575,25900,100,0.98
290,349.41,350.73,354.12,355.84,355.78,358.39,356.9,359.87,380.63,379.51,378.59,0.1575,25900,100,0.98
291,349.36,350.7,354.1,355.82,355.76,358.38,356.9,359.91,380.71,379.61,378.68,0.1575,25900,100,0.98
292,349.34,350.67,354.08,355.81,355.75,358.38,356.89,359.91,380.76,379.66,378.73,0.1575,25900,100,0.98
293,349.31,350.66,354.07,355.79,355.75,358.39,356.88,359.93,380.81,379.72,378.79,0.1575,25900,100,0.98
294,349.29,350.64,354.06,355.78,355.75,358.37,356.89,359.94,380.86,379.77,378.84,0.1575,25900,100,0.98
295,349.26,350.62,354.05,355.77,355.74,358.36,356.89,359.97,380.92,379.82,378.89,0.1575,25900,100,0.98
296,349.24,350.6,354.04,355.77,355.73,358.36,356.89,359.98,380.97,379.89,378.94,0.1575,25900,100,0.98
297,349.21,350.57,354.02,355.76,355.71,358.36,356.88,360.0,381.01,379.94,379.0,0.1575,25900,100,0.98
298,349.19,350.54,354.0,355.75,355.71,358.35,356.89,360.02,381.07,380.01,379.04,0.1575,25900,100,0.98
299,349.16,350.51,353.99,355.73,355.69,358.34,356.9,360.04,381.14,380.11,379.14,0.1575,25900,100,0.98
300,349.12,350.48,353.96,355.72,355.68,358.33,356.89,360.07,381.21,380.2,379.22,0.1575,25900,100,0.98
301,349.1,350.45,353.94,355.71,355.67,358.32,356.9,360.07,381.26,380.24,379.28,0.1575,25900,100,0.98
302,349.07,350.43,353.93,355.7,355.66,358.32,356.9,360.11,381.32,380.3,379.33,0.1575,25900,100,0.98
303,349.05,350.41,353.92,355.7,355.66,358.32,356.91,360.13,381.36,380.35,379.39,0.1575,25900,100,0.98
304,349.03,350.4,353.91,355.69,355.66,358.32,356.92,360.14,381.42,380.41,379.46,0.1575,25900,100,0.98
305,349.01,350.37,353.89,355.68,355.65,358.31,356.92,360.15,381.48,380.47,379.51,0.1575,25900,100,0.98
306,348.98,350.36,353.87,355.67,355.64,358.3,356.91,360.16,381.52,380.52,379.59,0.1575,25900,100,0.98
307,348.95,350.33,353.85,355.67,355.62,358.3,356.91,360.19,381.57,380.59,379.64,0.1575,25900,100,0.98
308,348.91,350.29,353.83,355.64,355.61,358.29,356.92,360.21,381.64,380.68,379.71,0.1575,25900,100,0.98
309,348.88,350.26,353.81,355.63,355.6,358.29,356.92,360.25,381.71,380.78,379.79,0.1575,25900,100,0.98
310,348.86,350.25,353.8,355.63,355.59,358.29,356.93,360.26,381.76,380.84,379.86,0.1575,25900,100,0.98
311,348.83,350.22,353.78,355.61,355.58,358.28,356.93,360.28,381.81,380.9,379.92,0.1575,25900,100,0.98
312,348.81,350.2,353.76,355.6,355.57,358.28,356.93,360.3,381.85,380.97,379.98,0.1575,25900,100,0.98
313,348.78,350.17,353.74,355.59,355.56,358.28,356.92,360.32,381.9,381.02,380.04,0.1575,25900,100,0.98
314,348.76,350.15,353.73,355.58,355.55,358.27,356.93,360.34,381.97,381.1,380.1,0.1575,25900,100,0.98
315,348.74,350.13,353.72,355.56,355.54,358.26,356.94,360.34,382.02,381.16,380.18,0.1575,25900,100,0.98
316,348.69,350.1,353.69,355.55,355.53,358.25,356.93,360.38,382.08,381.26,380.27,0.1575,25900,100,0.98
317,348.65,350.07,353.66,355.54,355.51,358.24,356.93,360.4,382.14,381.35,380.36,0.1575,25900,100,0.98
318,348.63,350.04,353.64,355.52,355.49,358.24,356.93,360.41,382.2,381.41,380.42,0.1575,25900,100,0.98
319,348.62,350.04,353.63,355.51,355.5,358.23,356.94,360.43,382.26,381.47,380.48,0.1575,25900,100,0.98
320,348.58,350.01,353.61,355.5,355.48,358.24,356.94,360.46,382.29,381.53,380.55,0.1575,25900,100,0.98
321,348.56,349.98,353.6,355.49,355.47,358.23,356.95,360.48,382.34,381.59,380.62,0.1575,25900,100,0.98
322,348.54,349.97,353.58,355.48,355.46,358.23,356.96,360.5,382.39,381.66,380.68,0.1575,25900,100,0.98
323,348.51,349.94,353.56,355.47,355.45,358.22,356.95,360.51,382.43,381.71,380.72,0.1575,25900,100,0.98
324,348.49,349.92,353.55,355.45,355.45,358.21,356.96,360.52,382.48,381.76,380.76,0.1575,25900,100,0.98
325,348.45,349.89,353.52,355.44,355.43,358.21,356.96,360.55,382.54,381.77,380.82,0.1575,25900,100,0.98
326,348.43,349.87,353.5,355.42,355.43,358.2,356.98,360.58,382.62,381.78,380.91,0.1575,25900,100,0.98
327,348.41,349.86,353.5,355.41,355.42,358.2,356.98,360.59,382.67,381.8,380.95,0.1575,25900,100,0.98
328,348.37,349.82,353.46,355.4,355.4,358.19,356.96,360.62,382.7,381.82,381.01,0.1575,25900,100,0.98
329,348.35,349.8,353.45,355.39,355.39,358.19,356.98,360.63,382.75,381.85,381.09,0.1575,25900,100,0.98
330,348.34,349.79,353.45,355.37,355.4,358.19,357.0,360.65,382.81,381.88,381.18,0.1575,25900,100,0.98
331,348.32,349.77,353.43,355.36,355.38,358.18,356.99,360.67,382.87,381.93,381.24,0.1575,25900,100,0.98
332,348.29,349.74,353.41,355.35,355.38,358.18,356.99,360.68,382.89,381.99,381.3,0.1575,25900,100,0.98
333,348.26,349.72,353.39,355.35,355.37,358.17,356.99,360.7,382.93,382.05,381.38,0.1575,25900,100,0.98
334,348.25,349.7,353.38,355.33,355.36,358.18,357.0,360.72,382.98,382.1,381.44,0.1575,25900,100,0.98
335,348.22,349.69,353.36,355.32,355.35,358.17,357.01,360.75,383.06,382.17,381.55,0.1575,25900,100,0.98
336,348.18,349.65,353.34,355.3,355.34,358.16,357.02,360.78,383.13,382.24,381.65,0.1575,25900,100,0.98
337,348.16,349.63,353.33,355.29,355.33,358.16,357.03,360.8,383.19,382.29,381.71,0.1575,25900,100,0.98
338,348.14,349.61,353.31,355.27,355.33,358.17,357.03,360.81,383.24,382.33,381.76,0.1575,25900,100,0.98
339,348.12,349.59,353.3,355.27,355.32,358.16,357.04,360.83,383.28,382.39,381.82,0.1575,25900,100,0.98
340,348.09,349.57,353.28,355.27,355.3,358.16,357.04,360.85,383.32,382.45,381.86,0.1575,25900,100,0.98
341,348.07,349.55,353.26,355.25,355.3,358.16,357.04,360.87,383.37,382.49,381.94,0.1575,25900,100,0.98
342,348.05,349.54,353.25,355.24,355.3,358.15,357.05,360.9,383.43,382.55,382.0,0.1575,25900,100,0.98
343,348.03,349.52,353.25,355.22,355.29,358.14,357.06,360.91,383.46,382.59,382.07,0.1575,25900,100,0.98
344,348.0,349.49,353.22,355.2,355.27,358.13,357.07,360.92,383.52,382.66,382.17,0.1575,25900,100,0.98
345,347.96,349.47,353.2,355.19,355.26,358.13,357.07,360.95,383.6,382.76,382.24,0.1575,25900,100,0.98
346,347.94,349.44,353.19,355.18,355.25,358.12,357.06,360.98,383.65,382.82,382.29,0.1575,25900,100,0.98
347,347.91,349.42,353.16,355.17,355.23,358.13,357.06,361.0,383.68,382.88,382.33,0.1575,25900,100,0.98
348,347.88,349.39,353.15,355.16,355.23,358.12,357.06,361.02,383.73,382.93,382.37,0.1575,25900,100,0.98
349,347.86,349.38,353.14,355.15,355.23,358.11,357.07,361.03,383.79,382.98,382.41,0.1575,25900,100,0.98
350,347.85,349.37,353.13,355.14,355.22,358.12,357.09,361.05,383.83,383.03,382.44,0.1575,25900,100,0.98
351,347.82,349.36,353.11,355.13,355.22,358.11,357.08,361.08,383.87,383.08,382.46,0.1575,25900,100,0.98
352,347.8,349.33,353.1,355.12,355.21,358.11,357.09,361.1,383.91,383.13,382.47,0.1575,25900,100,0.98
353,347.76,349.3,353.08,355.1,355.19,358.11,357.1,361.13,383.99,383.2,382.52,0.1575,25900,100,0.98
354,347.73,349.28,353.06,355.1,355.18,358.1,357.11,361.16,384.05,383.26,382.54,0.1575,25900,100,0.98
355,347.71,349.25,353.05,355.08,355.17,358.09,357.11,361.18,384.09,383.3,382.56,0.1575,25900,100,0.98
356,347.69,349.23,353.03,355.07,355.16,358.09,357.11,361.2,384.13,383.33,382.58,0.1575,25900,100,0.98
357,347.67,349.21,353.02,355.05,355.16,358.08,357.12,361.2,384.18,383.36,382.58,0.1575,25900,100,0.98
358,347.63,349.19,353.0,355.05,355.14,358.08,357.12,361.23,384.21,383.39,382.61,0.1575,25900,100,0.98
359,347.62,349.17,352.99,355.04,355.13,358.08,357.13,361.26,384.25,383.44,382.64,0.1575,25900,100,0.98
360,347.6,349.15,352.97,355.03,355.12,358.08,357.14,361.28,384.3,383.49,382.67,0.1575,25900,100,0.98
361,347.58,349.14,352.96,355.01,355.12,358.07,357.14,361.29,384.34,383.54,382.7,0.1575,25900,100,0.98
362,347.54,349.1,352.93,355.0,355.11,358.07,357.14,361.32,384.41,383.62,382.76,0.1575,25900,100,0.98
363,347.51,349.08,352.92,354.99,355.1,358.07,357.16,361.36,384.47,383.7,382.81,0.1575,25900,100,0.98
364,347.49,349.06,352.91,354.99,355.09,358.07,357.15,361.38,384.52,383.75,382.85,0.1575,25900,100,0.98
365,347.47,349.04,352.89,354.98,355.09,358.07,357.16,361.4,384.56,383.8,382.9,0.1575,25900,100,0.98
366,347.45,349.02,352.87,354.97,355.08,358.07,357.18,361.42,384.6,383.87,382.95,0.1575,25900,100,0.98
367,347.43,349.0,352.86,354.95,355.07,358.07,357.18,361.45,384.66,383.93,383.0,0.1575,25900,100,0.98
368,347.4,348.98,352.85,354.95,355.06,358.06,357.18,361.46,384.71,383.99,383.07,0.1575,25900,100,0.98
369,347.38,348.96,352.83,354.93,355.05,358.05,357.18,361.48,384.74,384.03,383.12,0.1575,25900,100,0.98
370,347.35,348.93,352.81,354.93,355.04,358.06,357.19,361.52,384.81,384.14,383.22,0.1575,25900,100,0.98
371,347.31,348.9,352.78,354.91,355.02,358.05,357.19,361.54,384.87,384.23,383.29,0.1575,25900,100,0.98
372,347.28,348.87,352.77,354.9,355.01,358.05,357.2,361.57,384.92,384.3,383.36,0.1575,25900,100,0.98
373,347.26,348.85,352.75,354.89,355.0,358.05,357.19,361.59,384.95,384.36,383.42,0.1575,25900,100,0.98
374,347.23,348.83,352.74,354.88,355.0,358.04,357.2,361.61,385.0,384.43,383.48,0.1575,25900,100,0.98
375,347.22,348.82,352.73,354.87,355.0,358.03,357.21,361.62,385.04,384.49,383.56,0.1575,25900,100,0.98
376,347.2,348.8,352.71,354.86,354.99,358.04,357.22,361.65,385.08,384.57,383.63,0.1575,25900,100,0.98
377,347.18,348.78,352.7,354.85,354.98,358.04,357.22,361.66,385.13,384.63,383.69,0.1575,25900,100,0.98
378,347.16,348.75,352.68,354.84,354.97,358.03,357.23,361.69,385.18,384.69,383.75,0.1575,25900,100,0.98
379,347.13,348.73,352.67,354.83,354.96,358.04,357.23,361.72,385.23,384.75,383.8,0.1575,25900,100,0.98
380,347.11,348.72,352.66,354.82,354.96,358.03,357.24,361.75,385.28,384.85,383.88,0.1575,25900,100,0.98
381,347.08,348.69,352.63,354.81,354.95,358.03,357.26,361.78,385.36,384.93,383.93,0.1575,25900,100,0.98
382,347.06,348.68,352.63,354.79,354.94,358.02,357.26,361.79,385.41,384.97,383.96,0.1575,25900,100,0.98
383,347.04,348.67,352.61,354.77,354.94,358.01,357.27,361.8,385.44,385.01,384.01,0.1575,25900,100,0.98
384,347.02,348.65,352.61,354.77,354.93,358.02,357.28,361.83,385.49,385.07,384.05,0.1575,25900,100,0.98
385,347.0,348.62,352.59,354.76,354.92,358.01,357.28,361.85,385.53,385.12,384.07,0.1575,25900,100,0.98
386,346.97,348.61,352.57,354.74,354.92,358.01,357.29,361.87,385.56,385.16,384.1,0.1575,25900,100,0.98
387,346.95,348.59,352.55,354.73,354.9,358.0,357.29,361.89,385.59,385.2,384.14,0.1575,25900,100,0.98
388,346.93,348.57,352.54,354.72,354.89,358.0,357.29,361.9,385.63,385.23,384.17,0.1575,25900,100,0.98
389,346.9,348.54,352.52,354.71,354.88,358.0,357.31,361.94,385.69,385.3,384.24,0.1575,25900,100,0.98
390,346.87,348.52,352.5,354.7,354.87,357.99,357.33,361.97,385.76,385.39,384.32,0.1575,25900,100,0.98
391,346.85,348.5,352.5,354.68,354.87,357.98,357.33,361.98,385.79,385.44,384.38,0.1575,25900,100,0.98
392,346.82,348.48,352.47,354.67,354.86,357.98,357.33,362.01,385.83,385.49,384.4,0.1575,25900,100,0.98
393,346.8,348.46,352.47,354.66,354.85,357.98,357.33,362.03,385.87,385.53,384.43,0.1575,25900,100,0.98
394,346.78,348.45,352.44,354.65,354.84,357.97,357.34,362.04,385.91,385.56,384.46,0.1575,25900,100,0.98
395,346.75,348.42,352.43,354.64,354.84,357.98,357.34,362.07,385.95,385.6,384.48,0.1575,25900,100,0.98
396,346.73,348.41,352.43,354.62,354.83,357.98,357.34,362.1,385.98,385.63,384.48,0.1575,25900,100,0.98
397,346.7,348.4,352.41,354.62,354.82,357.98,357.34,362.11,386.03,385.67,384.5,0.1575,25900,100,0.98
398,346.67,348.37,352.39,354.6,354.81,357.98,357.34,362.15,386.09,385.7,384.51,0.1575,25900,100,0.98
399,346.64,348.35,352.37,354.59,354.8,357.98,357.35,362.18,386.14,385.73,384.52,0.1575,25900,100,0.98
400,346.62,348.32,352.36,354.58,354.79,357.98,357.35,362.2,386.18,385.75,384.53,0.1575,25900,100,0.98
401,346.61,348.31,352.35,354.56,354.79,357.97,357.36,362.22,386.22,385.78,384.55,0.1575,25900,100,0.98
402,346.58,348.29,352.34,354.55,354.78,357.96,357.38,362.24,386.25,385.83,384.6,0.1575,25900,100,0.98
403,346.57,348.27,352.33,354.55,354.77,357.97,357.37,362.26,386.3,385.87,384.61,0.1575,25900,100,0.98
404,346.54,348.24,352.31,354.54,354.77,357.95,357.38,362.28,386.34,385.92,384.62,0.1575,25900,100,0.98
405,346.52,348.22,352.29,354.53,354.75,357.96,357.39,362.3,386.38,385.97,384.64,0.1575,25900,100,0.98
406,346.49,348.2,352.27,354.53,354.75,357.96,357.4,362.33,386.43,386.03,384.68,0.1575,25900,100,0.98
407,346.46,348.18,352.26,354.51,354.74,357.96,357.41,362.36,386.48,386.11,384.72,0.1575,25900,100,0.98
408,346.45,348.16,352.25,354.5,354.74,357.95,357.42,362.4,386.53,386.17,384.76,0.1575,25900,100,0.98
409,346.42,348.14,352.23,354.49,354.73,357.95,357.42,362.41,386.57,386.23,384.79,0.1575,25900,100,0.98
410,346.39,348.11,352.21,354.49,354.71,357.95,357.42,362.43,386.61,386.28,384.83,0.1575,25900,100,0.98
411,346.38,348.1,352.19,354.47,354.7,357.95,357.43,362.45,386.64,386.33,384.88,0.1575,25900,100,0.98
412,346.35,348.07,352.18,354.46,354.69,357.94,357.43,362.47,386.68,386.38,384.93,0.1575,25900,100,0.98
413,346.34,348.06,352.17,354.46,354.7,357.94,357.45,362.49,386.73,386.44,384.99,0.1575,25900,100,0.98
414,346.32,348.04,352.15,354.46,354.69,357.94,357.45,362.51,386.77,386.51,385.04,0.1575,25900,100,0.98
415,346.3,348.02,352.14,354.44,354.67,357.94,357.45,362.53,386.81,386.57,385.09,0.1575,25900,100,0.98
416,346.26,348.0,352.12,354.43,354.66,357.94,357.46,362.57,386.86,386.64,385.14,0.1575,25900,100,0.98
417,346.24,347.98,352.1,354.42,354.66,357.94,357.49,362.6,386.92,386.68,385.2,0.1575,25900,100,0.98
418,346.23,347.96,352.08,354.41,354.65,357.93,357.49,362.62,386.97,386.71,385.25,0.1575,25900,100,0.98
419,346.21,347.95,352.08,354.41,354.64,357.94,357.5,362.64,387.02,386.74,385.29,0.1575,25900,100,0.98
420,346.19,347.92,352.06,354.39,354.64,357.93,357.51,362.67,387.05,386.77,385.35,0.1575,25900,100,0.98
421,346.18,347.92,352.05,354.39,354.63,357.94,357.51,362.69,387.09,386.81,385.41,0.1575,25900,100,0.98
422,346.15,347.89,352.03,354.38,354.63,357.94,357.52,362.71,387.13,386.85,385.46,0.1575,25900,100,0.98
423,346.13,347.87,352.02,354.37,354.62,357.93,357.53,362.73,387.17,386.9,385.53,0.1575,25900,100,0.98
424,346.11,347.86,352.01,354.35,354.61,357.93,357.54,362.75,387.2,386.95,385.58,0.1575,25900,100,0.98
425,346.09,347.84,351.99,354.34,354.6,357.93,357.55,362.79,387.27,387.01,385.68,0.1575,25900,100,0.98
426,346.06,347.81,351.97,354.33,354.59,357.93,357.56,362.82,387.32,387.08,385.76,0.1575,25900,100,0.98
427,346.03,347.79,351.96,354.32,354.58,357.92,357.57,362.84,387.36,387.13,385.83,0.1575,25900,100,0.98
428,346.01,347.78,351.95,354.3,354.58,357.92,357.57,362.85,387.41,387.18,385.89,0.1575,25900,100,0.98
429,346.0,347.77,351.93,354.29,354.58,357.92,357.58,362.87,387.45,387.24,385.94,0.1575,25900,100,0.98
430,345.97,347.75,351.92,354.28,354.58,357.93,357.6,362.9,387.49,387.28,386.01,0.1575,25900,100,0.98
431,345.96,347.74,351.91,354.27,354.56,357.92,357.59,362.92,387.52,387.33,386.06,0.1575,25900,100,0.98
432,345.93,347.71,351.89,354.26,354.55,357.92,357.6,362.94,387.56,387.38,386.09,0.1575,25900,100,0.98
433,345.91,347.7,351.88,354.25,354.54,357.91,357.62,362.94,387.6,387.4,386.13,0.1575,25900,100,0.98
434,345.89,347.67,351.85,354.23,354.54,357.91,357.63,362.98,387.67,387.47,386.2,0.1575,25900,100,0.98
435,345.86,347.65,351.83,354.21,354.52,357.91,357.64,363.01,387.72,387.52,386.24,0.1575,25900,100,0.98
436,345.84,347.63,351.83,354.22,354.51,357.91,357.64,363.04,387.75,387.55,386.24,0.1575,25900,100,0.98
437,345.82,347.61,351.8,354.22,354.5,357.91,357.65,363.06,387.79,387.56,386.26,0.1575,25900,100,0.98
438,345.8,347.59,351.79,354.2,354.5,357.91,357.65,363.09,387.82,387.56,386.26,0.1575,25900,100,0.98
439,345.78,347.58,351.78,354.2,354.5,357.9,357.66,363.1,387.86,387.55,386.28,0.1575,25900,100,0.98
440,345.76,347.55,351.77,354.19,354.49,357.9,357.67,363.13,387.9,387.56,386.3,0.1575,25900,100,0.98
441,345.75,347.54,351.75,354.17,354.48,357.9,357.69,363.14,387.93,387.57,386.34,0.1575,25900,100,0.98
442,345.71,347.51,351.72,354.17,354.47,357.9,357.69,363.17,387.97,387.57,386.37,0.1575,25900,100,0.98
443,345.69,347.49,351.71,354.15,354.46,357.9,357.7,363.2,388.01,387.58,386.41,0.1575,25900,100,0.98
444,345.66,347.46,351.68,354.15,354.45,357.9,357.7,363.23,388.07,387.57,386.45,0.1575,25900,100,0.98
445,345.63,347.43,351.67,354.13,354.43,357.9,357.72,363.25,388.11,387.54,386.47,0.1575,25900,100,0.98
446,345.63,347.44,351.66,354.13,354.44,357.9,357.73,363.28,388.16,387.48,386.5,0.1575,25900,100,0.98
447,345.61,347.42,351.66,354.12,354.44,357.9,357.75,363.31,388.19,387.42,386.5,0.1575,25900,100,0.98
448,345.6,347.4,351.64,354.11,354.43,357.9,357.75,363.32,388.23,387.36,386.51,0.1575,25900,100,0.98
449,345.57,347.38,351.62,354.1,354.42,357.9,357.75,363.35,388.25,387.32,386.52,0.1575,25900,100,0.98
450,345.54,347.36,351.6,354.1,354.41,357.9,357.76,363.36,388.29,387.29,386.54,0.1575,25900,100,0.98
451,345.52,347.34,351.59,354.07,354.4,357.89,357.78,363.4,388.34,387.26,386.57,0.1575,25900,100,0.98
452,345.49,347.31,351.57,354.06,354.39,357.9,357.78,363.43,388.4,387.26,386.62,0.1575,25900,100,0.98
453,345.48,347.29,351.56,354.06,354.38,357.9,357.8,363.46,388.44,387.25,386.64,0.1575,25900,100,0.98
454,345.44,347.27,351.54,354.05,354.37,357.9,357.8,363.47,388.46,387.25,386.68,0.1575,25900,100,0.98
455,345.42,347.25,351.52,354.04,354.37,357.89,357.81,363.5,388.5,387.27,386.73,0.1575,25900,100,0.98
456,345.4,347.23,351.51,354.03,354.37,357.89,357.82,363.52,388.55,387.29,386.78,0.1575,25900,100,0.98
457,345.4,347.22,351.5,354.02,354.36,357.89,357.83,363.54,388.58,387.31,386.83,0.1575,25900,100,0.98
458,345.37,347.21,351.49,354.0,354.35,357.88,357.84,363.55,388.61,387.35,386.86,0.1575,25900,100,0.98
459,345.35,347.19,351.48,354.0,354.35,357.88,357.84,363.57,388.64,387.37,386.9,0.1575,25900,100,0.98
460,345.32,347.16,351.46,353.98,354.34,357.9,357.86,363.61,388.7,387.42,386.95,0.1575,25900,100,0.98
461,345.3,347.14,351.44,353.97,354.33,357.89,357.87,363.64,388.77,387.47,387.02,0.1575,25900,100,0.98
462,345.28,347.13,351.43,353.96,354.32,357.89,357.88,363.65,388.8,387.5,387.06,0.1575,25900,100,0.98
463,345.26,347.11,351.42,353.95,354.31,357.89,357.89,363.7,388.84,387.54,387.08,0.1575,25900,100,0.98
464,345.24,347.09,351.4,353.94,354.3,357.88,357.89,363.7,388.87,387.58,387.11,0.1575,25900,100,0.98
465,345.22,347.07,351.38,353.93,354.29,357.9,357.9,363.73,388.9,387.62,387.15,0.1575,25900,100,0.98
466,345.21,347.05,351.37,353.93,354.29,357.89,357.9,363.75,388.94,387.65,387.19,0.1575,25900,100,0.98
467,345.19,347.04,351.37,353.92,354.3,357.9,357.93,363.77,388.97,387.68,387.22,0.1575,25900,100,0.98
468,345.16,347.02,351.36,353.91,354.29,357.9,357.93,363.79,389.02,387.72,387.24,0.1575,25900,100,0.98
469,345.14,347.01,351.34,353.9,354.28,357.89,357.94,363.82,389.05,387.76,387.29,0.1575,25900,100,0.98
470,345.12,346.99,351.32,353.89,354.27,357.9,357.96,363.85,389.1,387.84,387.36,0.1575,25900,100,0.98
471,345.1,346.97,351.3,353.89,354.27,357.9,357.97,363.89,389.16,387.92,387.42,0.1575,25900,100,0.98
472,345.08,346.95,351.3,353.88,354.25,357.91,357.98,363.91,389.2,387.98,387.46,0.1575,25900,100,0.98
473,345.05,346.93,351.28,353.86,354.25,357.91,358.0,363.93,389.22,388.04,387.5,0.1575,25900,100,0.98
474,345.04,346.92,351.27,353.85,354.24,357.91,358.0,363.96,389.26,388.11,387.54,0.1575,25900,100,0.98
475,345.02,346.9,351.25,353.85,354.24,357.9,358.0,363.97,389.29,388.15,387.58,0.1575,25900,100,0.98
476,345.01,346.9,351.25,353.83,354.24,357.9,358.03,363.99,389.34,388.2,387.6,0.1575,25900,100,0.98
477,344.99,346.88,351.23,353.82,354.23,357.9,358.03,364.01,389.37,388.24,387.64,0.1575,25900,100,0.98
478,344.97,346.87,351.22,353.81,354.22,357.92,358.04,364.03,389.4,388.3,387.66,0.1575,25900,100,0.98
479,344.95,346.84,351.2,353.8,354.22,357.9,358.06,364.07,389.46,388.38,387.72,0.1575,25900,100,0.98
480,344.93,346.82,351.19,353.78,354.22,357.9,358.08,364.1,389.51,388.46,387.77,0.1575,25900,100,0.98
481,344.92,346.81,351.18,353.78,354.21,357.91,358.09,364.13,389.56,388.52,387.78,0.1575,25900,100,0.98
482,344.89,346.79,351.17,353.77,354.2,357.91,358.09,364.14,389.59,388.58,387.79,0.1575,25900,100,0.98
483,344.88,346.78,351.15,353.75,354.2,357.9,358.11,364.17,389.61,388.61,387.79,0.1575,25900,100,0.98
484,344.85,346.75,351.13,353.75,354.19,357.9,358.11,364.18,389.66,388.67,387.8,0.1575,25900,100,0.98
485,344.83,346.74,351.12,353.74,354.17,357.91,358.12,364.21,389.69,388.72,387.82,0.1575,25900,100,0.98
486,344.82,346.72,351.11,353.73,354.17,357.91,358.13,364.23,389.71,388.78,387.83,0.1575,25900,100,0.98
487,344.8,346.71,351.08,353.73,354.16,357.91,358.13,364.26,389.75,388.83,387.85,0.1575,25900,100,0.98
488,344.77,346.68,351.06,353.71,354.15,357.92,358.15,364.29,389.79,388.91,387.89,0.1575,25900,100,0.98
489,344.75,346.65,351.05,353.7,354.15,357.91,358.16,364.32,389.84,389.0,387.95,0.1575,25900,100,0.98
490,344.72,346.63,351.03,353.69,354.12,357.92,358.17,364.35,389.86,389.06,387.97,0.1575,25900,100,0.98
491,344.7,346.61,351.01,353.68,354.12,357.92,358.18,364.36,389.9,389.12,388.0,0.1575,25900,100,0.98
492,344.68,346.61,351.0,353.67,354.13,357.92,358.2,364.39,389.93,389.2,388.03,0.1575,25900,100,0.98
493,344.67,346.59,350.99,353.67,354.12,357.93,358.2,364.42,389.96,389.28,388.06,0.1575,25900,100,0.98
494,344.67,346.58,350.99,353.66,354.12,357.93,358.22,364.43,390.0,389.34,388.08,0.1575,25900,100,0.98
495,344.64,346.57,350.98,353.65,354.11,357.93,358.23,364.46,390.03,389.4,388.1,0.1575,25900,100,0.98
496,344.62,346.55,350.96,353.63,354.1,357.92,358.24,364.47,390.08,389.45,388.13,0.1575,25900,100,0.98
497,344.6,346.53,350.94,353.63,354.09,357.93,358.27,364.5,390.14,389.53,388.15,0.1575,25900,100,0.98
498,344.58,346.51,350.93,353.61,354.1,357.93,358.29,364.53,390.16,389.59,388.18,0.1575,25900,100,0.98
499,344.56,346.49,350.91,353.61,354.08,357.93,358.28,364.56,390.18,389.63,388.19,0.1575,25900,100,0.98
500,344.54,346.47,350.9,353.59,354.07,357.93,358.28,364.58,390.22,389.69,388.21,0.1575,25900,100,0.98
501,344.51,346.46,350.89,353.59,354.07,357.93,358.3,364.6,390.25,389.75,388.23,0.1575,25900,100,0.98
502,344.51,346.44,350.87,353.57,354.07,357.93,358.31,364.62,390.28,389.82,388.26,0.1575,25900,100,0.98
503,344.5,346.44,350.86,353.57,354.06,357.94,358.32,364.66,390.31,389.88,388.28,0.1575,25900,100,0.98
504,344.48,346.42,350.85,353.55,354.06,357.93,358.34,364.66,390.34,389.92,388.3,0.1575,25900,100,0.98
505,344.45,346.4,350.83,353.55,354.04,357.94,358.35,364.7,390.39,389.99,388.35,0.1575,25900,100,0.98
506,344.43,346.37,350.82,353.53,354.04,357.94,358.37,364.74,390.42,390.05,388.38,0.1575,25900,100,0.98
507,344.41,346.35,350.8,353.52,354.03,357.95,358.37,364.76,390.39,390.06,388.32,0.1575,25900,100,0.98
508,344.38,346.34,350.79,353.53,354.02,357.95,358.39,364.78,390.33,389.99,388.17,0.1575,25900,100,0.98
509,344.38,346.33,350.78,353.51,354.03,357.96,358.41,364.8,390.27,389.84,387.95,0.1575,25900,100,0.98
510,344.36,346.32,350.78,353.51,354.03,357.95,358.42,364.82,390.2,389.6,387.65,0.1575,25900,100,0.98
511,344.34,346.3,350.76,353.5,354.02,357.95,358.43,364.84,390.1,389.29,387.27,0.1575,25900,100,0.98
512,344.33,346.28,350.75,353.49,354.03,357.96,358.44,364.86,389.99,388.92,386.85,0.1575,25900,100,0.98
513,344.31,346.26,350.74,353.48,354.02,357.96,358.44,364.88,389.85,388.49,386.35,0.1575,25900,100,0.98
