Time,TC1_tip,TC3,TC5,TC7,TC9,TC10,TC_Bottom_rec_groove,TC4,TC6,TC8,TC_wall_ins_ext,TC_bottom_ins_groove,TC2,h,flux,abs,surf
266.0,359.27,358.54,348.41,151.79,58.59,50.43,357.68,357.52,237.56,97.2,25.5,27.47,357.9,0.084,25900,90,0.98
267.0,359.25,358.47,348.12,152.02,58.66,50.45,357.64,357.47,237.47,97.42,25.5,27.47,357.86,0.084,25900,90,0.98
268.0,359.22,358.39,347.9,152.24,58.84,50.51,357.59,357.38,237.49,97.88,25.5,27.46,357.85,0.084,25900,90,0.98
269.0,359.17,358.27,347.68,152.5,59.25,50.65,357.53,357.29,237.6,98.29,25.49,27.46,357.84,0.084,25900,90,0.98
270.0,359.13,358.22,347.57,153.18,59.7,50.84,357.47,357.16,237.82,98.88,25.5,27.47,357.81,0.084,25900,90,0.98
271.0,359.11,358.2,347.52,153.87,59.99,51,357.42,357.08,238.06,99.44,25.5,27.46,357.77,0.084,25900,90,0.98
272.0,359.08,358.16,347.53,154.36,60.27,51.16,357.38,357.03,238.32,99.85,25.5,27.48,357.73,0.084,25900,90,0.98
273.0,359.07,358.12,347.58,154.85,60.59,51.35,357.35,357,238.56,100.26,25.5,27.47,357.7,0.084,25900,90,0.98
274.0,359.06,358.09,347.68,155.47,60.98,51.57,357.33,356.99,238.83,100.94,25.5,27.46,357.69,0.084,25900,90,0.98
275.0,359.07,358.07,347.8,156.05,61.37,51.8,357.29,356.99,239.07,101.5,25.5,27.48,357.68,0.084,25900,90,0.98
276.0,359.06,358.04,347.92,156.58,61.72,52.03,357.25,357,239.21,101.81,25.5,27.47,357.64,0.084,25900,90,0.98
277.0,359.05,358.01,348.04,157.09,62.04,52.29,357.22,357.01,239.41,102.19,25.5,27.47,357.63,0.084,25900,90,0.98
278.0,359.05,357.99,348.24,157.67,62.51,52.69,357.16,357.04,239.58,102.55,25.5,27.47,357.61,0.084,25900,90,0.98
279.0,359.04,357.96,348.49,158.27,62.99,53.13,357.13,357.08,239.75,102.96,25.5,27.47,357.59,0.084,25900,90,0.98
280.0,359.03,357.96,348.68,158.58,63.31,53.44,357.1,357.12,239.92,103.3,25.5,27.47,357.57,0.084,25900,90,0.98
281.0,359.04,357.94,348.88,158.9,63.62,53.78,357.07,357.17,240.09,103.66,25.5,27.47,357.57,0.084,25900,90,0.98
282.0,359.03,357.93,349.09,159.32,63.94,54.11,357.03,357.22,240.3,104.14,25.51,27.47,357.56,0.084,25900,90,0.98
283.0,359.02,357.91,349.29,159.76,64.25,54.47,356.99,357.26,240.44,104.49,25.5,27.47,357.54,0.084,25900,90,0.98
284.0,359,357.89,349.49,160.16,64.57,54.83,356.96,357.3,240.69,105.03,25.5,27.47,357.53,0.084,25900,90,0.98
285.0,358.99,357.88,349.67,160.52,64.86,55.22,356.93,357.35,240.96,105.45,25.51,27.47,357.51,0.084,25900,90,0.98
286.0,358.99,357.87,349.83,160.83,65.15,55.61,356.9,357.39,241.25,105.77,25.5,27.47,357.5,0.084,25900,90,0.98
287.0,358.96,357.86,350.08,161.29,65.61,56.24,356.85,357.43,241.54,106.2,25.51,27.47,357.49,0.084,25900,90,0.98
288.0,358.93,357.84,350.33,161.89,66.12,56.89,356.82,357.46,241.83,106.66,25.51,27.47,357.49,0.084,25900,90,0.98
289.0,358.92,357.84,350.5,162.29,66.5,57.34,356.79,357.51,242.18,107.16,25.51,27.47,357.48,0.084,25900,90,0.98
290.0,358.9,357.83,350.69,162.51,66.88,57.8,356.76,357.53,242.43,107.54,25.51,27.47,357.49,0.084,25900,90,0.98
291.0,358.88,357.82,350.86,162.73,67.26,58.28,356.73,357.57,242.84,108.04,25.5,27.47,357.47,0.084,25900,90,0.98
292.0,358.85,357.81,351.03,162.93,67.65,58.76,356.7,357.6,243.23,108.59,25.51,27.47,357.46,0.084,25900,90,0.98
293.0,358.83,357.8,351.22,163.2,68.06,59.28,356.67,357.64,243.65,109.03,25.51,27.47,357.46,0.084,25900,90,0.98
294.0,358.8,357.79,351.41,163.54,68.44,59.8,356.64,357.68,244.06,109.45,25.51,27.47,357.44,0.084,25900,90,0.98
295.0,358.79,357.78,351.6,163.93,68.81,60.34,356.61,357.71,244.44,109.81,25.51,27.47,357.44,0.084,25900,90,0.98
296.0,358.74,357.76,351.9,164.51,69.3,61.17,356.58,357.74,244.78,110.09,25.52,27.47,357.43,0.084,25900,90,0.98
297.0,358.7,357.75,352.2,165.11,69.74,62,356.52,357.76,244.99,110.29,25.51,27.48,357.41,0.084,25900,90,0.98
298.0,358.69,357.74,352.39,165.52,70.05,62.57,356.51,357.79,245.25,110.58,25.52,27.47,357.4,0.084,25900,90,0.98
299.0,358.67,357.74,352.57,165.87,70.4,63.14,356.49,357.81,245.48,110.91,25.51,27.47,357.4,0.084,25900,90,0.98
300.0,358.64,357.72,352.74,166.16,70.76,63.73,356.46,357.84,245.68,111.19,25.51,27.47,357.39,0.084,25900,90,0.98
301.0,358.62,357.71,352.91,166.47,71.11,64.31,356.43,357.87,245.89,111.61,25.51,27.47,357.38,0.084,25900,90,0.98
302.0,358.6,357.7,353.07,166.73,71.48,64.91,356.4,357.9,246.2,112.01,25.51,27.47,357.37,0.084,25900,90,0.98
303.0,358.58,357.68,353.23,166.99,71.87,65.51,356.37,357.92,246.51,112.42,25.5,27.47,357.35,0.084,25900,90,0.98
304.0,358.57,357.68,353.39,167.26,72.25,66.11,356.34,357.94,246.73,112.63,25.52,27.47,357.35,0.084,25900,90,0.98
305.0,358.54,357.67,353.63,167.87,72.87,67.03,356.3,357.98,247.03,113.12,25.52,27.46,357.33,0.084,25900,90,0.98
306.0,358.51,357.65,353.86,168.44,73.5,67.97,356.26,358.01,247.36,113.72,25.51,27.47,357.32,0.084,25900,90,0.98
307.0,358.5,357.64,354.02,168.62,73.9,68.6,356.24,358.03,247.7,114.11,25.52,27.47,357.3,0.084,25900,90,0.98
308.0,358.48,357.64,354.18,168.75,74.29,69.24,356.22,358.08,248.02,114.42,25.53,27.47,357.29,0.084,25900,90,0.98
309.0,358.46,357.63,354.35,169.01,74.65,69.86,356.19,358.1,248.39,114.8,25.52,27.47,357.29,0.084,25900,90,0.98
310.0,358.45,357.63,354.52,169.34,74.98,70.49,356.17,358.13,248.79,115.14,25.52,27.47,357.28,0.084,25900,90,0.98
311.0,358.43,357.61,354.69,169.8,75.31,71.12,356.14,358.15,249.05,115.42,25.52,27.46,357.27,0.084,25900,90,0.98
312.0,358.41,357.6,354.86,170.28,75.68,71.74,356.12,358.18,249.41,115.9,25.53,27.47,357.26,0.084,25900,90,0.98
313.0,358.4,357.59,355.02,170.72,76.04,72.36,356.08,358.2,249.75,116.33,25.52,27.46,357.25,0.084,25900,90,0.98
314.0,358.36,357.56,355.27,171.4,76.59,73.32,356.03,358.24,250.09,116.81,25.53,27.47,357.23,0.084,25900,90,0.98
315.0,358.33,357.56,355.52,172.08,77.09,74.27,356,358.26,250.43,117.29,25.52,27.47,357.21,0.084,25900,90,0.98
316.0,358.33,357.55,355.69,172.45,77.42,74.9,355.98,358.29,250.75,117.7,25.52,27.47,357.21,0.084,25900,90,0.98
317.0,358.31,357.54,355.86,172.81,77.75,75.54,355.96,358.31,251.03,118.14,25.52,27.47,357.2,0.084,25900,90,0.98
318.0,358.29,357.54,356.03,172.98,78.06,76.16,355.93,358.34,251.22,118.28,25.52,27.47,357.19,0.084,25900,90,0.98
319.0,358.26,357.53,356.19,173.1,78.39,76.77,355.91,358.37,251.57,118.49,25.53,27.47,357.18,0.084,25900,90,0.98
320.0,358.24,357.52,356.36,173.31,78.79,77.42,355.89,358.4,251.94,118.64,25.53,27.47,357.17,0.084,25900,90,0.98
321.0,358.22,357.52,356.53,173.61,79.14,78.03,355.85,358.43,252.33,118.94,25.53,27.48,357.16,0.084,25900,90,0.98
322.0,358.18,357.5,356.68,174.06,79.48,78.65,355.82,358.46,252.73,119.44,25.53,27.48,357.15,0.084,25900,90,0.98
323.0,358.16,357.49,356.9,174.75,80.05,79.59,355.79,358.48,253.17,120,25.53,27.48,357.13,0.084,25900,90,0.98
324.0,358.13,357.48,357.13,175.4,80.68,80.52,355.75,358.52,253.63,120.56,25.53,27.49,357.1,0.084,25900,90,0.98
325.0,358.09,357.48,357.28,175.89,81.09,81.16,355.73,358.53,253.95,120.92,25.53,27.48,357.09,0.084,25900,90,0.98
326.0,358.07,357.46,357.43,176.4,81.47,81.78,355.7,358.56,254.41,121.44,25.54,27.49,357.08,0.084,25900,90,0.98
327.0,358.04,357.46,357.58,176.83,81.9,82.4,355.68,358.6,254.8,121.84,25.54,27.5,357.06,0.084,25900,90,0.98
328.0,358.01,357.46,357.74,177.24,82.34,83.03,355.64,358.62,255.22,122.39,25.54,27.49,357.05,0.084,25900,90,0.98
329.0,357.97,357.44,357.89,177.72,82.82,83.66,355.62,358.64,255.64,122.96,25.54,27.49,357.02,0.084,25900,90,0.98
330.0,357.94,357.44,358.05,178.11,83.29,84.31,355.6,358.67,256.02,123.49,25.53,27.49,357.01,0.084,25900,90,0.98
331.0,357.92,357.42,358.2,178.47,83.75,84.94,355.58,358.71,256.34,123.91,25.53,27.49,356.99,0.084,25900,90,0.98
332.0,357.88,357.42,358.44,178.85,84.41,85.91,355.55,358.73,256.55,123.97,25.53,27.48,356.96,0.084,25900,90,0.98
333.0,357.84,357.41,358.66,179.17,84.95,86.85,355.51,358.76,256.87,124.19,25.54,27.48,356.94,0.084,25900,90,0.98
334.0,357.8,357.41,358.82,179.4,85.32,87.48,355.48,358.8,257.19,124.45,25.54,27.5,356.92,0.084,25900,90,0.98
335.0,357.77,357.4,358.97,179.63,85.7,88.1,355.45,358.83,257.51,124.75,25.54,27.5,356.9,0.084,25900,90,0.98
336.0,357.73,357.39,359.1,179.83,86.03,88.71,355.43,358.87,257.77,124.88,25.54,27.49,356.88,0.084,25900,90,0.98
337.0,357.71,357.38,359.25,180.07,86.39,89.32,355.39,358.89,257.98,125.09,25.54,27.49,356.85,0.084,25900,90,0.98
338.0,357.68,357.38,359.39,180.35,86.71,89.93,355.38,358.93,258.18,125.35,25.54,27.49,356.83,0.084,25900,90,0.98
339.0,357.65,357.38,359.53,180.57,87.04,90.51,355.35,358.95,258.34,125.49,25.54,27.48,356.82,0.084,25900,90,0.98
340.0,357.62,357.36,359.66,180.74,87.4,91.09,355.31,358.98,258.57,125.83,25.53,27.48,356.79,0.084,25900,90,0.98
341.0,357.57,357.36,359.86,181.1,88,91.98,355.28,359.01,258.86,126.32,25.53,27.48,356.76,0.084,25900,90,0.98
342.0,357.52,357.35,360.07,181.43,88.66,92.86,355.24,359.05,259.08,126.76,25.53,27.48,356.75,0.084,25900,90,0.98
343.0,357.48,357.35,360.19,181.62,89.11,93.45,355.21,359.07,259.29,127.11,25.53,27.47,356.72,0.084,25900,90,0.98
344.0,357.46,357.34,360.33,181.85,89.56,94.05,355.19,359.11,259.51,127.5,25.53,27.47,356.7,0.084,25900,90,0.98
345.0,357.42,357.32,360.45,182.18,90,94.63,355.16,359.15,259.73,127.88,25.54,27.48,356.67,0.084,25900,90,0.98
346.0,357.39,357.32,360.59,182.42,90.44,95.24,355.13,359.17,259.9,128.11,25.53,27.47,356.66,0.084,25900,90,0.98
347.0,357.35,357.31,360.71,182.67,90.95,95.83,355.09,359.21,260.22,128.66,25.54,27.47,356.64,0.084,25900,90,0.98
348.0,357.31,357.29,360.85,182.91,91.49,96.44,355.07,359.24,260.63,129.28,25.53,27.48,356.61,0.084,25900,90,0.98
349.0,357.28,357.3,360.97,183.26,92.01,97.05,355.04,359.27,261.07,129.85,25.54,27.48,356.59,0.084,25900,90,0.98
350.0,357.23,357.28,361.15,183.76,92.66,97.94,355,359.31,261.38,130.19,25.54,27.48,356.56,0.084,25900,90,0.98
351.0,357.19,357.28,361.33,184.23,93.24,98.84,354.97,359.34,261.57,130.42,25.54,27.48,356.53,0.084,25900,90,0.98
352.0,357.14,357.28,361.46,184.55,93.64,99.44,354.94,359.37,261.7,130.69,25.54,27.47,356.5,0.084,25900,90,0.98
353.0,357.12,357.26,361.58,184.9,94.09,100.04,354.91,359.4,261.78,130.95,25.54,27.47,356.49,0.084,25900,90,0.98
354.0,357.09,357.27,361.72,185.25,94.55,100.64,354.89,359.43,261.89,131.36,25.54,27.47,356.48,0.084,25900,90,0.98
355.0,357.05,357.25,361.83,185.59,95.03,101.23,354.87,359.48,262.04,131.92,25.54,27.48,356.45,0.084,25900,90,0.98
356.0,357.02,357.25,361.95,185.94,95.53,101.83,354.84,359.51,262.27,132.4,25.54,27.48,356.42,0.084,25900,90,0.98
357.0,356.98,357.25,362.05,186.27,96.01,102.43,354.81,359.55,262.53,132.81,25.54,27.48,356.41,0.084,25900,90,0.98
358.0,356.96,357.24,362.16,186.56,96.5,103.02,354.8,359.6,262.76,133.14,25.55,27.48,356.39,0.084,25900,90,0.98
359.0,356.9,357.23,362.34,186.84,97.13,103.91,354.75,359.63,262.98,133.34,25.55,27.48,356.36,0.084,25900,90,0.98
360.0,356.83,357.21,362.5,187.11,97.66,104.77,354.71,359.65,263.11,133.49,25.55,27.48,356.31,0.084,25900,90,0.98
361.0,356.8,357.21,362.6,187.26,97.97,105.35,354.67,359.69,263.3,133.67,25.54,27.47,356.3,0.084,25900,90,0.98
362.0,356.75,357.19,362.71,187.37,98.28,105.9,354.65,359.73,263.43,133.8,25.54,27.47,356.26,0.084,25900,90,0.98
363.0,356.73,357.19,362.84,187.36,98.59,106.45,354.62,359.77,263.51,134.02,25.55,27.47,356.25,0.084,25900,90,0.98
364.0,356.68,357.19,362.95,187.21,98.85,106.98,354.59,359.81,263.6,134.1,25.55,27.46,356.22,0.084,25900,90,0.98
365.0,356.65,357.19,363.07,187.05,99.12,107.51,354.56,359.85,263.71,134.18,25.55,27.47,356.21,0.084,25900,90,0.98
366.0,356.61,357.19,363.19,187.08,99.42,108.05,354.54,359.89,263.89,134.53,25.55,27.46,356.19,0.084,25900,90,0.98
367.0,356.58,357.17,363.29,187.24,99.77,108.58,354.51,359.93,263.99,134.76,25.55,27.46,356.16,0.084,25900,90,0.98
368.0,356.51,357.15,363.45,187.59,100.35,109.37,354.46,359.96,264.11,135.16,25.56,27.46,356.12,0.084,25900,90,0.98
369.0,356.46,357.15,363.62,187.89,100.99,110.16,354.42,360,264.23,135.44,25.55,27.46,356.1,0.084,25900,90,0.98
370.0,356.43,357.13,363.72,188,101.41,110.69,354.39,360.04,264.32,135.73,25.56,27.45,356.07,0.084,25900,90,0.98
371.0,356.38,357.12,363.81,188.15,101.79,111.21,354.36,360.09,264.45,135.99,25.56,27.45,356.04,0.084,25900,90,0.98
372.0,356.34,357.12,363.91,188.31,102.16,111.72,354.33,360.12,264.58,136.28,25.56,27.45,356.02,0.084,25900,90,0.98
373.0,356.31,357.1,364.01,188.58,102.53,112.25,354.3,360.17,264.7,136.65,25.56,27.45,356,0.084,25900,90,0.98
374.0,356.28,357.11,364.12,188.83,102.88,112.78,354.28,360.19,264.76,136.76,25.56,27.44,355.97,0.084,25900,90,0.98
375.0,356.25,357.1,364.21,188.85,103.17,113.28,354.25,360.24,264.81,136.7,25.56,27.44,355.96,0.084,25900,90,0.98
376.0,356.21,357.1,364.32,188.79,103.42,113.78,354.21,360.27,264.89,136.8,25.55,27.44,355.94,0.084,25900,90,0.98
377.0,356.16,357.09,364.47,188.98,103.87,114.51,354.17,360.3,265.05,137.12,25.56,27.44,355.89,0.084,25900,90,0.98
378.0,356.1,357.07,364.6,189.48,104.35,115.24,354.13,360.36,265.28,137.54,25.56,27.44,355.85,0.084,25900,90,0.98
379.0,356.07,357.06,364.69,189.68,104.61,115.71,354.09,360.4,265.49,137.76,25.56,27.44,355.84,0.084,25900,90,0.98
380.0,356.03,357.06,364.8,189.78,104.85,116.19,354.07,360.43,265.65,137.82,25.56,27.44,355.81,0.084,25900,90,0.98
381.0,356,357.05,364.89,189.9,105.12,116.65,354.04,360.46,265.75,138,25.55,27.43,355.79,0.084,25900,90,0.98
382.0,355.97,357.05,365,190.03,105.43,117.11,354.02,360.5,265.98,138.27,25.56,27.44,355.77,0.084,25900,90,0.98
383.0,355.93,357.04,365.11,190.17,105.7,117.56,353.99,360.55,266.19,138.49,25.57,27.44,355.74,0.084,25900,90,0.98
384.0,355.89,357.03,365.21,190.37,105.98,118.03,353.95,360.59,266.39,138.7,25.56,27.43,355.73,0.084,25900,90,0.98
385.0,355.85,357.02,365.31,190.58,106.32,118.47,353.93,360.62,266.56,139,25.56,27.43,355.69,0.084,25900,90,0.98
386.0,355.8,357.01,365.46,190.9,106.88,119.15,353.88,360.67,266.71,139.27,25.56,27.44,355.65,0.084,25900,90,0.98
387.0,355.74,356.99,365.62,191.12,107.46,119.85,353.83,360.72,266.86,139.56,25.57,27.43,355.61,0.084,25900,90,0.98
388.0,355.71,356.98,365.72,191.23,107.82,120.31,353.81,360.74,266.94,139.74,25.56,27.44,355.59,0.084,25900,90,0.98
389.0,355.67,356.98,365.82,191.29,108.19,120.77,353.78,360.79,267.05,139.97,25.57,27.44,355.57,0.084,25900,90,0.98
390.0,355.63,356.96,365.91,191.44,108.54,121.22,353.75,360.83,267.17,140.2,25.57,27.43,355.54,0.084,25900,90,0.98
391.0,355.6,356.96,366.01,191.68,108.9,121.68,353.72,360.88,267.28,140.44,25.57,27.43,355.52,0.084,25900,90,0.98
392.0,355.56,356.96,366.1,191.93,109.27,122.16,353.69,360.92,267.34,140.65,25.57,27.44,355.5,0.084,25900,90,0.98
393.0,355.53,356.95,366.21,192,109.58,122.62,353.67,360.97,267.45,140.78,25.57,27.44,355.47,0.084,25900,90,0.98
394.0,355.48,356.95,366.36,192.07,110.02,123.31,353.63,361.01,267.6,140.94,25.57,27.44,355.45,0.084,25900,90,0.98
395.0,355.44,356.94,366.49,192.27,110.45,123.98,353.59,361.05,267.72,141.06,25.58,27.45,355.42,0.084,25900,90,0.98
396.0,355.4,356.95,366.59,192.4,110.82,124.41,353.57,361.08,267.93,141.48,25.56,27.43,355.4,0.084,25900,90,0.98
397.0,355.37,356.94,366.69,192.35,111.2,124.85,353.54,361.13,268.16,141.93,25.58,27.43,355.38,0.084,25900,90,0.98
398.0,355.34,356.93,366.78,192.25,111.51,125.28,353.52,361.18,268.45,142.17,25.58,27.44,355.34,0.084,25900,90,0.98
399.0,355.31,356.92,366.87,192.29,111.75,125.71,353.48,361.23,268.67,142.27,25.58,27.44,355.32,0.084,25900,90,0.98
400.0,355.26,356.91,366.96,192.4,111.97,126.13,353.45,361.28,268.83,142.28,25.58,27.44,355.29,0.084,25900,90,0.98
401.0,355.23,356.9,367.06,192.59,112.18,126.57,353.41,361.33,268.96,142.38,25.59,27.43,355.28,0.084,25900,90,0.98
402.0,355.19,356.89,367.16,192.86,112.44,126.99,353.39,361.35,269.07,142.56,25.58,27.43,355.25,0.084,25900,90,0.98
403.0,355.16,356.9,367.27,193.08,112.74,127.41,353.37,361.39,269.15,142.68,25.58,27.42,355.22,0.084,25900,90,0.98
404.0,355.11,356.89,367.42,193.28,113.16,128.04,353.33,361.45,269.18,142.79,25.58,27.43,355.19,0.084,25900,90,0.98
405.0,355.07,356.88,367.56,193.49,113.61,128.67,353.29,361.49,269.25,142.97,25.58,27.43,355.16,0.084,25900,90,0.98
406.0,355.04,356.88,367.67,193.51,113.98,129.1,353.27,361.53,269.33,143.2,25.57,27.42,355.14,0.084,25900,90,0.98
407.0,355,356.87,367.77,193.58,114.39,129.51,353.23,361.58,269.49,143.65,25.58,27.43,355.11,0.084,25900,90,0.98
408.0,354.96,356.85,367.85,193.58,114.84,129.92,353.2,361.64,269.68,144.04,25.58,27.43,355.09,0.084,25900,90,0.98
409.0,354.92,356.85,367.93,193.6,115.31,130.33,353.17,361.68,269.87,144.39,25.59,27.43,355.06,0.084,25900,90,0.98
410.0,354.89,356.84,368.03,193.64,115.81,130.73,353.14,361.72,270.21,145.06,25.59,27.43,355.03,0.084,25900,90,0.98
411.0,354.87,356.85,368.12,193.88,116.34,131.17,353.12,361.77,270.57,145.8,25.59,27.43,355.02,0.084,25900,90,0.98
412.0,354.83,356.85,368.21,194.2,116.79,131.59,353.08,361.82,270.79,146.02,25.58,27.43,354.99,0.084,25900,90,0.98
413.0,354.78,356.83,368.35,194.43,117.25,132.23,353.05,361.86,270.92,145.81,25.59,27.43,354.95,0.084,25900,90,0.98
414.0,354.73,356.83,368.5,194.57,117.6,132.89,353.01,361.92,270.92,145.58,25.59,27.43,354.92,0.084,25900,90,0.98
415.0,354.7,356.82,368.6,194.77,117.84,133.33,352.98,361.95,270.88,145.55,25.58,27.43,354.89,0.084,25900,90,0.98
416.0,354.66,356.81,368.69,194.89,118.07,133.75,352.94,361.99,270.88,145.56,25.58,27.43,354.86,0.084,25900,90,0.98
417.0,354.63,356.8,368.79,194.88,118.31,134.18,352.92,362.04,270.86,145.49,25.58,27.43,354.84,0.084,25900,90,0.98
418.0,354.6,356.8,368.87,194.93,118.52,134.62,352.89,362.09,270.86,145.62,25.6,27.43,354.82,0.084,25900,90,0.98
419.0,354.56,356.79,368.97,195.01,118.75,135.03,352.87,362.15,270.93,145.81,25.59,27.43,354.79,0.084,25900,90,0.98
420.0,354.54,356.78,369.05,195.12,119.04,135.46,352.84,362.2,271.08,146.16,25.58,27.43,354.77,0.084,25900,90,0.98
421.0,354.5,356.79,369.14,195.34,119.37,135.88,352.82,362.24,271.29,146.52,25.59,27.43,354.76,0.084,25900,90,0.98
422.0,354.46,356.78,369.25,195.84,119.79,136.49,352.77,362.29,271.48,146.77,25.59,27.43,354.72,0.084,25900,90,0.98
423.0,354.41,356.77,369.35,196.06,120.17,137.1,352.72,362.34,271.54,146.79,25.58,27.43,354.69,0.084,25900,90,0.98
424.0,354.38,356.76,369.44,196.14,120.44,137.51,352.7,362.39,271.57,146.82,25.59,27.43,354.66,0.084,25900,90,0.98
425.0,354.35,356.76,369.52,196.35,120.75,137.91,352.67,362.44,271.6,147.09,25.59,27.44,354.64,0.084,25900,90,0.98
426.0,354.32,356.75,369.6,196.56,121.02,138.3,352.65,362.49,271.61,147.35,25.59,27.44,354.62,0.084,25900,90,0.98
427.0,354.28,356.73,369.67,196.51,121.23,138.69,352.6,362.53,271.58,147.28,25.59,27.43,354.59,0.084,25900,90,0.98
428.0,354.24,356.73,369.76,196.29,121.4,139.05,352.58,362.58,271.57,147.33,25.59,27.43,354.57,0.084,25900,90,0.98
429.0,354.21,356.72,369.83,196.35,121.65,139.42,352.55,362.63,271.66,147.58,25.59,27.43,354.53,0.084,25900,90,0.98
430.0,354.16,356.71,369.95,196.66,122.05,139.94,352.51,362.67,271.75,147.79,25.59,27.43,354.51,0.084,25900,90,0.98
431.0,354.12,356.71,370.05,196.89,122.34,140.46,352.47,362.73,271.84,147.88,25.6,27.44,354.48,0.084,25900,90,0.98
432.0,354.08,356.7,370.13,197.03,122.47,140.78,352.43,362.79,271.93,147.96,25.6,27.44,354.44,0.084,25900,90,0.98
433.0,354.05,356.7,370.2,197.24,122.61,141.11,352.41,362.84,272.07,148.37,25.6,27.43,354.43,0.084,25900,90,0.98
434.0,354,356.69,370.27,197.38,122.78,141.42,352.39,362.9,272.24,148.66,25.6,27.44,354.4,0.084,25900,90,0.98
435.0,353.98,356.69,370.35,197.53,123.03,141.73,352.36,362.95,272.37,148.96,25.6,27.43,354.38,0.084,25900,90,0.98
436.0,353.94,356.68,370.43,197.7,123.31,142.04,352.32,363,272.45,149.12,25.6,27.44,354.36,0.084,25900,90,0.98
437.0,353.92,356.68,370.51,197.8,123.49,142.36,352.29,363.04,272.48,149.06,25.6,27.43,354.33,0.084,25900,90,0.98
438.0,353.88,356.68,370.61,197.84,123.64,142.66,352.28,363.08,272.45,148.94,25.6,27.44,354.31,0.084,25900,90,0.98
439.0,353.86,356.68,370.69,197.83,123.78,142.95,352.26,363.15,272.45,148.97,25.6,27.43,354.29,0.084,25900,90,0.98
440.0,353.8,356.66,370.82,197.86,124.12,143.4,352.22,363.2,272.47,149.31,25.6,27.43,354.26,0.084,25900,90,0.98
441.0,353.77,356.67,370.95,197.92,124.45,143.87,352.19,363.26,272.52,149.54,25.6,27.43,354.23,0.084,25900,90,0.98
442.0,353.74,356.67,371.02,197.91,124.6,144.16,352.17,363.32,272.53,149.55,25.6,27.43,354.21,0.084,25900,90,0.98
443.0,353.71,356.67,371.08,197.97,124.75,144.43,352.14,363.38,272.56,149.62,25.6,27.42,354.19,0.084,25900,90,0.98
444.0,353.66,356.66,371.15,198.17,125.01,144.71,352.11,363.41,272.6,149.79,25.6,27.43,354.16,0.084,25900,90,0.98
445.0,353.64,356.66,371.22,198.32,125.28,144.99,352.09,363.46,272.7,149.96,25.6,27.43,354.14,0.084,25900,90,0.98
446.0,353.61,356.66,371.3,198.35,125.48,145.27,352.06,363.52,272.82,149.95,25.61,27.43,354.13,0.084,25900,90,0.98
447.0,353.58,356.66,371.38,198.32,125.65,145.55,352.03,363.58,272.95,150.16,25.61,27.43,354.1,0.084,25900,90,0.98
448.0,353.54,356.65,371.45,198.48,125.86,145.84,352,363.63,273.09,150.49,25.6,27.43,354.07,0.084,25900,90,0.98
449.0,353.5,356.64,371.56,198.71,126.2,146.26,351.97,363.69,273.21,150.81,25.61,27.43,354.04,0.084,25900,90,0.98
450.0,353.44,356.64,371.69,198.67,126.64,146.65,351.93,363.75,273.41,151.25,25.61,27.42,354.01,0.084,25900,90,0.98
451.0,353.42,356.64,371.76,198.64,126.9,146.91,351.9,363.78,273.59,151.45,25.6,27.42,354,0.084,25900,90,0.98
452.0,353.38,356.63,371.86,198.77,127.21,147.18,351.88,363.84,273.86,151.77,25.6,27.42,353.98,0.084,25900,90,0.98
453.0,353.37,356.64,371.95,198.96,127.59,147.45,351.86,363.9,274.17,152.23,25.6,27.42,353.96,0.084,25900,90,0.98
454.0,353.34,356.63,372.03,199.27,127.89,147.74,351.83,363.96,274.42,152.39,25.6,27.42,353.93,0.084,25900,90,0.98
455.0,353.32,356.64,372.11,199.41,128.05,148.03,351.8,364.02,274.54,152.2,25.61,27.41,353.92,0.084,25900,90,0.98
456.0,353.28,356.63,372.2,199.47,128.16,148.31,351.78,364.07,274.6,152.1,25.61,27.42,353.89,0.084,25900,90,0.98
457.0,353.24,356.63,372.34,199.52,128.35,148.71,351.74,364.13,274.66,151.97,25.61,27.42,353.86,0.084,25900,90,0.98
458.0,353.19,356.64,372.48,199.57,128.45,149.1,351.71,364.16,274.69,151.85,25.61,27.42,353.84,0.084,25900,90,0.98
459.0,353.16,356.63,372.56,199.63,128.51,149.33,351.68,364.21,274.74,151.83,25.61,27.43,353.81,0.084,25900,90,0.98
460.0,353.13,356.62,372.64,199.6,128.55,149.56,351.66,364.27,274.79,151.73,25.61,27.42,353.78,0.084,25900,90,0.98
461.0,353.1,356.62,372.71,199.63,128.61,149.78,351.62,364.34,274.87,151.68,25.62,27.43,353.76,0.084,25900,90,0.98
462.0,353.07,356.61,372.77,199.67,128.64,149.99,351.6,364.39,274.99,151.59,25.62,27.43,353.74,0.084,25900,90,0.98
463.0,353.04,356.61,372.84,199.86,128.67,150.19,351.58,364.45,275.1,151.7,25.62,27.42,353.73,0.084,25900,90,0.98
464.0,353.01,356.61,372.9,200,128.77,150.39,351.55,364.51,275.17,151.78,25.61,27.42,353.71,0.084,25900,90,0.98
465.0,352.99,356.61,372.96,200.09,128.87,150.58,351.52,364.55,275.19,151.79,25.61,27.42,353.69,0.084,25900,90,0.98
466.0,352.96,356.61,373.02,200.17,128.99,150.77,351.5,364.61,275.2,151.84,25.62,27.43,353.66,0.084,25900,90,0.98
467.0,352.91,356.6,373.12,200.28,129.18,151.07,351.46,364.66,275.2,151.97,25.62,27.43,353.63,0.084,25900,90,0.98
468.0,352.87,356.59,373.22,200.41,129.34,151.36,351.42,364.72,275.21,152.06,25.62,27.43,353.6,0.084,25900,90,0.98
469.0,352.84,356.59,373.29,200.5,129.51,151.54,351.39,364.78,275.22,152.34,25.63,27.43,353.58,0.084,25900,90,0.98
470.0,352.81,356.6,373.36,200.65,129.7,151.73,351.36,364.83,275.25,152.6,25.62,27.43,353.57,0.084,25900,90,0.98
471.0,352.79,356.59,373.44,200.71,129.86,151.91,351.34,364.89,275.25,152.59,25.62,27.43,353.55,0.084,25900,90,0.98
472.0,352.75,356.58,373.51,200.69,130.01,152.08,351.31,364.93,275.22,152.54,25.62,27.42,353.52,0.084,25900,90,0.98
473.0,352.73,356.58,373.59,200.74,130.12,152.26,351.3,364.98,275.25,152.55,25.62,27.42,353.51,0.084,25900,90,0.98
474.0,352.7,356.59,373.65,200.72,130.21,152.43,351.27,365.04,275.34,152.54,25.62,27.43,353.5,0.084,25900,90,0.98
475.0,352.66,356.58,373.75,200.75,130.28,152.69,351.22,365.1,275.4,152.53,25.62,27.42,353.45,0.084,25900,90,0.98
476.0,352.62,356.58,373.85,200.8,130.33,152.96,351.2,365.16,275.44,152.48,25.62,27.42,353.42,0.084,25900,90,0.98
477.0,352.6,356.58,373.91,200.89,130.37,153.12,351.17,365.22,275.47,152.45,25.63,27.43,353.41,0.084,25900,90,0.98
478.0,352.57,356.58,373.97,201.05,130.44,153.28,351.15,365.28,275.51,152.54,25.63,27.43,353.39,0.084,25900,90,0.98
479.0,352.56,356.58,374.04,201.19,130.55,153.44,351.12,365.32,275.53,152.56,25.63,27.44,353.38,0.084,25900,90,0.98
480.0,352.51,356.58,374.1,201.31,130.69,153.6,351.1,365.37,275.53,152.61,25.63,27.43,353.35,0.084,25900,90,0.98
481.0,352.49,356.57,374.17,201.36,130.83,153.75,351.07,365.43,275.49,152.73,25.64,27.44,353.34,0.084,25900,90,0.98
482.0,352.46,356.57,374.22,201.32,130.96,153.91,351.04,365.49,275.45,152.81,25.63,27.44,353.31,0.084,25900,90,0.98
483.0,352.44,356.57,374.29,201.19,131.09,154.07,351.02,365.55,275.44,152.82,25.63,27.44,353.3,0.084,25900,90,0.98
484.0,352.42,356.57,374.36,201.02,131.2,154.23,351,365.62,275.56,152.81,25.64,27.44,353.28,0.084,25900,90,0.98
485.0,352.37,356.56,374.45,201.13,131.45,154.48,350.96,365.67,275.73,153.11,25.63,27.44,353.25,0.084,25900,90,0.98
486.0,352.32,356.56,374.54,201.63,131.95,154.74,350.93,365.71,275.85,153.53,25.64,27.44,353.22,0.084,25900,90,0.98
487.0,352.3,356.57,374.6,201.8,132.36,154.93,350.89,365.77,276.07,154.21,25.64,27.44,353.21,0.084,25900,90,0.98
488.0,352.27,356.56,374.65,201.76,132.78,155.12,350.88,365.83,276.35,154.81,25.64,27.44,353.18,0.084,25900,90,0.98
489.0,352.24,356.57,374.73,201.96,133.23,155.33,350.85,365.89,276.67,155.47,25.64,27.45,353.18,0.084,25900,90,0.98
490.0,352.22,356.57,374.8,202.02,133.66,155.54,350.83,365.95,277.02,156.17,25.63,27.45,353.15,0.084,25900,90,0.98
491.0,352.2,356.57,374.88,202.21,134.13,155.77,350.81,366.01,277.32,156.53,25.64,27.45,353.13,0.084,25900,90,0.98
492.0,352.17,356.57,374.96,202.26,134.45,156.01,350.79,366.06,277.48,156.35,25.64,27.45,353.11,0.084,25900,90,0.98
493.0,352.13,356.57,375.08,202.33,134.66,156.37,350.75,366.11,277.48,156.1,25.65,27.46,353.08,0.084,25900,90,0.98
494.0,352.1,356.58,375.22,202.28,134.77,156.72,350.73,366.16,277.37,155.81,25.64,27.45,353.06,0.084,25900,90,0.98
495.0,352.07,356.58,375.3,202.23,134.8,156.95,350.71,366.2,277.24,155.65,25.63,27.44,353.05,0.084,25900,90,0.98
496.0,352.05,356.58,375.38,202.09,134.83,157.17,350.69,366.27,277.12,155.36,25.63,27.45,353.03,0.084,25900,90,0.98
497.0,352.02,356.58,375.45,201.95,134.89,157.39,350.66,366.33,276.98,155.18,25.64,27.45,353.01,0.084,25900,90,0.98
498.0,351.99,356.58,375.53,201.82,134.93,157.59,350.64,366.39,276.89,155.1,25.65,27.45,352.99,0.084,25900,90,0.98
499.0,351.96,356.58,375.6,201.91,134.96,157.79,350.62,366.45,276.85,155.17,25.65,27.45,352.98,0.084,25900,90,0.98
500.0,351.94,356.58,375.66,201.9,134.97,157.99,350.6,366.5,276.8,155.07,25.64,27.45,352.97,0.084,25900,90,0.98
501.0,351.91,356.58,375.71,201.92,134.96,158.16,350.57,366.56,276.72,155.07,25.64,27.45,352.95,0.084,25900,90,0.98
502.0,351.89,356.58,375.75,201.93,134.99,158.32,350.54,366.61,276.67,155.11,25.63,27.44,352.92,0.084,25900,90,0.98
503.0,351.84,356.58,375.8,201.99,135.1,158.56,350.51,366.66,276.69,155.3,25.64,27.45,352.89,0.084,25900,90,0.98
504.0,351.8,356.57,375.87,202.08,135.39,158.81,350.47,366.73,276.75,155.6,25.64,27.44,352.87,0.084,25900,90,0.98
505.0,351.78,356.58,375.92,202.18,135.6,158.97,350.46,366.79,276.82,155.78,25.64,27.45,352.85,0.084,25900,90,0.98
506.0,351.76,356.59,375.98,202.17,135.73,159.13,350.44,366.85,276.89,155.84,25.64,27.44,352.84,0.084,25900,90,0.98
507.0,351.73,356.59,376.03,202.25,135.82,159.28,350.41,366.89,276.96,155.91,25.64,27.44,352.82,0.084,25900,90,0.98
508.0,351.71,356.59,376.09,202.44,135.94,159.44,350.39,366.95,277.13,156.19,25.64,27.44,352.81,0.084,25900,90,0.98
509.0,351.68,356.59,376.15,202.64,136.11,159.58,350.37,367.01,277.26,156.5,25.65,27.44,352.79,0.084,25900,90,0.98
510.0,351.65,356.6,376.21,202.77,136.3,159.73,350.35,367.08,277.35,156.72,25.64,27.44,352.77,0.084,25900,90,0.98
511.0,351.64,356.6,376.27,203.07,136.53,159.89,350.34,367.14,277.44,156.98,25.65,27.44,352.76,0.084,25900,90,0.98
512.0,351.6,356.61,376.36,203.41,136.76,160.12,350.3,367.2,277.49,157.02,25.64,27.43,352.74,0.084,25900,90,0.98
513.0,351.56,356.61,376.46,203.59,136.93,160.35,350.27,367.26,277.51,157.04,25.64,27.44,352.72,0.084,25900,90,0.98
514.0,351.53,356.61,376.54,203.66,137.05,160.5,350.25,367.29,277.55,157.25,25.64,27.43,352.7,0.084,25900,90,0.98
515.0,351.51,356.62,376.61,203.72,137.17,160.65,350.22,367.36,277.68,157.38,25.64,27.44,352.69,0.084,25900,90,0.98
516.0,351.48,356.61,376.67,203.8,137.25,160.79,350.2,367.42,277.8,157.42,25.64,27.43,352.67,0.084,25900,90,0.98
517.0,351.45,356.61,376.74,203.8,137.29,160.93,350.18,367.47,277.85,157.32,25.65,27.43,352.65,0.084,25900,90,0.98
518.0,351.43,356.63,376.83,203.87,137.38,161.06,350.17,367.54,277.9,157.34,25.65,27.43,352.64,0.084,25900,90,0.98
519.0,351.41,356.64,376.88,204,137.46,161.19,350.14,367.6,277.96,157.36,25.64,27.43,352.63,0.084,25900,90,0.98
520.0,351.38,356.64,376.95,204.04,137.5,161.32,350.12,367.66,278.03,157.37,25.64,27.43,352.61,0.084,25900,90,0.98
521.0,351.34,356.64,377.04,204.13,137.6,161.49,350.08,367.69,278.04,157.48,25.64,27.42,352.58,0.084,25900,90,0.98
522.0,351.3,356.65,377.12,204.18,137.76,161.67,350.05,367.75,278.02,157.56,25.64,27.42,352.56,0.084,25900,90,0.98
523.0,351.29,356.65,377.16,204.18,137.87,161.78,350.03,367.81,278.01,157.64,25.64,27.41,352.55,0.084,25900,90,0.98
524.0,351.25,356.65,377.2,204.21,137.93,161.89,350.01,367.87,278.03,157.58,25.64,27.41,352.53,0.084,25900,90,0.98
525.0,351.23,356.65,377.26,204.15,137.98,161.99,349.99,367.94,278.04,157.44,25.64,27.41,352.52,0.084,25900,90,0.98
526.0,351.2,356.65,377.31,203.96,137.97,162.09,349.96,367.99,278.03,157.21,25.64,27.41,352.5,0.084,25900,90,0.98
527.0,351.18,356.66,377.36,203.89,137.92,162.18,349.94,368.05,278,157.08,25.65,27.41,352.49,0.084,25900,90,0.98
528.0,351.16,356.66,377.41,203.71,137.84,162.27,349.91,368.09,277.98,156.88,25.64,27.41,352.47,0.084,25900,90,0.98
529.0,351.12,356.67,377.5,203.47,137.84,162.38,349.88,368.15,278.02,156.89,25.64,27.41,352.45,0.084,25900,90,0.98
530.0,351.09,356.67,377.58,203.44,138.05,162.51,349.84,368.21,278.17,157.32,25.66,27.41,352.42,0.084,25900,90,0.98
531.0,351.07,356.68,377.63,203.55,138.25,162.62,349.83,368.27,278.31,157.61,25.65,27.42,352.41,0.084,25900,90,0.98
532.0,351.04,356.68,377.68,203.55,138.45,162.71,349.8,368.34,278.4,157.69,25.65,27.41,352.39,0.084,25900,90,0.98
533.0,351.02,356.69,377.73,203.52,138.63,162.84,349.79,368.4,278.42,157.62,25.65,27.41,352.38,0.084,25900,90,0.98
534.0,351.01,356.7,377.79,203.61,138.89,162.97,349.77,368.45,278.45,157.79,25.65,27.4,352.37,0.084,25900,90,0.98
535.0,350.98,356.7,377.84,203.8,139.12,163.12,349.75,368.48,278.53,157.97,25.64,27.39,352.35,0.084,25900,90,0.98
536.0,350.96,356.7,377.9,203.93,139.28,163.26,349.73,368.54,278.68,158.09,25.65,27.39,352.34,0.084,25900,90,0.98
537.0,350.92,356.71,377.96,204.05,139.42,163.44,349.71,368.6,278.85,158.15,25.65,27.4,352.31,0.084,25900,90,0.98
538.0,350.91,356.71,378.02,204.15,139.56,163.58,349.68,368.67,278.99,158.29,25.65,27.4,352.3,0.084,25900,90,0.98
539.0,350.88,356.71,378.1,204.29,139.77,163.8,349.65,368.73,279.08,158.39,25.65,27.4,352.28,0.084,25900,90,0.98
540.0,350.83,356.72,378.19,204.31,139.99,164.03,349.62,368.78,279.17,158.36,25.65,27.4,352.25,0.084,25900,90,0.98
541.0,350.82,356.73,378.24,204.31,140.1,164.17,349.59,368.84,279.23,158.31,25.65,27.39,352.24,0.084,25900,90,0.98
542.0,350.79,356.72,378.31,204.25,140.2,164.32,349.56,368.87,279.24,158.29,25.65,27.39,352.22,0.084,25900,90,0.98
543.0,350.78,356.73,378.37,204.22,140.21,164.47,349.55,368.93,279.23,158.15,25.65,27.4,352.2,0.084,25900,90,0.98
544.0,350.75,356.73,378.43,204.12,140.2,164.6,349.53,368.99,279.21,157.92,25.65,27.39,352.19,0.084,25900,90,0.98
545.0,350.73,356.74,378.49,203.96,140.17,164.72,349.5,369.05,279.13,157.73,25.66,27.39,352.18,0.084,25900,90,0.98
546.0,350.71,356.74,378.55,203.97,140.16,164.83,349.48,369.11,279.04,157.84,25.65,27.4,352.16,0.084,25900,90,0.98
547.0,350.68,356.74,378.63,203.98,140.2,164.98,349.46,369.16,278.88,157.81,25.65,27.4,352.14,0.084,25900,90,0.98
548.0,350.64,356.75,378.69,203.94,140.19,165.1,349.42,369.22,278.69,157.82,25.66,27.41,352.12,0.084,25900,90,0.98
549.0,350.62,356.76,378.73,203.88,140.17,165.19,349.41,369.27,278.55,157.78,25.66,27.4,352.1,0.084,25900,90,0.98
550.0,350.6,356.77,378.77,203.83,140.12,165.27,349.38,369.32,278.52,157.7,25.65,27.4,352.09,0.084,25900,90,0.98
551.0,350.58,356.77,378.81,203.82,140.08,165.33,349.37,369.38,278.43,157.65,25.65,27.39,352.08,0.084,25900,90,0.98
552.0,350.56,356.77,378.85,203.87,140.12,165.38,349.34,369.43,278.45,157.78,25.66,27.4,352.07,0.084,25900,90,0.98
553.0,350.53,356.77,378.88,203.95,140.21,165.43,349.31,369.49,278.46,157.98,25.66,27.41,352.05,0.084,25900,90,0.98
554.0,350.51,356.77,378.92,204.09,140.38,165.5,349.3,369.54,278.45,158.25,25.65,27.4,352.04,0.084,25900,90,0.98
555.0,350.5,356.79,378.97,204.3,140.58,165.57,349.28,369.6,278.42,158.44,25.66,27.41,352.02,0.084,25900,90,0.98
556.0,350.47,356.79,379,204.39,140.76,165.66,349.26,369.64,278.41,158.59,25.65,27.41,352.01,0.084,25900,90,0.98
557.0,350.44,356.79,379.05,204.56,141.01,165.79,349.22,369.7,278.4,158.84,25.66,27.41,351.98,0.084,25900,90,0.98
558.0,350.41,356.81,379.1,204.44,141.2,165.94,349.19,369.76,278.42,158.91,25.66,27.41,351.98,0.084,25900,90,0.98
559.0,350.4,356.81,379.14,204.18,141.21,166.03,349.18,369.81,278.45,158.83,25.66,27.4,351.96,0.084,25900,90,0.98
560.0,350.37,356.81,379.17,204.05,141.19,166.11,349.16,369.86,278.47,158.67,25.65,27.4,351.94,0.084,25900,90,0.98
561.0,350.35,356.83,379.22,204.04,141.24,166.17,349.14,369.92,278.5,158.67,25.66,27.41,351.94,0.084,25900,90,0.98
562.0,350.34,356.83,379.25,204.11,141.33,166.24,349.13,369.98,278.53,158.76,25.66,27.4,351.93,0.084,25900,90,0.98
563.0,350.31,356.83,379.29,204.28,141.46,166.31,349.09,370.01,278.57,158.89,25.66,27.4,351.91,0.084,25900,90,0.98
564.0,350.29,356.84,379.33,204.32,141.57,166.37,349.07,370.07,278.69,159.08,25.66,27.4,351.9,0.084,25900,90,0.98
565.0,350.26,356.83,379.39,204.45,141.68,166.44,349.05,370.13,278.88,159.38,25.66,27.4,351.88,0.084,25900,90,0.98
566.0,350.24,356.85,379.48,204.72,141.95,166.59,349.03,370.19,279.08,159.36,25.66,27.4,351.86,0.084,25900,90,0.98
567.0,350.21,356.87,379.58,204.79,142.12,166.73,349,370.23,279.17,159.2,25.66,27.4,351.85,0.084,25900,90,0.98
568.0,350.2,356.88,379.64,204.78,142.21,166.83,348.99,370.29,279.25,159.22,25.66,27.4,351.84,0.084,25900,90,0.98
569.0,350.17,356.88,379.7,204.68,142.26,166.93,348.96,370.34,279.36,159.3,25.66,27.4,351.82,0.084,25900,90,0.98
570.0,350.16,356.88,379.76,204.65,142.36,167.04,348.93,370.38,279.43,159.43,25.66,27.4,351.82,0.084,25900,90,0.98
571.0,350.14,356.89,379.82,204.87,142.46,167.15,348.92,370.44,279.53,159.59,25.66,27.41,351.8,0.084,25900,90,0.98
572.0,350.12,356.89,379.87,205.1,142.54,167.26,348.9,370.49,279.65,159.82,25.66,27.4,351.79,0.084,25900,90,0.98
573.0,350.1,356.91,379.93,205.24,142.64,167.35,348.88,370.55,279.73,160.04,25.66,27.4,351.78,0.084,25900,90,0.98
574.0,350.07,356.91,380.01,205.58,142.84,167.51,348.86,370.6,279.8,160.32,25.66,27.41,351.76,0.084,25900,90,0.98
575.0,350.04,356.93,380.09,206.02,143.05,167.66,348.83,370.66,279.9,160.69,25.66,27.41,351.74,0.084,25900,90,0.98
576.0,350.03,356.94,380.14,206.25,143.18,167.76,348.81,370.71,279.94,160.94,25.67,27.41,351.74,0.084,25900,90,0.98
577.0,350,356.93,380.17,206.43,143.27,167.86,348.79,370.75,279.94,161.03,25.67,27.41,351.73,0.084,25900,90,0.98
578.0,349.98,356.94,380.23,206.57,143.32,167.97,348.77,370.81,279.94,161.07,25.67,27.41,351.7,0.084,25900,90,0.98
579.0,349.96,356.95,380.27,206.7,143.42,168.07,348.75,370.86,279.98,161.19,25.66,27.41,351.69,0.084,25900,90,0.98
580.0,349.94,356.96,380.31,206.79,143.56,168.15,348.72,370.91,280.05,161.35,25.67,27.4,351.68,0.084,25900,90,0.98
581.0,349.92,356.96,380.36,206.94,143.71,168.26,348.71,370.96,280.19,161.58,25.67,27.41,351.67,0.084,25900,90,0.98
582.0,349.91,356.96,380.4,207.17,143.8,168.37,348.69,371.02,280.39,161.79,25.66,27.4,351.66,0.084,25900,90,0.98
583.0,349.89,356.97,380.44,207.33,143.82,168.47,348.67,371.07,280.6,161.96,25.66,27.4,351.65,0.084,25900,90,0.98
584.0,349.86,356.98,380.51,207.45,144.01,168.61,348.65,371.1,280.7,162.1,25.66,27.4,351.63,0.084,25900,90,0.98
585.0,349.82,357,380.59,207.57,144.28,168.76,348.62,371.15,280.86,162.32,25.66,27.41,351.62,0.084,25900,90,0.98
586.0,349.81,356.99,380.65,207.67,144.43,168.86,348.59,371.22,281.02,162.47,25.67,27.41,351.6,0.084,25900,90,0.98
587.0,349.78,357.01,380.71,207.9,144.63,168.98,348.58,371.27,281.22,162.84,25.68,27.41,351.59,0.084,25900,90,0.98
588.0,349.77,357.02,380.78,208.09,144.82,169.11,348.56,371.32,281.39,163.03,25.67,27.41,351.58,0.084,25900,90,0.98
589.0,349.75,357.02,380.82,208.27,144.98,169.25,348.54,371.38,281.54,163.25,25.67,27.41,351.58,0.084,25900,90,0.98
590.0,349.74,357.03,380.87,208.55,145.15,169.4,348.53,371.42,281.61,163.53,25.67,27.41,351.57,0.084,25900,90,0.98
591.0,349.73,357.03,380.93,208.76,145.33,169.53,348.51,371.47,281.63,163.82,25.68,27.42,351.55,0.084,25900,90,0.98
592.0,349.7,357.05,381,209.09,145.56,169.74,348.49,371.52,281.63,163.99,25.68,27.43,351.54,0.084,25900,90,0.98
593.0,349.67,357.06,381.08,209.24,145.69,169.95,348.46,371.56,281.64,163.92,25.68,27.42,351.52,0.084,25900,90,0.98
594.0,349.66,357.07,381.12,209.25,145.75,170.06,348.44,371.61,281.64,163.77,25.67,27.42,351.52,0.084,25900,90,0.98
595.0,349.64,357.07,381.16,209.33,145.84,170.18,348.43,371.66,281.69,163.76,25.69,27.43,351.5,0.084,25900,90,0.98
596.0,349.62,357.08,381.18,209.58,145.94,170.3,348.41,371.71,281.71,163.9,25.67,27.43,351.49,0.084,25900,90,0.98
597.0,349.59,357.09,381.21,209.75,146.04,170.42,348.4,371.77,281.74,164,25.68,27.44,351.48,0.084,25900,90,0.98
598.0,349.57,357.11,381.25,209.9,146.18,170.56,348.38,371.8,281.75,164.1,25.69,27.43,351.47,0.084,25900,90,0.98
599.0,349.56,357.1,381.28,210.02,146.33,170.7,348.37,371.86,281.78,164.3,25.68,27.43,351.45,0.084,25900,90,0.98
600.0,349.53,357.11,381.32,210.07,146.45,170.82,348.35,371.92,281.79,164.38,25.69,27.44,351.45,0.084,25900,90,0.98
601.0,349.51,357.11,381.36,210.01,146.51,170.96,348.33,371.97,281.76,164.34,25.69,27.43,351.45,0.084,25900,90,0.98
602.0,349.47,357.12,381.42,209.89,146.49,171.13,348.3,372.03,281.69,164.22,25.68,27.41,351.43,0.084,25900,90,0.98
603.0,349.44,357.14,381.48,209.79,146.51,171.28,348.27,372.08,281.68,164.27,25.67,27.42,351.41,0.084,25900,90,0.98
604.0,349.42,357.15,381.51,209.81,146.55,171.37,348.25,372.14,281.8,164.52,25.68,27.41,351.4,0.084,25900,90,0.98
605.0,349.4,357.15,381.55,209.92,146.54,171.45,348.24,372.18,281.89,164.78,25.68,27.41,351.39,0.084,25900,90,0.98
606.0,349.38,357.17,381.6,209.97,146.53,171.52,348.21,372.23,281.99,164.79,25.68,27.41,351.38,0.084,25900,90,0.98
607.0,349.37,357.17,381.62,209.98,146.51,171.59,348.2,372.28,282.04,164.72,25.68,27.39,351.37,0.084,25900,90,0.98
608.0,349.34,357.19,381.66,209.96,146.48,171.66,348.18,372.33,282.07,164.59,25.69,27.4,351.36,0.084,25900,90,0.98
609.0,349.33,357.2,381.7,209.93,146.47,171.72,348.16,372.38,282.13,164.5,25.68,27.39,351.36,0.084,25900,90,0.98
610.0,349.29,357.2,381.76,209.83,146.44,171.82,348.13,372.43,282.19,164.45,25.68,27.39,351.33,0.084,25900,90,0.98
611.0,349.27,357.21,381.83,209.7,146.44,171.89,348.1,372.48,282.3,164.45,25.67,27.39,351.31,0.084,25900,90,0.98
612.0,349.25,357.23,381.87,209.65,146.51,171.94,348.09,372.51,282.4,164.51,25.67,27.39,351.31,0.084,25900,90,0.98
613.0,349.23,357.23,381.92,209.58,146.56,171.98,348.07,372.56,282.5,164.48,25.67,27.39,351.29,0.084,25900,90,0.98
614.0,349.22,357.25,381.96,209.55,146.6,172.03,348.06,372.62,282.55,164.33,25.68,27.39,351.28,0.084,25900,90,0.98
615.0,349.2,357.26,382,209.64,146.65,172.1,348.04,372.67,282.58,164.34,25.68,27.39,351.28,0.084,25900,90,0.98
616.0,349.18,357.26,382.04,209.67,146.69,172.17,348.02,372.72,282.55,164.31,25.68,27.4,351.26,0.084,25900,90,0.98
617.0,349.16,357.27,382.09,209.6,146.72,172.24,348.01,372.78,282.53,164.25,25.68,27.4,351.26,0.084,25900,90,0.98
618.0,349.15,357.29,382.13,209.65,146.77,172.31,347.99,372.83,282.54,164.33,25.68,27.4,351.25,0.084,25900,90,0.98
619.0,349.13,357.29,382.16,209.48,146.82,172.38,347.97,372.87,282.55,164.42,25.69,27.4,351.24,0.084,25900,90,0.98
620.0,349.11,357.3,382.24,209.23,146.9,172.47,347.95,372.91,282.66,164.58,25.68,27.39,351.23,0.084,25900,90,0.98
621.0,349.08,357.31,382.32,209.17,146.87,172.55,347.92,372.96,282.79,164.47,25.69,27.39,351.22,0.084,25900,90,0.98
622.0,349.06,357.33,382.37,209.08,146.78,172.6,347.9,373.01,282.88,164.23,25.69,27.4,351.21,0.084,25900,90,0.98
623.0,349.05,357.34,382.42,209.05,146.75,172.65,347.88,373.07,282.97,164.13,25.69,27.4,351.2,0.084,25900,90,0.98
624.0,349.03,357.35,382.46,209.14,146.77,172.68,347.87,373.12,282.99,164.23,25.69,27.4,351.19,0.084,25900,90,0.98
625.0,349.01,357.35,382.49,209.12,146.82,172.74,347.85,373.17,283,164.19,25.69,27.39,351.17,0.084,25900,90,0.98
626.0,348.99,357.36,382.54,209.03,146.85,172.78,347.83,373.2,282.91,164.03,25.69,27.39,351.16,0.084,25900,90,0.98
627.0,348.98,357.37,382.58,208.99,146.88,172.82,347.81,373.26,282.82,163.95,25.69,27.39,351.15,0.084,25900,90,0.98
628.0,348.95,357.39,382.64,209.21,146.99,172.88,347.79,373.3,282.88,164.25,25.69,27.4,351.13,0.084,25900,90,0.98
629.0,348.93,357.39,382.7,209.25,147.16,172.93,347.76,373.35,282.94,164.47,25.69,27.39,351.12,0.084,25900,90,0.98
630.0,348.91,357.41,382.72,209.11,147.16,172.96,347.74,373.4,282.98,164.33,25.69,27.4,351.11,0.084,25900,90,0.98
631.0,348.89,357.42,382.76,209.03,147.11,173,347.73,373.45,282.96,164.13,25.7,27.4,351.09,0.084,25900,90,0.98
632.0,348.88,357.44,382.79,208.97,147.02,173.04,347.71,373.49,282.81,163.94,25.7,27.39,351.09,0.084,25900,90,0.98
633.0,348.86,357.44,382.83,209.01,146.89,173.05,347.69,373.53,282.7,163.85,25.69,27.39,351.09,0.084,25900,90,0.98
634.0,348.85,357.44,382.85,209.1,146.8,173.06,347.67,373.58,282.55,163.76,25.7,27.39,351.06,0.084,25900,90,0.98
635.0,348.83,357.46,382.89,209.04,146.76,173.08,347.67,373.63,282.5,163.65,25.7,27.4,351.06,0.084,25900,90,0.98
636.0,348.82,357.47,382.92,209.12,146.77,173.09,347.64,373.68,282.5,163.83,25.69,27.39,351.05,0.084,25900,90,0.98
637.0,348.79,357.49,382.98,209.17,146.82,173.11,347.61,373.72,282.47,163.81,25.68,27.39,351.04,0.084,25900,90,0.98
638.0,348.77,357.5,383.02,209.07,146.83,173.13,347.59,373.77,282.44,163.71,25.69,27.39,351.02,0.084,25900,90,0.98
639.0,348.77,357.51,383.05,209.04,146.88,173.15,347.58,373.82,282.43,163.83,25.68,27.39,351.02,0.084,25900,90,0.98
640.0,348.75,357.52,383.09,208.95,146.93,173.17,347.56,373.85,282.46,163.89,25.69,27.39,351.01,0.084,25900,90,0.98
641.0,348.74,357.54,383.13,209.02,147.04,173.21,347.54,373.9,282.53,164.03,25.69,27.4,351.01,0.084,25900,90,0.98
642.0,348.71,357.54,383.16,209.23,147.21,173.25,347.52,373.95,282.58,164.25,25.7,27.4,351,0.084,25900,90,0.98
643.0,348.69,357.55,383.18,209.44,147.39,173.29,347.51,374,282.59,164.54,25.7,27.39,350.98,0.084,25900,90,0.98
644.0,348.68,357.56,383.22,209.6,147.53,173.34,347.5,374.05,282.6,164.7,25.69,27.39,350.98,0.084,25900,90,0.98
645.0,348.66,357.57,383.26,209.57,147.58,173.39,347.48,374.09,282.63,164.53,25.69,27.39,350.98,0.084,25900,90,0.98
646.0,348.66,357.58,383.29,209.6,147.6,173.43,347.46,374.14,282.69,164.62,25.7,27.4,350.97,0.084,25900,90,0.98
647.0,348.63,357.59,383.32,209.79,147.67,173.46,347.43,374.16,282.72,164.76,25.7,27.39,350.95,0.084,25900,90,0.98
648.0,348.6,357.61,383.36,210.07,147.82,173.51,347.41,374.21,282.76,164.97,25.69,27.39,350.93,0.084,25900,90,0.98
649.0,348.59,357.62,383.4,210.13,147.95,173.56,347.4,374.27,282.82,165.03,25.69,27.38,350.93,0.084,25900,90,0.98
650.0,348.58,357.64,383.45,210.09,148.05,173.61,347.37,374.3,282.84,165,25.69,27.39,350.93,0.084,25900,90,0.98
651.0,348.56,357.65,383.5,210.05,148.17,173.68,347.38,374.35,282.91,165.16,25.69,27.39,350.92,0.084,25900,90,0.98
652.0,348.56,357.66,383.55,209.85,148.31,173.73,347.36,374.39,282.99,165.22,25.69,27.39,350.92,0.084,25900,90,0.98
653.0,348.54,357.67,383.61,209.73,148.49,173.78,347.35,374.43,283.08,165.39,25.68,27.38,350.93,0.084,25900,90,0.98
654.0,348.53,357.68,383.66,209.8,148.69,173.83,347.33,374.46,283.13,165.61,25.69,27.39,350.91,0.084,25900,90,0.98
655.0,348.53,357.7,383.69,209.93,148.85,173.9,347.31,374.51,283.23,165.95,25.69,27.39,350.91,0.084,25900,90,0.98
656.0,348.5,357.71,383.75,210.13,148.96,174.02,347.28,374.56,283.33,166.03,25.7,27.39,350.9,0.084,25900,90,0.98
657.0,348.47,357.72,383.8,210.09,148.92,174.14,347.26,374.6,283.39,165.72,25.69,27.39,350.88,0.084,25900,90,0.98
658.0,348.46,357.73,383.85,210.13,148.88,174.22,347.24,374.65,283.46,165.52,25.69,27.39,350.87,0.084,25900,90,0.98
659.0,348.44,357.74,383.89,210.1,148.81,174.27,347.21,374.7,283.54,165.39,25.69,27.39,350.87,0.084,25900,90,0.98
660.0,348.42,357.75,383.92,210.24,148.79,174.33,347.2,374.75,283.66,165.49,25.69,27.39,350.86,0.084,25900,90,0.98
661.0,348.4,357.76,383.96,210.37,148.8,174.38,347.18,374.78,283.71,165.62,25.7,27.39,350.85,0.084,25900,90,0.98
662.0,348.39,357.77,383.99,210.49,148.82,174.44,347.17,374.82,283.76,165.81,25.7,27.38,350.84,0.084,25900,90,0.98
663.0,348.38,357.78,384.04,210.42,148.88,174.51,347.15,374.87,283.79,165.94,25.7,27.38,350.84,0.084,25900,90,0.98
664.0,348.36,357.8,384.1,210.37,149.01,174.59,347.14,374.91,283.93,166.02,25.69,27.39,350.83,0.084,25900,90,0.98
665.0,348.34,357.81,384.17,210.67,149.05,174.68,347.11,374.95,284.14,166.19,25.71,27.38,350.81,0.084,25900,90,0.98
666.0,348.32,357.83,384.22,210.91,149.01,174.73,347.09,375.01,284.33,166.32,25.7,27.4,350.81,0.084,25900,90,0.98
667.0,348.3,357.83,384.27,211.06,148.97,174.76,347.07,375.06,284.48,166.25,25.7,27.4,350.8,0.084,25900,90,0.98
668.0,348.29,357.84,384.32,211.16,149,174.8,347.06,375.09,284.55,166.19,25.7,27.4,350.78,0.084,25900,90,0.98
669.0,348.28,357.85,384.35,211.22,149.04,174.85,347.04,375.13,284.62,166.16,25.71,27.4,350.77,0.084,25900,90,0.98
670.0,348.25,357.86,384.42,211.35,149.13,174.9,347.02,375.18,284.69,166.27,25.7,27.39,350.77,0.084,25900,90,0.98
671.0,348.25,357.88,384.47,211.5,149.23,174.96,347.02,375.22,284.76,166.37,25.7,27.4,350.77,0.084,25900,90,0.98
672.0,348.24,357.9,384.53,211.72,149.29,175.03,347,375.27,284.77,166.44,25.71,27.4,350.77,0.084,25900,90,0.98
673.0,348.21,357.91,384.58,211.77,149.42,175.1,346.98,375.31,284.72,166.47,25.7,27.4,350.75,0.084,25900,90,0.98
674.0,348.19,357.92,384.63,211.74,149.47,175.16,346.96,375.36,284.68,166.39,25.7,27.4,350.74,0.084,25900,90,0.98
675.0,348.18,357.93,384.67,211.77,149.5,175.22,346.93,375.39,284.64,166.36,25.7,27.39,350.73,0.084,25900,90,0.98
676.0,348.17,357.94,384.71,211.8,149.55,175.27,346.93,375.43,284.56,166.35,25.7,27.4,350.72,0.084,25900,90,0.98
677.0,348.15,357.95,384.73,211.66,149.56,175.31,346.91,375.48,284.45,166.16,25.71,27.4,350.72,0.084,25900,90,0.98
678.0,348.13,357.97,384.76,211.47,149.52,175.34,346.89,375.52,284.35,166.03,25.71,27.4,350.71,0.084,25900,90,0.98
679.0,348.12,357.97,384.79,211.4,149.52,175.37,346.88,375.58,284.28,166.09,25.71,27.41,350.7,0.084,25900,90,0.98
680.0,348.1,357.99,384.81,211.5,149.56,175.41,346.87,375.62,284.21,166.28,25.71,27.41,350.7,0.084,25900,90,0.98
681.0,348.1,358,384.83,211.5,149.57,175.45,346.86,375.66,284.13,166.36,25.72,27.4,350.7,0.084,25900,90,0.98
682.0,348.08,358.03,384.87,211.34,149.57,175.48,346.84,375.7,284.14,166.64,25.71,27.41,350.69,0.084,25900,90,0.98
683.0,348.05,358.04,384.9,211.41,149.59,175.52,346.82,375.75,284.22,166.98,25.7,27.41,350.68,0.084,25900,90,0.98
684.0,348.04,358.05,384.92,211.55,149.54,175.52,346.8,375.78,284.35,167.06,25.72,27.41,350.67,0.084,25900,90,0.98
685.0,348.02,358.06,384.94,211.76,149.47,175.53,346.79,375.82,284.48,167.15,25.71,27.41,350.66,0.084,25900,90,0.98
686.0,348,358.08,384.96,211.83,149.45,175.54,346.78,375.86,284.62,167.24,25.71,27.41,350.66,0.084,25900,90,0.98
687.0,347.99,358.09,385,212.03,149.46,175.56,346.77,375.92,284.74,167.46,25.71,27.41,350.65,0.084,25900,90,0.98
688.0,347.97,358.09,385.03,212.26,149.51,175.56,346.75,375.96,284.83,167.65,25.71,27.4,350.65,0.084,25900,90,0.98
689.0,347.96,358.12,385.07,212.39,149.55,175.57,346.73,375.99,284.85,167.55,25.7,27.41,350.65,0.084,25900,90,0.98
690.0,347.95,358.14,385.12,212.51,149.59,175.58,346.73,376.04,284.88,167.56,25.7,27.41,350.64,0.084,25900,90,0.98
691.0,347.92,358.15,385.18,212.63,149.7,175.6,346.71,376.08,284.95,167.69,25.7,27.4,350.64,0.084,25900,90,0.98
692.0,347.9,358.18,385.24,212.56,149.77,175.64,346.7,376.12,285.02,167.54,25.71,27.4,350.63,0.084,25900,90,0.98
693.0,347.88,358.18,385.28,212.33,149.72,175.66,346.68,376.17,285.03,167.17,25.71,27.4,350.62,0.084,25900,90,0.98
694.0,347.87,358.2,385.33,212.16,149.68,175.69,346.67,376.22,284.97,166.94,25.71,27.4,350.62,0.084,25900,90,0.98
695.0,347.85,358.22,385.37,212.04,149.7,175.71,346.64,376.26,284.91,166.95,25.71,27.39,350.62,0.084,25900,90,0.98
696.0,347.83,358.23,385.4,211.96,149.68,175.73,346.63,376.3,284.9,166.95,25.7,27.39,350.62,0.084,25900,90,0.98
697.0,347.82,358.23,385.43,211.86,149.65,175.73,346.61,376.34,284.84,166.79,25.71,27.39,350.6,0.084,25900,90,0.98
698.0,347.8,358.25,385.47,211.58,149.62,175.75,346.6,376.4,284.76,166.45,25.71,27.39,350.6,0.084,25900,90,0.98
699.0,347.79,358.26,385.5,211.33,149.53,175.75,346.58,376.44,284.62,166.19,25.71,27.39,350.59,0.084,25900,90,0.98
700.0,347.77,358.28,385.55,211.01,149.44,175.77,346.57,376.48,284.48,165.98,25.71,27.37,350.58,0.084,25900,90,0.98
701.0,347.74,358.3,385.59,210.79,149.36,175.78,346.54,376.53,284.39,165.81,25.71,27.38,350.57,0.084,25900,90,0.98
702.0,347.73,358.32,385.61,210.64,149.32,175.79,346.52,376.58,284.31,165.68,25.71,27.39,350.56,0.084,25900,90,0.98
703.0,347.72,358.32,385.62,210.62,149.35,175.81,346.51,376.61,284.28,165.72,25.72,27.38,350.55,0.084,25900,90,0.98
704.0,347.71,358.34,385.64,210.62,149.4,175.82,346.5,376.64,284.21,165.86,25.71,27.38,350.54,0.084,25900,90,0.98
705.0,347.7,358.36,385.66,210.63,149.5,175.84,346.49,376.7,284.17,165.98,25.71,27.37,350.55,0.084,25900,90,0.98
706.0,347.69,358.37,385.67,210.68,149.68,175.88,346.48,376.74,284.17,166.15,25.71,27.37,350.55,0.084,25900,90,0.98
707.0,347.68,358.39,385.7,210.74,149.85,175.91,346.47,376.79,284.17,166.29,25.71,27.37,350.55,0.084,25900,90,0.98
708.0,347.67,358.4,385.71,210.75,149.93,175.94,346.44,376.82,284.16,166.26,25.71,27.37,350.55,0.084,25900,90,0.98
709.0,347.65,358.41,385.73,210.67,149.95,175.95,346.43,376.86,284.13,166.28,25.72,27.37,350.54,0.084,25900,90,0.98
710.0,347.62,358.43,385.77,210.65,149.99,175.97,346.4,376.91,284.1,166.31,25.72,27.37,350.52,0.084,25900,90,0.98
711.0,347.61,358.45,385.81,210.84,150.06,176.01,346.38,376.95,284.08,166.38,25.72,27.37,350.51,0.084,25900,90,0.98
712.0,347.6,358.46,385.84,211.02,150.14,176.05,346.37,376.97,284.08,166.5,25.71,27.37,350.51,0.084,25900,90,0.98
713.0,347.58,358.48,385.87,211.15,150.22,176.09,346.36,377.02,284.11,166.62,25.72,27.37,350.49,0.084,25900,90,0.98
714.0,347.58,358.49,385.89,211.24,150.29,176.13,346.34,377.06,284.12,166.73,25.72,27.37,350.49,0.084,25900,90,0.98
715.0,347.56,358.5,385.91,211.24,150.37,176.18,346.32,377.1,284.1,166.78,25.72,27.37,350.48,0.084,25900,90,0.98
716.0,347.55,358.52,385.96,211.32,150.46,176.24,346.32,377.14,284.1,166.87,25.73,27.38,350.48,0.084,25900,90,0.98
717.0,347.54,358.53,385.97,211.24,150.4,176.27,346.29,377.18,284.03,166.38,25.71,27.37,350.47,0.084,25900,90,0.98
718.0,347.52,358.55,386.02,210.72,150.12,176.31,346.28,377.22,283.93,165.89,25.72,27.36,350.47,0.084,25900,90,0.98
719.0,347.51,358.56,386.07,210.4,149.87,176.31,346.26,377.24,283.91,165.75,25.72,27.37,350.46,0.084,25900,90,0.98
720.0,347.5,358.59,386.12,210.38,149.82,176.31,346.24,377.28,283.98,165.74,25.72,27.37,350.46,0.084,25900,90,0.98
721.0,347.48,358.59,386.13,210.5,149.8,176.33,346.24,377.31,284.06,165.88,25.72,27.37,350.45,0.084,25900,90,0.98
722.0,347.47,358.61,386.17,210.59,149.78,176.33,346.21,377.36,284.17,166.07,25.72,27.38,350.45,0.084,25900,90,0.98
723.0,347.46,358.62,386.2,210.55,149.73,176.34,346.2,377.39,284.23,165.99,25.72,27.38,350.45,0.084,25900,90,0.98
724.0,347.45,358.63,386.23,210.43,149.66,176.33,346.18,377.42,284.23,165.86,25.72,27.37,350.44,0.084,25900,90,0.98
725.0,347.44,358.64,386.26,210.33,149.59,176.32,346.16,377.46,284.16,165.71,25.72,27.38,350.45,0.084,25900,90,0.98
726.0,347.43,358.65,386.29,210.3,149.53,176.3,346.15,377.49,284.12,165.65,25.72,27.37,350.43,0.084,25900,90,0.98
727.0,347.41,358.66,386.34,210.27,149.46,176.3,346.13,377.53,284.08,165.52,25.71,27.37,350.42,0.084,25900,90,0.98
728.0,347.4,358.69,386.4,210.4,149.49,176.28,346.1,377.56,284.14,165.65,25.71,27.37,350.41,0.084,25900,90,0.98
729.0,347.38,358.71,386.43,210.45,149.54,176.28,346.09,377.61,284.22,165.78,25.72,27.37,350.41,0.084,25900,90,0.98
730.0,347.37,358.72,386.45,210.68,149.61,176.29,346.08,377.64,284.32,166.07,25.72,27.37,350.41,0.084,25900,90,0.98
731.0,347.36,358.73,386.48,211,149.75,176.3,346.07,377.67,284.4,166.34,25.72,27.38,350.41,0.084,25900,90,0.98
732.0,347.35,358.75,386.52,211.29,149.89,176.31,346.07,377.71,284.47,166.68,25.72,27.38,350.41,0.084,25900,90,0.98
733.0,347.34,358.77,386.54,211.47,149.94,176.34,346.06,377.75,284.5,166.76,25.72,27.39,350.4,0.084,25900,90,0.98
734.0,347.33,358.78,386.57,211.44,149.95,176.35,346.05,377.79,284.52,166.77,25.72,27.38,350.41,0.084,25900,90,0.98
735.0,347.33,358.8,386.61,211.49,149.93,176.37,346.03,377.83,284.58,166.89,25.72,27.38,350.4,0.084,25900,90,0.98
736.0,347.31,358.82,386.66,211.72,149.99,176.39,346.01,377.87,284.61,167.04,25.73,27.38,350.39,0.084,25900,90,0.98
737.0,347.29,358.84,386.71,211.96,150.1,176.41,345.99,377.91,284.59,167.19,25.73,27.38,350.39,0.084,25900,90,0.98
738.0,347.27,358.86,386.73,212.11,150.23,176.44,345.97,377.93,284.55,167.33,25.72,27.37,350.37,0.084,25900,90,0.98
739.0,347.27,358.87,386.78,212.18,150.39,176.47,345.96,377.97,284.49,167.42,25.73,27.38,350.38,0.084,25900,90,0.98
740.0,347.26,358.87,386.8,212.25,150.54,176.51,345.95,378.01,284.49,167.56,25.73,27.39,350.37,0.084,25900,90,0.98
741.0,347.24,358.89,386.83,212.26,150.68,176.56,345.93,378.05,284.49,167.69,25.73,27.38,350.36,0.084,25900,90,0.98
742.0,347.22,358.91,386.86,212.37,150.77,176.61,345.92,378.08,284.51,167.9,25.72,27.37,350.36,0.084,25900,90,0.98
743.0,347.21,358.92,386.91,212.34,150.8,176.66,345.9,378.12,284.49,167.94,25.73,27.38,350.36,0.084,25900,90,0.98
744.0,347.2,358.93,386.94,212.25,150.91,176.69,345.9,378.16,284.45,167.95,25.72,27.37,350.35,0.084,25900,90,0.98
745.0,347.19,358.95,386.98,212.33,151.07,176.71,345.87,378.18,284.42,167.97,25.73,27.38,350.35,0.084,25900,90,0.98
746.0,347.16,358.97,387.03,212.72,151.25,176.78,345.85,378.22,284.47,168.23,25.72,27.37,350.35,0.084,25900,90,0.98
747.0,347.16,358.99,387.07,212.85,151.34,176.82,345.85,378.27,284.57,168.49,25.72,27.37,350.34,0.084,25900,90,0.98
748.0,347.14,359.01,387.1,212.74,151.42,176.86,345.84,378.3,284.63,168.52,25.72,27.37,350.34,0.084,25900,90,0.98
749.0,347.14,359.03,387.13,212.81,151.52,176.91,345.82,378.33,284.76,168.55,25.72,27.37,350.34,0.084,25900,90,0.98
750.0,347.13,359.04,387.16,212.84,151.63,176.98,345.81,378.37,284.89,168.58,25.72,27.38,350.35,0.084,25900,90,0.98
751.0,347.11,359.04,387.2,212.9,151.75,177.06,345.79,378.41,285,168.62,25.72,27.38,350.33,0.084,25900,90,0.98
752.0,347.1,359.06,387.24,212.92,151.87,177.14,345.79,378.43,285.05,168.63,25.72,27.37,350.33,0.084,25900,90,0.98
753.0,347.09,359.08,387.27,212.84,151.95,177.23,345.78,378.48,285.1,168.41,25.73,27.37,350.33,0.084,25900,90,0.98
754.0,347.08,359.1,387.33,212.74,151.91,177.36,345.76,378.51,285.1,168.1,25.72,27.37,350.34,0.084,25900,90,0.98
755.0,347.06,359.13,387.38,212.61,151.85,177.45,345.74,378.54,285.04,167.93,25.73,27.37,350.34,0.084,25900,90,0.98
756.0,347.05,359.14,387.4,212.54,151.78,177.52,345.74,378.58,285.02,167.81,25.73,27.37,350.33,0.084,25900,90,0.98
757.0,347.05,359.16,387.43,212.48,151.73,177.58,345.72,378.61,285.02,167.77,25.73,27.37,350.34,0.084,25900,90,0.98
758.0,347.04,359.18,387.46,212.54,151.72,177.64,345.71,378.65,285.05,167.86,25.73,27.37,350.34,0.084,25900,90,0.98
759.0,347.03,359.18,387.47,212.49,151.71,177.69,345.7,378.69,285.01,167.84,25.73,27.37,350.33,0.084,25900,90,0.98
760.0,347.01,359.19,387.5,212.47,151.67,177.74,345.68,378.71,284.93,167.85,25.72,27.36,350.32,0.084,25900,90,0.98
761.0,347,359.21,387.5,212.4,151.67,177.79,345.67,378.74,284.9,167.81,25.73,27.37,350.32,0.084,25900,90,0.98
762.0,346.99,359.22,387.54,212.29,151.67,177.82,345.66,378.78,284.88,167.78,25.73,27.36,350.32,0.084,25900,90,0.98
763.0,346.98,359.24,387.57,211.96,151.74,177.87,345.65,378.82,284.9,167.85,25.74,27.38,350.31,0.084,25900,90,0.98
764.0,346.96,359.27,387.62,211.7,151.91,177.93,345.63,378.85,284.95,167.98,25.73,27.37,350.31,0.084,25900,90,0.98
765.0,346.95,359.29,387.65,211.82,152.09,177.97,345.62,378.88,285,168.23,25.73,27.36,350.31,0.084,25900,90,0.98
766.0,346.93,359.29,387.66,211.97,152.25,178.04,345.6,378.91,285.04,168.39,25.74,27.36,350.3,0.084,25900,90,0.98
767.0,346.93,359.3,387.67,212.03,152.42,178.13,345.59,378.94,285.02,168.5,25.73,27.36,350.29,0.084,25900,90,0.98
768.0,346.91,359.32,387.7,212.01,152.58,178.2,345.58,378.98,284.97,168.55,25.72,27.36,350.29,0.084,25900,90,0.98
769.0,346.9,359.34,387.73,212.22,152.78,178.31,345.56,379.01,284.98,168.81,25.74,27.37,350.29,0.084,25900,90,0.98
770.0,346.9,359.36,387.74,212.31,152.88,178.4,345.55,379.04,284.97,168.83,25.74,27.36,350.29,0.084,25900,90,0.98
771.0,346.87,359.36,387.74,211.91,152.79,178.47,345.53,379.06,284.95,168.49,25.74,27.37,350.28,0.084,25900,90,0.98
772.0,346.86,359.39,387.68,211.31,152.45,178.49,345.52,379.07,285,168.21,25.74,27.36,350.27,0.084,25900,90,0.98
773.0,346.84,359.41,387.56,210.61,152.09,178.46,345.5,379.07,284.98,168.01,25.73,27.36,350.27,0.084,25900,90,0.98
774.0,346.83,359.42,387.44,210.28,151.88,178.39,345.5,379.07,284.92,167.66,25.74,27.36,350.27,0.084,25900,90,0.98
775.0,346.82,359.43,387.28,210.1,151.68,178.32,345.49,379.06,284.8,167.53,25.74,27.37,350.26,0.084,25900,90,0.98
776.0,346.82,359.45,387.08,210.05,151.47,178.24,345.48,379.03,284.63,167.31,25.73,27.36,350.25,0.084,25900,90,0.98
777.0,346.8,359.47,386.87,209.79,151.25,178.15,345.46,379.01,284.45,167.09,25.74,27.37,350.25,0.084,25900,90,0.98
778.0,346.79,359.47,386.61,209.7,151.08,178.04,345.45,378.99,284.24,167.01,25.74,27.36,350.24,0.084,25900,90,0.98
779.0,346.77,359.49,386.33,209.66,150.93,177.92,345.44,378.96,284.01,167,25.74,27.37,350.23,0.084,25900,90,0.98
780.0,346.77,359.51,386.03,209.62,150.78,177.79,345.43,378.95,283.84,166.9,25.74,27.37,350.23,0.084,25900,90,0.98
781.0,346.75,359.53,385.55,209.42,150.62,177.53,345.4,378.92,283.57,166.85,25.74,27.37,350.22,0.084,25900,90,0.98
782.0,346.73,359.55,385.04,209.29,150.45,177.25,345.38,378.89,283.31,166.79,25.73,27.37,350.2,0.084,25900,90,0.98
783.0,346.71,359.56,384.71,209.24,150.32,177.04,345.37,378.84,283.03,166.68,25.74,27.37,350.21,0.084,25900,90,0.98
784.0,346.7,359.59,384.37,209.1,150.24,176.83,345.37,378.79,282.72,166.55,25.73,27.36,350.21,0.084,25900,90,0.98
785.0,346.7,359.61,384.05,208.9,150.16,176.58,345.36,378.75,282.41,166.33,25.73,27.36,350.21,0.084,25900,90,0.98
786.0,346.7,359.63,383.74,208.48,150.05,176.33,345.35,378.71,282.12,166.04,25.73,27.37,350.2,0.084,25900,90,0.98
787.0,346.68,359.63,383.42,208.05,149.85,176.05,345.33,378.68,281.96,165.78,25.74,27.37,350.21,0.084,25900,90,0.98
788.0,346.68,359.65,383.12,207.63,149.67,175.78,345.33,378.63,281.68,165.35,25.73,27.37,350.2,0.084,25900,90,0.98
789.0,346.67,359.67,382.83,207.26,149.45,175.52,345.32,378.58,281.38,164.92,25.74,27.36,350.2,0.084,25900,90,0.98
790.0,346.66,359.69,382.36,206.89,149.18,175.1,345.3,378.54,281.06,164.68,25.74,27.37,350.2,0.084,25900,90,0.98
791.0,346.65,359.71,381.91,206.64,148.83,174.68,345.29,378.48,280.69,164.51,25.73,27.37,350.2,0.084,25900,90,0.98
792.0,346.66,359.73,381.56,206.41,148.56,174.38,345.28,378.43,280.25,164.1,25.74,27.37,350.21,0.084,25900,90,0.98
793.0,346.65,359.74,381.21,206.08,148.31,174.06,345.26,378.39,279.81,163.57,25.74,27.37,350.19,0.084,25900,90,0.98
794.0,346.64,359.75,380.88,205.69,148.07,173.74,345.26,378.36,279.54,163.26,25.74,27.37,350.2,0.084,25900,90,0.98
795.0,346.64,359.78,380.54,205.36,147.88,173.4,345.24,378.3,279.12,162.82,25.74,27.38,350.21,0.084,25900,90,0.98
796.0,346.63,359.78,380.24,205.04,147.71,173.07,345.23,378.23,278.68,162.46,25.74,27.38,350.2,0.084,25900,90,0.98
797.0,346.63,359.79,379.91,204.61,147.56,172.74,345.23,378.19,278.2,162,25.75,27.39,350.2,0.084,25900,90,0.98
798.0,346.62,359.82,379.6,204.1,147.34,172.39,345.22,378.13,277.74,161.55,25.76,27.39,350.2,0.084,25900,90,0.98
799.0,346.63,359.84,379.1,203.46,146.8,171.83,345.2,378.07,277.28,161.18,25.75,27.38,350.21,0.084,25900,90,0.98
800.0,346.62,359.85,378.6,203.04,146.13,171.23,345.18,378.02,276.88,160.92,25.76,27.39,350.22,0.084,25900,90,0.98
801.0,346.61,359.87,378.23,202.84,145.66,170.81,345.18,377.99,276.57,160.74,25.75,27.39,350.23,0.084,25900,90,0.98
802.0,346.6,359.88,377.89,202.55,145.21,170.35,345.17,377.94,276.16,160.31,25.74,27.37,350.23,0.084,25900,90,0.98
803.0,346.6,359.9,377.62,202.21,144.8,169.9,345.16,377.89,275.81,159.82,25.74,27.39,350.23,0.084,25900,90,0.98
804.0,346.61,359.91,377.35,201.87,144.39,169.41,345.14,377.82,275.43,159.43,25.75,27.39,350.25,0.084,25900,90,0.98
805.0,346.61,359.92,377.11,201.68,144,168.92,345.14,377.73,275.1,159.24,25.75,27.39,350.25,0.084,25900,90,0.98
806.0,346.61,359.94,376.87,201.51,143.63,168.43,345.13,377.65,274.78,158.87,25.74,27.37,350.25,0.084,25900,90,0.98
807.0,346.6,359.95,376.59,201.13,143.3,167.91,345.12,377.58,274.39,158.45,25.74,27.37,350.27,0.084,25900,90,0.98
808.0,346.6,359.97,376.13,200.52,142.87,167.14,345.1,377.56,274.12,158.18,25.75,27.37,350.27,0.084,25900,90,0.98
809.0,346.59,359.99,375.65,200.2,142.49,166.36,345.08,377.5,273.79,158.01,25.75,27.38,350.27,0.084,25900,90,0.98
810.0,346.58,360,375.37,200.13,142.31,165.86,345.07,377.44,273.48,158,25.75,27.38,350.27,0.084,25900,90,0.98
811.0,346.58,360.01,375.11,199.98,142.13,165.35,345.06,377.38,273.15,157.92,25.75,27.37,350.28,0.084,25900,90,0.98
812.0,346.57,360.03,374.88,199.72,141.88,164.87,345.05,377.31,272.81,157.61,25.75,27.37,350.28,0.084,25900,90,0.98
813.0,346.59,360.03,374.68,199.3,141.57,164.37,345.04,377.23,272.42,157.06,25.74,27.37,350.3,0.084,25900,90,0.98
814.0,346.58,360.05,374.5,198.76,141.24,163.85,345.02,377.15,272,156.46,25.74,27.37,350.3,0.084,25900,90,0.98
815.0,346.58,360.07,374.27,198.22,140.91,163.32,345.02,377.1,271.7,156.11,25.75,27.36,350.31,0.084,25900,90,0.98
816.0,346.58,360.08,373.99,197.84,140.59,162.79,345.01,377.03,271.25,155.81,25.74,27.35,350.31,0.084,25900,90,0.98
817.0,346.58,360.09,373.55,197.34,140.19,161.99,344.99,376.98,270.87,155.58,25.76,27.36,350.32,0.084,25900,90,0.98
818.0,346.59,360.13,373.15,196.91,139.87,161.21,344.98,376.91,270.51,155.44,25.75,27.36,350.33,0.084,25900,90,0.98
819.0,346.6,360.14,372.87,196.75,139.69,160.7,344.97,376.83,270.17,155.36,25.75,27.35,350.35,0.084,25900,90,0.98
820.0,346.59,360.15,372.59,196.43,139.48,160.2,344.96,376.73,269.83,155.11,25.75,27.36,350.35,0.084,25900,90,0.98
821.0,346.6,360.16,372.29,196.07,139.2,159.68,344.96,376.65,269.48,154.68,25.75,27.36,350.36,0.084,25900,90,0.98
822.0,346.6,360.17,372,195.7,138.9,159.15,344.95,376.59,269.2,154.42,25.75,27.35,350.37,0.084,25900,90,0.98
823.0,346.59,360.18,371.7,195.34,138.6,158.59,344.92,376.48,268.76,154.12,25.76,27.36,350.37,0.084,25900,90,0.98
824.0,346.59,360.19,371.41,194.89,138.31,158.05,344.92,376.37,268.34,153.77,25.75,27.35,350.37,0.084,25900,90,0.98
825.0,346.61,360.21,371.16,194.43,137.94,157.5,344.91,376.25,267.97,153.3,25.76,27.35,350.38,0.084,25900,90,0.98
826.0,346.6,360.23,370.87,193.86,137.36,156.68,344.89,376.16,267.61,152.88,25.76,27.34,350.39,0.084,25900,90,0.98
827.0,346.61,360.23,370.59,193.39,136.78,155.89,344.88,376.06,267.23,152.52,25.75,27.35,350.41,0.084,25900,90,0.98
828.0,346.62,360.26,370.34,193.09,136.41,155.37,344.88,375.95,266.86,152.21,25.76,27.35,350.41,0.084,25900,90,0.98
829.0,346.62,360.28,370.07,192.9,136.05,154.83,344.86,375.87,266.63,152.08,25.76,27.36,350.42,0.084,25900,90,0.98
830.0,346.62,360.28,369.77,192.74,135.69,154.3,344.85,375.78,266.3,151.9,25.75,27.35,350.43,0.084,25900,90,0.98
831.0,346.62,360.29,369.47,192.58,135.35,153.76,344.84,375.67,265.98,151.67,25.76,27.35,350.45,0.084,25900,90,0.98
832.0,346.63,360.3,369.19,192.33,135.02,153.24,344.82,375.56,265.64,151.42,25.76,27.34,350.45,0.084,25900,90,0.98
833.0,346.62,360.3,368.91,192.12,134.72,152.71,344.81,375.43,265.29,151.16,25.76,27.35,350.45,0.084,25900,90,0.98
834.0,346.62,360.31,368.64,191.99,134.34,152.18,344.8,375.31,265.01,150.92,25.75,27.34,350.44,0.084,25900,90,0.98
835.0,346.63,360.33,368.27,191.51,133.79,151.37,344.79,375.2,264.72,150.59,25.75,27.34,350.46,0.084,25900,90,0.98
836.0,346.64,360.34,367.9,191.11,133.23,150.55,344.78,375.11,264.54,150.52,25.75,27.34,350.47,0.084,25900,90,0.98
837.0,346.65,360.36,367.68,190.98,132.84,150.02,344.77,374.99,264.27,150.4,25.74,27.34,350.5,0.084,25900,90,0.98
838.0,346.65,360.37,367.45,190.79,132.52,149.46,344.76,374.85,264.03,150.2,25.74,27.34,350.5,0.084,25900,90,0.98
839.0,346.64,360.38,367.21,190.68,132.24,148.9,344.75,374.74,263.81,150.18,25.75,27.34,350.51,0.084,25900,90,0.98
840.0,346.66,360.39,366.99,190.54,132.05,148.37,344.74,374.62,263.61,150.21,25.74,27.34,350.51,0.084,25900,90,0.98
