Time,TC1_tip,TC2,TC3,TC4,TC5,TC6,TC7,TC8,TC9,TC10,h,flux,abs,surf
389,359.64,358.86,359.41,359.51,359.17,361.24,358.75,359.21,356.32,336.55,0.1575,25900,20,0.98
390,359.56,358.81,359.36,359.52,359.15,361.25,358.86,359.41,356.25,336.02,0.1575,25900,20,0.98
391,359.5,358.78,359.34,359.55,359.16,361.27,359.04,359.67,356.5,335.78,0.1575,25900,20,0.98
392,359.48,358.78,359.33,359.56,359.18,361.28,359.18,359.82,356.87,335.7,0.1575,25900,20,0.98
393,359.45,358.76,359.33,359.59,359.19,361.33,359.31,360.06,357.29,335.65,0.1575,25900,20,0.98
394,359.44,358.77,359.32,359.63,359.2,361.37,359.41,360.28,357.68,335.59,0.1575,25900,20,0.98
395,359.41,358.76,359.33,359.66,359.22,361.41,359.5,360.45,358.02,335.55,0.1575,25900,20,0.98
396,359.39,358.75,359.32,359.69,359.25,361.45,359.57,360.6,358.34,335.55,0.1575,25900,20,0.98
397,359.35,358.73,359.33,359.71,359.28,361.49,359.63,360.73,358.63,335.55,0.1575,25900,20,0.98
398,359.29,358.72,359.31,359.75,359.3,361.53,359.68,360.85,358.91,335.58,0.1575,25900,20,0.98
399,359.22,358.71,359.32,359.78,359.36,361.56,359.75,360.89,359.3,335.62,0.1575,25900,20,0.98
400,359.21,358.71,359.32,359.8,359.4,361.61,359.83,360.94,359.62,335.63,0.1575,25900,20,0.98
401,359.2,358.71,359.32,359.84,359.43,361.65,359.88,360.95,359.81,335.62,0.1575,25900,20,0.98
402,359.19,358.71,359.32,359.86,359.47,361.69,359.93,361.02,359.94,335.58,0.1575,25900,20,0.98
403,359.18,358.7,359.32,359.88,359.48,361.72,359.97,361.1,360.04,335.53,0.1575,25900,20,0.98
404,359.17,358.69,359.31,359.91,359.51,361.77,360.0,361.21,360.1,335.49,0.1575,25900,20,0.98
405,359.16,358.68,359.31,359.92,359.53,361.8,360.04,361.32,360.15,335.43,0.1575,25900,20,0.98
406,359.17,358.7,359.31,359.93,359.55,361.83,360.06,361.37,360.18,335.38,0.1575,25900,20,0.98
407,359.16,358.69,359.31,359.91,359.57,361.85,360.07,361.44,360.21,335.33,0.1575,25900,20,0.98
408,359.16,358.69,359.3,359.9,359.58,361.88,360.1,361.49,360.21,335.31,0.1575,25900,20,0.98
409,359.17,358.67,359.28,359.9,359.6,361.9,360.13,361.57,360.19,335.34,0.1575,25900,20,0.98
410,359.17,358.67,359.28,359.9,359.6,361.92,360.17,361.65,360.17,335.39,0.1575,25900,20,0.98
411,359.17,358.67,359.27,359.9,359.61,361.94,360.22,361.71,360.17,335.43,0.1575,25900,20,0.98
412,359.17,358.65,359.25,359.91,359.61,361.96,360.26,361.77,360.2,335.48,0.1575,25900,20,0.98
413,359.17,358.65,359.23,359.9,359.61,361.97,360.31,361.81,360.24,335.52,0.1575,25900,20,0.98
414,359.18,358.65,359.22,359.9,359.62,361.99,360.37,361.86,360.33,335.57,0.1575,25900,20,0.98
415,359.18,358.65,359.21,359.91,359.62,362.0,360.45,361.96,360.46,335.63,0.1575,25900,20,0.98
416,359.19,358.65,359.2,359.92,359.63,362.03,360.53,362.04,360.58,335.71,0.1575,25900,20,0.98
417,359.17,358.66,359.18,359.93,359.63,362.05,360.62,362.13,360.71,335.83,0.1575,25900,20,0.98
418,359.15,358.67,359.16,359.93,359.64,362.07,360.71,362.19,360.81,336.01,0.1575,25900,20,0.98
419,359.14,358.67,359.16,359.94,359.66,362.09,360.78,362.26,360.89,336.15,0.1575,25900,20,0.98
420,359.14,358.68,359.15,359.95,359.66,362.1,360.85,362.3,360.96,336.31,0.1575,25900,20,0.98
421,359.11,358.67,359.15,359.95,359.68,362.12,360.9,362.33,361.05,336.5,0.1575,25900,20,0.98
422,359.1,358.66,359.13,359.96,359.69,362.14,360.96,362.37,361.16,336.72,0.1575,25900,20,0.98
423,359.08,358.64,359.12,359.96,359.69,362.16,361.0,362.41,361.27,336.93,0.1575,25900,20,0.98
424,359.08,358.64,359.12,359.96,359.7,362.17,361.03,362.43,361.39,337.15,0.1575,25900,20,0.98
425,359.06,358.63,359.11,359.96,359.72,362.19,361.08,362.47,361.51,337.36,0.1575,25900,20,0.98
426,359.05,358.63,359.1,359.96,359.73,362.2,361.13,362.5,361.68,337.64,0.1575,25900,20,0.98
427,359.03,358.61,359.09,359.97,359.76,362.21,361.2,362.52,361.85,337.89,0.1575,25900,20,0.98
428,359.01,358.6,359.09,359.98,359.78,362.23,361.22,362.56,361.96,338.06,0.1575,25900,20,0.98
429,359.01,358.6,359.09,359.99,359.79,362.25,361.25,362.59,362.04,338.22,0.1575,25900,20,0.98
430,359.0,358.6,359.08,359.98,359.79,362.26,361.27,362.62,362.11,338.38,0.1575,25900,20,0.98
431,358.98,358.58,359.08,359.98,359.81,362.28,361.31,362.66,362.18,338.55,0.1575,25900,20,0.98
432,358.96,358.59,359.07,359.98,359.82,362.3,361.32,362.68,362.23,338.75,0.1575,25900,20,0.98
433,358.95,358.58,359.07,359.99,359.84,362.31,361.35,362.72,362.27,338.94,0.1575,25900,20,0.98
434,358.95,358.58,359.06,359.99,359.85,362.34,361.35,362.74,362.29,339.15,0.1575,25900,20,0.98
435,358.92,358.57,359.06,360.0,359.88,362.36,361.38,362.77,362.35,339.46,0.1575,25900,20,0.98
436,358.91,358.57,359.07,359.99,359.9,362.38,361.42,362.79,362.4,339.8,0.1575,25900,20,0.98
437,358.89,358.55,359.06,360.0,359.91,362.41,361.43,362.81,362.44,340.01,0.1575,25900,20,0.98
438,358.87,358.56,359.06,360.0,359.91,362.43,361.47,362.84,362.5,340.22,0.1575,25900,20,0.98
439,358.86,358.56,359.06,360.0,359.93,362.45,361.49,362.88,362.55,340.4,0.1575,25900,20,0.98
440,358.83,358.54,359.06,360.0,359.93,362.48,361.52,362.91,362.59,340.56,0.1575,25900,20,0.98
441,358.81,358.54,359.05,359.99,359.95,362.49,361.56,362.92,362.66,340.71,0.1575,25900,20,0.98
442,358.79,358.53,359.06,359.99,359.96,362.51,361.58,362.97,362.74,340.85,0.1575,25900,20,0.98
443,358.76,358.52,359.06,359.99,359.97,362.54,361.62,363.0,362.81,340.99,0.1575,25900,20,0.98
444,358.74,358.51,359.06,359.99,359.98,362.56,361.64,363.03,362.91,341.17,0.1575,25900,20,0.98
445,358.71,358.5,359.07,359.98,359.99,362.58,361.66,363.07,363.01,341.36,0.1575,25900,20,0.98
446,358.7,358.48,359.06,359.98,359.99,362.6,361.67,363.09,363.06,341.48,0.1575,25900,20,0.98
447,358.66,358.47,359.06,359.97,360.0,362.61,361.67,363.11,363.11,341.6,0.1575,25900,20,0.98
448,358.66,358.46,359.07,359.97,360.01,362.63,361.68,363.13,363.17,341.73,0.1575,25900,20,0.98
449,358.65,358.45,359.07,359.98,360.02,362.64,361.68,363.15,363.21,341.87,0.1575,25900,20,0.98
450,358.63,358.44,359.07,359.97,360.02,362.65,361.7,363.18,363.24,342.0,0.1575,25900,20,0.98
451,358.62,358.43,359.07,359.98,360.04,362.68,361.72,363.2,363.28,342.16,0.1575,25900,20,0.98
452,358.61,358.41,359.07,359.99,360.04,362.7,361.73,363.23,363.33,342.3,0.1575,25900,20,0.98
453,358.58,358.4,359.07,359.99,360.06,362.71,361.78,363.25,363.4,342.53,0.1575,25900,20,0.98
454,358.57,358.38,359.06,359.99,360.08,362.73,361.8,363.27,363.49,342.76,0.1575,25900,20,0.98
455,358.55,358.37,359.06,360.0,360.08,362.75,361.81,363.29,363.54,342.91,0.1575,25900,20,0.98
456,358.52,358.35,359.06,360.0,360.09,362.76,361.84,363.32,363.59,343.07,0.1575,25900,20,0.98
457,358.51,358.34,359.06,360.0,360.09,362.77,361.87,363.34,363.64,343.23,0.1575,25900,20,0.98
458,358.49,358.32,359.06,360.0,360.11,362.78,361.89,363.36,363.69,343.39,0.1575,25900,20,0.98
459,358.45,358.3,359.05,360.01,360.11,362.8,361.91,363.39,363.74,343.55,0.1575,25900,20,0.98
460,358.42,358.27,359.04,360.02,360.12,362.81,361.93,363.41,363.78,343.71,0.1575,25900,20,0.98
461,358.39,358.25,359.04,360.03,360.13,362.83,361.95,363.44,363.83,343.88,0.1575,25900,20,0.98
462,358.35,358.21,359.02,360.02,360.13,362.83,361.98,363.44,363.89,344.11,0.1575,25900,20,0.98
463,358.31,358.17,359.02,360.02,360.15,362.85,362.0,363.47,363.95,344.34,0.1575,25900,20,0.98
464,358.28,358.16,359.03,360.03,360.17,362.87,362.04,363.49,363.99,344.48,0.1575,25900,20,0.98
465,358.25,358.14,359.02,360.02,360.17,362.88,362.04,363.51,364.03,344.63,0.1575,25900,20,0.98
466,358.22,358.12,359.03,360.03,360.18,362.9,362.06,363.53,364.07,344.79,0.1575,25900,20,0.98
467,358.2,358.1,359.02,360.03,360.19,362.91,362.09,363.56,364.11,344.96,0.1575,25900,20,0.98
468,358.17,358.09,359.01,360.03,360.19,362.92,362.09,363.57,364.14,345.14,0.1575,25900,20,0.98
469,358.15,358.08,359.02,360.04,360.21,362.93,362.1,363.58,364.18,345.33,0.1575,25900,20,0.98
470,358.12,358.05,359.01,360.04,360.21,362.94,362.12,363.6,364.21,345.49,0.1575,25900,20,0.98
471,358.08,358.03,359.01,360.04,360.23,362.96,362.13,363.62,364.25,345.71,0.1575,25900,20,0.98
472,358.05,358.01,359.01,360.04,360.24,362.97,362.14,363.64,364.31,345.94,0.1575,25900,20,0.98
473,358.02,358.0,359.01,360.04,360.25,362.97,362.16,363.65,364.34,346.1,0.1575,25900,20,0.98
474,358.01,357.99,359.01,360.04,360.26,362.99,362.17,363.66,364.37,346.26,0.1575,25900,20,0.98
475,357.98,357.98,359.01,360.04,360.28,363.0,362.2,363.68,364.4,346.41,0.1575,25900,20,0.98
476,357.97,357.96,359.02,360.05,360.29,363.01,362.21,363.69,364.43,346.56,0.1575,25900,20,0.98
477,357.93,357.94,359.01,360.04,360.29,363.02,362.23,363.71,364.47,346.7,0.1575,25900,20,0.98
478,357.9,357.9,359.01,360.06,360.29,363.03,362.23,363.73,364.48,346.83,0.1575,25900,20,0.98
479,357.89,357.9,359.0,360.04,360.31,363.04,362.26,363.76,364.51,346.96,0.1575,25900,20,0.98
480,357.85,357.86,359.0,360.04,360.32,363.05,362.28,363.77,364.56,347.13,0.1575,25900,20,0.98
481,357.8,357.82,358.99,360.04,360.32,363.06,362.29,363.79,364.6,347.32,0.1575,25900,20,0.98
482,357.76,357.8,358.98,360.06,360.33,363.07,362.3,363.81,364.64,347.45,0.1575,25900,20,0.98
483,357.75,357.78,358.98,360.05,360.34,363.09,362.32,363.82,364.67,347.57,0.1575,25900,20,0.98
484,357.72,357.76,358.99,360.05,360.35,363.09,362.34,363.83,364.71,347.68,0.1575,25900,20,0.98
485,357.69,357.73,358.97,360.04,360.35,363.1,362.34,363.85,364.76,347.78,0.1575,25900,20,0.98
486,357.67,357.71,358.98,360.04,360.36,363.11,362.36,363.87,364.79,347.89,0.1575,25900,20,0.98
487,357.64,357.68,358.97,360.05,360.37,363.12,362.38,363.89,364.82,347.99,0.1575,25900,20,0.98
488,357.6,357.65,358.97,360.05,360.38,363.13,362.41,363.92,364.86,348.11,0.1575,25900,20,0.98
489,357.56,357.62,358.96,360.05,360.38,363.14,362.43,363.94,364.9,348.22,0.1575,25900,20,0.98
490,357.54,357.6,358.96,360.05,360.39,363.14,362.45,363.96,364.93,348.3,0.1575,25900,20,0.98
491,357.51,357.59,358.97,360.06,360.4,363.17,362.48,363.99,364.96,348.37,0.1575,25900,20,0.98
492,357.48,357.56,358.96,360.07,360.41,363.18,362.49,364.01,364.99,348.46,0.1575,25900,20,0.98
493,357.45,357.54,358.95,360.07,360.4,363.18,362.51,364.03,365.03,348.55,0.1575,25900,20,0.98
494,357.43,357.53,358.96,360.07,360.42,363.19,362.53,364.05,365.06,348.65,0.1575,25900,20,0.98
495,357.4,357.51,358.95,360.07,360.43,363.21,362.54,364.08,365.11,348.75,0.1575,25900,20,0.98
496,357.37,357.49,358.95,360.08,360.44,363.22,362.56,364.09,365.14,348.83,0.1575,25900,20,0.98
497,357.34,357.47,358.95,360.09,360.44,363.24,362.58,364.1,365.17,348.89,0.1575,25900,20,0.98
498,357.31,357.44,358.95,360.09,360.45,363.24,362.6,364.12,365.22,348.99,0.1575,25900,20,0.98
499,357.26,357.4,358.95,360.09,360.47,363.26,362.61,364.13,365.25,349.1,0.1575,25900,20,0.98
500,357.23,357.37,358.93,360.1,360.46,363.27,362.61,364.16,365.27,349.17,0.1575,25900,20,0.98
501,357.18,357.35,358.93,360.1,360.47,363.29,362.63,364.18,365.31,349.26,0.1575,25900,20,0.98
502,357.16,357.34,358.93,360.1,360.48,363.29,362.64,364.18,365.32,349.34,0.1575,25900,20,0.98
503,357.13,357.32,358.92,360.1,360.47,363.3,362.65,364.2,365.35,349.41,0.1575,25900,20,0.98
504,357.1,357.29,358.91,360.11,360.48,363.31,362.65,364.22,365.37,349.46,0.1575,25900,20,0.98
505,357.08,357.26,358.91,360.1,360.49,363.32,362.67,364.23,365.38,349.53,0.1575,25900,20,0.98
506,357.04,357.24,358.9,360.1,360.49,363.33,362.68,364.25,365.41,349.63,0.1575,25900,20,0.98
507,357.0,357.2,358.9,360.1,360.5,363.34,362.71,364.27,365.44,349.76,0.1575,25900,20,0.98
508,356.95,357.17,358.89,360.11,360.51,363.35,362.73,364.28,365.48,349.9,0.1575,25900,20,0.98
509,356.93,357.15,358.89,360.11,360.51,363.36,362.74,364.31,365.5,349.97,0.1575,25900,20,0.98
510,356.9,357.13,358.88,360.11,360.52,363.37,362.76,364.33,365.53,350.06,0.1575,25900,20,0.98
511,356.87,357.11,358.88,360.1,360.52,363.38,362.78,364.33,365.56,350.14,0.1575,25900,20,0.98
512,356.85,357.09,358.87,360.12,360.53,363.39,362.8,364.36,365.59,350.22,0.1575,25900,20,0.98
513,356.83,357.06,358.87,360.12,360.54,363.41,362.82,364.38,365.62,350.29,0.1575,25900,20,0.98
514,356.8,357.04,358.86,360.12,360.53,363.43,362.84,364.4,365.63,350.37,0.1575,25900,20,0.98
515,356.78,357.02,358.86,360.12,360.54,363.44,362.86,364.41,365.66,350.44,0.1575,25900,20,0.98
516,356.74,356.98,358.84,360.12,360.55,363.45,362.89,364.44,365.68,350.56,0.1575,25900,20,0.98
517,356.7,356.95,358.83,360.12,360.57,363.46,362.93,364.45,365.71,350.69,0.1575,25900,20,0.98
518,356.67,356.92,358.83,360.12,360.56,363.47,362.95,364.47,365.73,350.75,0.1575,25900,20,0.98
519,356.65,356.91,358.84,360.12,360.58,363.49,362.98,364.49,365.75,350.84,0.1575,25900,20,0.98
520,356.63,356.89,358.83,360.12,360.59,363.5,363.01,364.5,365.77,350.92,0.1575,25900,20,0.98
521,356.6,356.88,358.83,360.13,360.6,363.5,363.02,364.52,365.78,351.01,0.1575,25900,20,0.98
522,356.57,356.86,358.83,360.13,360.61,363.52,363.03,364.53,365.81,351.09,0.1575,25900,20,0.98
523,356.55,356.83,358.82,360.12,360.61,363.52,363.05,364.54,365.83,351.19,0.1575,25900,20,0.98
524,356.52,356.81,358.82,360.13,360.62,363.54,363.06,364.56,365.85,351.29,0.1575,25900,20,0.98
525,356.47,356.78,358.81,360.12,360.64,363.55,363.07,364.57,365.88,351.42,0.1575,25900,20,0.98
526,356.43,356.75,358.81,360.12,360.64,363.56,363.09,364.58,365.92,351.55,0.1575,25900,20,0.98
527,356.41,356.74,358.81,360.13,360.65,363.57,363.1,364.59,365.93,351.65,0.1575,25900,20,0.98
528,356.37,356.71,358.8,360.13,360.65,363.58,363.1,364.62,365.93,351.74,0.1575,25900,20,0.98
529,356.35,356.69,358.79,360.13,360.67,363.6,363.12,364.64,365.95,351.83,0.1575,25900,20,0.98
530,356.31,356.67,358.79,360.13,360.66,363.61,363.11,364.65,365.97,351.9,0.1575,25900,20,0.98
531,356.29,356.65,358.79,360.12,360.68,363.62,363.13,364.67,366.0,351.99,0.1575,25900,20,0.98
532,356.26,356.64,358.79,360.13,360.69,363.62,363.13,364.69,366.01,352.04,0.1575,25900,20,0.98
533,356.22,356.6,358.78,360.12,360.69,363.64,363.16,364.71,366.05,352.12,0.1575,25900,20,0.98
534,356.18,356.57,358.79,360.12,360.71,363.65,363.19,364.73,366.09,352.22,0.1575,25900,20,0.98
535,356.15,356.54,358.77,360.13,360.7,363.67,363.19,364.75,366.11,352.3,0.1575,25900,20,0.98
536,356.12,356.52,358.77,360.13,360.72,363.68,363.21,364.77,366.13,352.37,0.1575,25900,20,0.98
537,356.09,356.5,358.77,360.13,360.72,363.69,363.22,364.8,366.16,352.45,0.1575,25900,20,0.98
538,356.07,356.48,358.76,360.13,360.72,363.7,363.24,364.82,366.18,352.52,0.1575,25900,20,0.98
539,356.03,356.45,358.76,360.13,360.73,363.71,363.26,364.82,366.21,352.59,0.1575,25900,20,0.98
540,356.01,356.43,358.76,360.13,360.73,363.72,363.28,364.85,366.24,352.66,0.1575,25900,20,0.98
541,355.98,356.4,358.75,360.14,360.73,363.74,363.28,364.87,366.27,352.74,0.1575,25900,20,0.98
542,355.94,356.38,358.74,360.14,360.74,363.75,363.3,364.88,366.32,352.88,0.1575,25900,20,0.98
543,355.91,356.35,358.74,360.14,360.76,363.76,363.34,364.9,366.36,353.02,0.1575,25900,20,0.98
544,355.88,356.32,358.73,360.14,360.75,363.76,363.35,364.92,366.39,353.11,0.1575,25900,20,0.98
545,355.87,356.31,358.74,360.14,360.77,363.77,363.37,364.93,366.41,353.2,0.1575,25900,20,0.98
546,355.82,356.28,358.71,360.14,360.77,363.78,363.37,364.94,366.43,353.28,0.1575,25900,20,0.98
547,355.8,356.26,358.7,360.14,360.78,363.8,363.39,364.97,366.46,353.35,0.1575,25900,20,0.98
548,355.77,356.23,358.69,360.15,360.78,363.81,363.41,364.98,366.48,353.43,0.1575,25900,20,0.98
549,355.75,356.2,358.69,360.15,360.78,363.82,363.42,365.01,366.5,353.48,0.1575,25900,20,0.98
550,355.73,356.19,358.7,360.16,360.79,363.84,363.44,365.02,366.53,353.55,0.1575,25900,20,0.98
551,355.72,356.17,358.68,360.16,360.8,363.85,363.46,365.05,366.55,353.59,0.1575,25900,20,0.98
552,355.68,356.14,358.68,360.16,360.81,363.87,363.49,365.07,366.58,353.66,0.1575,25900,20,0.98
553,355.65,356.11,358.67,360.17,360.81,363.88,363.52,365.08,366.61,353.73,0.1575,25900,20,0.98
554,355.63,356.09,358.67,360.18,360.81,363.9,363.54,365.1,366.64,353.79,0.1575,25900,20,0.98
555,355.61,356.07,358.66,360.18,360.82,363.91,363.56,365.11,366.66,353.86,0.1575,25900,20,0.98
556,355.58,356.04,358.66,360.17,360.83,363.91,363.58,365.12,366.68,353.94,0.1575,25900,20,0.98
557,355.56,356.03,358.65,360.18,360.84,363.92,363.59,365.15,366.7,353.99,0.1575,25900,20,0.98
558,355.55,356.0,358.65,360.19,360.85,363.95,363.61,365.17,366.72,354.04,0.1575,25900,20,0.98
559,355.52,355.99,358.65,360.18,360.85,363.95,363.62,365.18,366.75,354.09,0.1575,25900,20,0.98
560,355.5,355.97,358.65,360.18,360.87,363.96,363.66,365.2,366.78,354.15,0.1575,25900,20,0.98
561,355.46,355.94,358.65,360.18,360.88,363.97,363.67,365.21,366.8,354.22,0.1575,25900,20,0.98
562,355.42,355.91,358.64,360.18,360.88,363.99,363.69,365.22,366.84,354.3,0.1575,25900,20,0.98
563,355.4,355.89,358.63,360.18,360.89,363.99,363.71,365.25,366.86,354.36,0.1575,25900,20,0.98
564,355.38,355.87,358.63,360.19,360.9,364.01,363.73,365.26,366.89,354.42,0.1575,25900,20,0.98
565,355.35,355.86,358.63,360.19,360.91,364.03,363.75,365.28,366.9,354.48,0.1575,25900,20,0.98
566,355.34,355.84,358.62,360.2,360.92,364.04,363.76,365.29,366.93,354.53,0.1575,25900,20,0.98
567,355.3,355.82,358.62,360.2,360.92,364.05,363.79,365.31,366.95,354.58,0.1575,25900,20,0.98
568,355.28,355.79,358.6,360.21,360.92,364.07,363.8,365.33,366.96,354.61,0.1575,25900,20,0.98
569,355.26,355.77,358.6,360.21,360.93,364.08,363.81,365.34,366.98,354.64,0.1575,25900,20,0.98
570,355.22,355.75,358.6,360.21,360.95,364.09,363.85,365.35,367.0,354.73,0.1575,25900,20,0.98
571,355.18,355.72,358.59,360.21,360.96,364.1,363.88,365.37,367.03,354.83,0.1575,25900,20,0.98
572,355.16,355.7,358.59,360.21,360.96,364.11,363.89,365.39,367.04,354.9,0.1575,25900,20,0.98
573,355.14,355.68,358.58,360.22,360.97,364.12,363.89,365.41,367.07,354.98,0.1575,25900,20,0.98
574,355.12,355.66,358.58,360.22,360.98,364.13,363.91,365.41,367.08,355.07,0.1575,25900,20,0.98
575,355.09,355.65,358.58,360.23,360.99,364.15,363.93,365.44,367.1,355.16,0.1575,25900,20,0.98
576,355.07,355.63,358.56,360.23,360.99,364.17,363.94,365.46,367.11,355.24,0.1575,25900,20,0.98
577,355.04,355.6,358.56,360.23,361.01,364.18,363.95,365.49,367.12,355.31,0.1575,25900,20,0.98
578,355.01,355.58,358.56,360.23,361.01,364.19,363.97,365.52,367.14,355.38,0.1575,25900,20,0.98
579,354.98,355.54,358.55,360.24,361.02,364.21,363.98,365.54,367.18,355.48,0.1575,25900,20,0.98
580,354.94,355.51,358.54,360.24,361.03,364.23,364.0,365.57,367.2,355.55,0.1575,25900,20,0.98
581,354.91,355.5,358.54,360.24,361.04,364.23,364.03,365.59,367.23,355.6,0.1575,25900,20,0.98
582,354.89,355.48,358.53,360.24,361.05,364.24,364.04,365.6,367.25,355.63,0.1575,25900,20,0.98
583,354.87,355.47,358.53,360.25,361.05,364.26,364.07,365.63,367.28,355.68,0.1575,25900,20,0.98
584,354.85,355.45,358.53,360.25,361.05,364.28,364.07,365.65,367.31,355.71,0.1575,25900,20,0.98
585,354.82,355.42,358.53,360.26,361.07,364.29,364.1,365.69,367.33,355.73,0.1575,25900,20,0.98
586,354.8,355.4,358.53,360.25,361.07,364.3,364.12,365.7,367.36,355.76,0.1575,25900,20,0.98
587,354.78,355.4,358.52,360.26,361.08,364.31,364.13,365.72,367.38,355.77,0.1575,25900,20,0.98
588,354.75,355.37,358.52,360.27,361.09,364.32,364.16,365.74,367.41,355.79,0.1575,25900,20,0.98
589,354.72,355.34,358.52,360.26,361.1,364.33,364.19,365.75,367.45,355.84,0.1575,25900,20,0.98
590,354.71,355.33,358.52,360.26,361.12,364.34,364.21,365.77,367.47,355.88,0.1575,25900,20,0.98
591,354.67,355.31,358.51,360.26,361.12,364.35,364.22,365.78,367.49,355.91,0.1575,25900,20,0.98
592,354.65,355.29,358.5,360.27,361.14,364.37,364.24,365.8,367.51,355.95,0.1575,25900,20,0.98
593,354.65,355.28,358.5,360.28,361.15,364.38,364.27,365.82,367.53,355.97,0.1575,25900,20,0.98
594,354.62,355.26,358.5,360.28,361.16,364.39,364.27,365.84,367.56,355.99,0.1575,25900,20,0.98
595,354.6,355.24,358.49,360.29,361.16,364.4,364.29,365.86,367.58,356.01,0.1575,25900,20,0.98
596,354.58,355.22,358.49,360.29,361.17,364.42,364.3,365.87,367.61,356.05,0.1575,25900,20,0.98
597,354.54,355.2,358.49,360.29,361.19,364.43,364.32,365.89,367.65,356.09,0.1575,25900,20,0.98
598,354.51,355.19,358.49,360.29,361.2,364.45,364.36,365.91,367.68,356.13,0.1575,25900,20,0.98
599,354.49,355.16,358.48,360.3,361.21,364.46,364.36,365.93,367.71,356.15,0.1575,25900,20,0.98
600,354.47,355.14,358.49,360.3,361.21,364.48,364.37,365.95,367.73,356.18,0.1575,25900,20,0.98
601,354.45,355.13,358.49,360.3,361.23,364.48,364.4,365.96,367.75,356.19,0.1575,25900,20,0.98
602,354.43,355.11,358.48,360.3,361.23,364.5,364.4,365.97,367.76,356.2,0.1575,25900,20,0.98
603,354.4,355.09,358.48,360.3,361.24,364.5,364.42,365.99,367.78,356.2,0.1575,25900,20,0.98
604,354.39,355.07,358.48,360.3,361.25,364.52,364.44,366.01,367.78,356.2,0.1575,25900,20,0.98
605,354.36,355.05,358.48,360.31,361.26,364.53,364.45,366.04,367.8,356.19,0.1575,25900,20,0.98
606,354.32,355.02,358.47,360.32,361.26,364.55,364.48,366.06,367.82,356.18,0.1575,25900,20,0.98
607,354.29,354.99,358.46,360.32,361.27,364.57,364.51,366.09,367.84,356.19,0.1575,25900,20,0.98
608,354.27,354.96,358.45,360.33,361.28,364.59,364.52,366.11,367.86,356.2,0.1575,25900,20,0.98
609,354.24,354.94,358.45,360.34,361.28,364.6,364.53,366.13,367.87,356.23,0.1575,25900,20,0.98
610,354.23,354.93,358.45,360.33,361.29,364.61,364.55,366.14,367.89,356.25,0.1575,25900,20,0.98
611,354.21,354.92,358.44,360.34,361.31,364.63,364.56,366.16,367.9,356.3,0.1575,25900,20,0.98
612,354.19,354.9,358.45,360.34,361.32,364.63,364.59,366.17,367.92,356.34,0.1575,25900,20,0.98
613,354.17,354.89,358.45,360.35,361.33,364.64,364.6,366.19,367.92,356.38,0.1575,25900,20,0.98
614,354.15,354.87,358.43,360.34,361.33,364.67,364.61,366.22,367.94,356.42,0.1575,25900,20,0.98
615,354.11,354.84,358.43,360.35,361.34,364.68,364.64,366.24,367.95,356.48,0.1575,25900,20,0.98
616,354.08,354.81,358.43,360.35,361.35,364.69,364.66,366.26,367.96,356.53,0.1575,25900,20,0.98
617,354.08,354.81,358.42,360.36,361.37,364.72,364.69,366.28,367.98,356.56,0.1575,25900,20,0.98
618,354.05,354.8,358.42,360.36,361.38,364.73,364.71,366.3,368.0,356.57,0.1575,25900,20,0.98
619,354.03,354.77,358.42,360.36,361.39,364.74,364.72,366.32,368.02,356.61,0.1575,25900,20,0.98
620,354.01,354.77,358.42,360.36,361.4,364.76,364.75,366.34,368.03,356.64,0.1575,25900,20,0.98
621,354.0,354.75,358.42,360.36,361.4,364.78,364.77,366.36,368.06,356.66,0.1575,25900,20,0.98
622,353.97,354.73,358.41,360.37,361.42,364.8,364.78,366.38,368.07,356.67,0.1575,25900,20,0.98
623,353.94,354.7,358.4,360.36,361.43,364.8,364.81,366.39,368.1,356.65,0.1575,25900,20,0.98
624,353.9,354.69,358.4,360.36,361.44,364.82,364.84,366.41,368.14,356.64,0.1575,25900,20,0.98
625,353.88,354.67,358.39,360.37,361.45,364.84,364.85,366.44,368.14,356.6,0.1575,25900,20,0.98
626,353.87,354.66,358.39,360.37,361.45,364.85,364.87,366.46,368.18,356.58,0.1575,25900,20,0.98
627,353.85,354.66,358.39,360.38,361.47,364.88,364.89,366.49,368.19,356.55,0.1575,25900,20,0.98
628,353.83,354.64,358.38,360.37,361.47,364.88,364.9,366.5,368.2,356.54,0.1575,25900,20,0.98
629,353.82,354.63,358.38,360.38,361.48,364.9,364.92,366.52,368.22,356.54,0.1575,25900,20,0.98
630,353.8,354.61,358.38,360.39,361.49,364.93,364.92,366.54,368.24,356.57,0.1575,25900,20,0.98
631,353.77,354.59,358.36,360.38,361.49,364.93,364.94,366.56,368.25,356.58,0.1575,25900,20,0.98
632,353.77,354.58,358.37,360.39,361.5,364.95,364.95,366.59,368.27,356.61,0.1575,25900,20,0.98
633,353.74,354.56,358.37,360.4,361.52,364.97,364.99,366.61,368.3,356.65,0.1575,25900,20,0.98
634,353.72,354.54,358.36,360.4,361.53,364.99,365.02,366.63,368.33,356.68,0.1575,25900,20,0.98
635,353.71,354.53,358.36,360.41,361.53,365.0,365.04,366.65,368.35,356.71,0.1575,25900,20,0.98
636,353.69,354.51,358.35,360.41,361.54,365.02,365.06,366.67,368.36,356.75,0.1575,25900,20,0.98
637,353.68,354.51,358.36,360.42,361.56,365.03,365.08,366.68,368.39,356.76,0.1575,25900,20,0.98
638,353.66,354.49,358.34,360.43,361.56,365.04,365.09,366.7,368.41,356.79,0.1575,25900,20,0.98
639,353.65,354.47,358.35,360.43,361.57,365.05,365.11,366.71,368.43,356.81,0.1575,25900,20,0.98
640,353.63,354.46,358.33,360.43,361.58,365.07,365.14,366.73,368.45,356.82,0.1575,25900,20,0.98
641,353.62,354.44,358.33,360.44,361.58,365.08,365.16,366.74,368.47,356.85,0.1575,25900,20,0.98
642,353.6,354.42,358.34,360.44,361.6,365.1,365.19,366.76,368.5,356.86,0.1575,25900,20,0.98
643,353.59,354.41,358.33,360.46,361.61,365.12,365.23,366.78,368.52,356.86,0.1575,25900,20,0.98
644,353.58,354.39,358.33,360.46,361.63,365.14,365.24,366.8,368.53,356.87,0.1575,25900,20,0.98
645,353.56,354.37,358.32,360.47,361.63,365.16,365.26,366.82,368.54,356.89,0.1575,25900,20,0.98
646,353.54,354.36,358.32,360.47,361.64,365.17,365.29,366.83,368.55,356.9,0.1575,25900,20,0.98
647,353.52,354.34,358.31,360.47,361.64,365.18,365.29,366.85,368.54,356.92,0.1575,25900,20,0.98
648,353.5,354.33,358.31,360.47,361.66,365.19,365.31,366.87,368.54,356.96,0.1575,25900,20,0.98
649,353.49,354.31,358.3,360.48,361.66,365.21,365.32,366.89,368.55,356.99,0.1575,25900,20,0.98
650,353.45,354.28,358.3,360.49,361.67,365.23,365.34,366.92,368.57,357.03,0.1575,25900,20,0.98
651,353.42,354.25,358.28,360.49,361.67,365.24,365.36,366.94,368.59,357.09,0.1575,25900,20,0.98
652,353.4,354.24,358.27,360.49,361.68,365.26,365.37,366.97,368.61,357.14,0.1575,25900,20,0.98
653,353.39,354.23,358.28,360.5,361.69,365.26,365.39,366.97,368.63,357.2,0.1575,25900,20,0.98
654,353.38,354.21,358.27,360.5,361.7,365.28,365.4,366.99,368.65,357.26,0.1575,25900,20,0.98
655,353.35,354.19,358.27,360.51,361.7,365.29,365.41,367.01,368.67,357.32,0.1575,25900,20,0.98
656,353.34,354.19,358.26,360.51,361.72,365.3,365.43,367.04,368.7,357.37,0.1575,25900,20,0.98
657,353.31,354.18,358.25,360.51,361.72,365.31,365.45,367.05,368.72,357.42,0.1575,25900,20,0.98
658,353.3,354.16,358.25,360.5,361.73,365.32,365.46,367.06,368.76,357.47,0.1575,25900,20,0.98
659,353.27,354.15,358.24,360.51,361.75,365.34,365.49,367.08,368.79,357.54,0.1575,25900,20,0.98
660,353.25,354.13,358.24,360.52,361.76,365.36,365.53,367.11,368.82,357.61,0.1575,25900,20,0.98
661,353.24,354.11,358.24,360.52,361.77,365.37,365.54,367.13,368.84,357.65,0.1575,25900,20,0.98
662,353.22,354.1,358.23,360.52,361.78,365.38,365.57,367.16,368.86,357.68,0.1575,25900,20,0.98
663,353.2,354.08,358.23,360.52,361.79,365.39,365.59,367.17,368.88,357.72,0.1575,25900,20,0.98
664,353.19,354.07,358.23,360.53,361.8,365.41,365.61,367.19,368.9,357.72,0.1575,25900,20,0.98
665,353.17,354.06,358.24,360.54,361.81,365.42,365.62,367.21,368.92,357.73,0.1575,25900,20,0.98
666,353.15,354.04,358.23,360.54,361.82,365.43,365.63,367.22,368.93,357.73,0.1575,25900,20,0.98
667,353.13,354.04,358.23,360.55,361.83,365.46,365.65,367.25,368.96,357.74,0.1575,25900,20,0.98
668,353.11,354.02,358.23,360.55,361.84,365.46,365.66,367.26,368.99,357.76,0.1575,25900,20,0.98
669,353.08,354.0,358.24,360.56,361.85,365.48,365.69,367.28,369.03,357.8,0.1575,25900,20,0.98
670,353.07,353.99,358.23,360.56,361.87,365.49,365.7,367.29,369.05,357.79,0.1575,25900,20,0.98
671,353.06,353.98,358.23,360.56,361.88,365.5,365.71,367.3,369.07,357.8,0.1575,25900,20,0.98
672,353.04,353.96,358.23,360.55,361.88,365.51,365.73,367.31,369.09,357.8,0.1575,25900,20,0.98
673,353.02,353.95,358.21,360.57,361.9,365.53,365.74,367.33,369.1,357.81,0.1575,25900,20,0.98
674,353.01,353.94,358.22,360.57,361.91,365.55,365.77,367.35,369.13,357.81,0.1575,25900,20,0.98
675,353.0,353.93,358.22,360.57,361.91,365.56,365.77,367.38,369.15,357.83,0.1575,25900,20,0.98
676,352.97,353.91,358.21,360.58,361.92,365.59,365.78,367.4,369.15,357.82,0.1575,25900,20,0.98
677,352.95,353.89,358.21,360.58,361.93,365.61,365.8,367.42,369.18,357.85,0.1575,25900,20,0.98
678,352.93,353.89,358.22,360.58,361.96,365.62,365.82,367.44,369.21,357.85,0.1575,25900,20,0.98
679,352.92,353.87,358.2,360.58,361.96,365.63,365.82,367.45,369.21,357.86,0.1575,25900,20,0.98
680,352.89,353.86,358.2,360.58,361.96,365.65,365.83,367.47,369.22,357.89,0.1575,25900,20,0.98
681,352.88,353.86,358.2,360.57,361.98,365.66,365.85,367.47,369.24,357.92,0.1575,25900,20,0.98
682,352.87,353.84,358.19,360.58,361.97,365.67,365.85,367.48,369.25,357.94,0.1575,25900,20,0.98
683,352.84,353.83,358.18,360.58,361.98,365.69,365.87,367.5,369.26,357.96,0.1575,25900,20,0.98
684,352.83,353.81,358.18,360.58,361.99,365.7,365.89,367.51,369.27,357.99,0.1575,25900,20,0.98
685,352.82,353.81,358.18,360.58,362.0,365.71,365.91,367.53,369.29,357.99,0.1575,25900,20,0.98
686,352.81,353.79,358.18,360.6,362.02,365.73,365.95,367.54,369.33,358.02,0.1575,25900,20,0.98
687,352.78,353.77,358.17,360.6,362.03,365.75,365.98,367.55,369.34,358.05,0.1575,25900,20,0.98
688,352.77,353.77,358.17,360.6,362.04,365.76,366.02,367.56,369.36,358.08,0.1575,25900,20,0.98
689,352.76,353.76,358.16,360.61,362.06,365.78,366.04,367.58,369.37,358.13,0.1575,25900,20,0.98
690,352.76,353.75,358.17,360.62,362.07,365.8,366.07,367.6,369.4,358.18,0.1575,25900,20,0.98
691,352.74,353.75,358.16,360.62,362.07,365.81,366.09,367.62,369.4,358.21,0.1575,25900,20,0.98
692,352.72,353.73,358.15,360.62,362.07,365.82,366.11,367.63,369.41,358.24,0.1575,25900,20,0.98
693,352.72,353.73,358.15,360.62,362.1,365.83,366.14,367.66,369.43,358.26,0.1575,25900,20,0.98
694,352.7,353.71,358.15,360.62,362.09,365.85,366.15,367.69,369.43,358.25,0.1575,25900,20,0.98
695,352.67,353.69,358.14,360.64,362.11,365.86,366.18,367.72,369.44,358.3,0.1575,25900,20,0.98
696,352.66,353.68,358.14,360.65,362.12,365.89,366.21,367.74,369.46,358.36,0.1575,25900,20,0.98
697,352.65,353.66,358.14,360.66,362.13,365.92,366.24,367.78,369.48,358.38,0.1575,25900,20,0.98
698,352.63,353.64,358.13,360.66,362.14,365.92,366.26,367.8,369.5,358.41,0.1575,25900,20,0.98
699,352.63,353.64,358.13,360.66,362.16,365.94,366.28,367.82,369.52,358.43,0.1575,25900,20,0.98
700,352.61,353.63,358.13,360.66,362.16,365.94,366.3,367.84,369.54,358.43,0.1575,25900,20,0.98
701,352.6,353.62,358.13,360.67,362.17,365.96,366.32,367.86,369.56,358.43,0.1575,25900,20,0.98
702,352.58,353.6,358.12,360.67,362.18,365.98,366.34,367.88,369.58,358.41,0.1575,25900,20,0.98
703,352.56,353.59,358.11,360.68,362.19,365.99,366.35,367.9,369.6,358.4,0.1575,25900,20,0.98
704,352.56,353.59,358.12,360.69,362.2,366.0,366.37,367.92,369.62,358.42,0.1575,25900,20,0.98
705,352.54,353.57,358.11,360.69,362.21,366.02,366.4,367.94,369.63,358.41,0.1575,25900,20,0.98
706,352.52,353.57,358.12,360.7,362.24,366.04,366.43,367.96,369.65,358.41,0.1575,25900,20,0.98
707,352.51,353.55,358.11,360.7,362.24,366.05,366.43,367.97,369.65,358.43,0.1575,25900,20,0.98
708,352.49,353.53,358.1,360.71,362.24,366.07,366.44,367.99,369.65,358.44,0.1575,25900,20,0.98
709,352.48,353.53,358.11,360.71,362.27,366.08,366.47,368.02,369.66,358.45,0.1575,25900,20,0.98
710,352.47,353.5,358.09,360.72,362.25,366.1,366.46,368.04,369.66,358.47,0.1575,25900,20,0.98
711,352.46,353.5,358.1,360.72,362.28,366.11,366.49,368.05,369.68,358.49,0.1575,25900,20,0.98
712,352.44,353.48,358.09,360.73,362.28,366.13,366.49,368.07,369.7,358.51,0.1575,25900,20,0.98
713,352.42,353.46,358.09,360.74,362.3,366.14,366.52,368.11,369.74,358.55,0.1575,25900,20,0.98
714,352.41,353.44,358.08,360.75,362.3,366.16,366.54,368.11,369.78,358.58,0.1575,25900,20,0.98
715,352.39,353.43,358.07,360.75,362.3,366.18,366.55,368.12,369.8,358.61,0.1575,25900,20,0.98
716,352.37,353.42,358.07,360.75,362.32,366.19,366.58,368.14,369.84,358.64,0.1575,25900,20,0.98
717,352.36,353.42,358.08,360.77,362.33,366.21,366.6,368.17,369.86,358.66,0.1575,25900,20,0.98
718,352.35,353.41,358.07,360.77,362.34,366.23,366.61,368.19,369.89,358.68,0.1575,25900,20,0.98
719,352.35,353.41,358.08,360.77,362.36,366.24,366.64,368.21,369.93,358.69,0.1575,25900,20,0.98
720,352.34,353.4,358.08,360.78,362.38,366.26,366.66,368.22,369.96,358.7,0.1575,25900,20,0.98
721,352.33,353.39,358.07,360.78,362.38,366.27,366.66,368.23,369.97,358.69,0.1575,25900,20,0.98
722,352.3,353.37,358.07,360.79,362.39,366.29,366.68,368.25,369.99,358.67,0.1575,25900,20,0.98
723,352.28,353.34,358.06,360.8,362.4,366.3,366.71,368.26,370.02,358.68,0.1575,25900,20,0.98
724,352.27,353.33,358.05,360.8,362.41,366.32,366.72,368.27,370.04,358.67,0.1575,25900,20,0.98
725,352.25,353.33,358.06,360.8,362.42,366.34,366.74,368.29,370.05,358.68,0.1575,25900,20,0.98
726,352.23,353.31,358.05,360.81,362.42,366.36,366.75,368.3,370.07,358.69,0.1575,25900,20,0.98
727,352.23,353.3,358.05,360.82,362.43,366.37,366.77,368.31,370.09,358.71,0.1575,25900,20,0.98
728,352.22,353.29,358.05,360.82,362.45,366.39,366.79,368.32,370.1,358.72,0.1575,25900,20,0.98
729,352.2,353.29,358.06,360.82,362.46,366.41,366.82,368.33,370.11,358.74,0.1575,25900,20,0.98
730,352.19,353.27,358.05,360.84,362.46,366.42,366.82,368.34,370.11,358.73,0.1575,25900,20,0.98
731,352.17,353.26,358.05,360.83,362.47,366.44,366.84,368.36,370.13,358.75,0.1575,25900,20,0.98
732,352.16,353.25,358.04,360.85,362.49,366.46,366.86,368.38,370.15,358.76,0.1575,25900,20,0.98
733,352.15,353.24,358.04,360.84,362.51,366.47,366.89,368.41,370.16,358.79,0.1575,25900,20,0.98
734,352.14,353.23,358.05,360.85,362.52,366.48,366.92,368.44,370.16,358.8,0.1575,25900,20,0.98
735,352.13,353.23,358.05,360.85,362.54,366.5,366.94,368.47,370.16,358.81,0.1575,25900,20,0.98
736,352.11,353.22,358.04,360.86,362.54,366.51,366.95,368.49,370.16,358.81,0.1575,25900,20,0.98
737,352.1,353.21,358.04,360.86,362.56,366.53,366.97,368.53,370.17,358.81,0.1575,25900,20,0.98
738,352.09,353.19,358.03,360.87,362.56,366.55,366.98,368.55,370.16,358.8,0.1575,25900,20,0.98
739,352.07,353.2,358.03,360.87,362.57,366.57,366.99,368.58,370.17,358.8,0.1575,25900,20,0.98
740,352.07,353.18,358.03,360.88,362.58,366.57,367.01,368.61,370.19,358.81,0.1575,25900,20,0.98
741,352.05,353.17,358.02,360.89,362.59,366.6,367.03,368.63,370.22,358.8,0.1575,25900,20,0.98
742,352.03,353.15,358.02,360.89,362.61,366.61,367.04,368.64,370.26,358.81,0.1575,25900,20,0.98
743,352.01,353.14,358.02,360.9,362.62,366.62,367.06,368.67,370.29,358.83,0.1575,25900,20,0.98
744,352.01,353.14,358.02,360.91,362.62,366.65,367.07,368.68,370.31,358.86,0.1575,25900,20,0.98
745,351.99,353.12,358.01,360.92,362.63,366.66,367.08,368.7,370.34,358.87,0.1575,25900,20,0.98
746,351.98,353.12,358.01,360.92,362.64,366.68,367.09,368.72,370.37,358.87,0.1575,25900,20,0.98
747,351.97,353.11,358.01,360.93,362.65,366.69,367.11,368.73,370.38,358.86,0.1575,25900,20,0.98
748,351.96,353.09,358.0,360.93,362.65,366.7,367.11,368.74,370.4,358.84,0.1575,25900,20,0.98
749,351.95,353.08,358.0,360.93,362.66,366.72,367.12,368.76,370.41,358.83,0.1575,25900,20,0.98
750,351.92,353.07,357.99,360.95,362.67,366.74,367.14,368.77,370.43,358.84,0.1575,25900,20,0.98
751,351.92,353.07,358.0,360.96,362.7,366.75,367.16,368.79,370.47,358.9,0.1575,25900,20,0.98
752,351.9,353.05,357.99,360.97,362.71,366.78,367.17,368.8,370.48,358.95,0.1575,25900,20,0.98
753,351.9,353.03,357.99,360.96,362.72,366.78,367.19,368.8,370.5,359.0,0.1575,25900,20,0.98
754,351.88,353.03,357.99,360.97,362.74,366.8,367.2,368.81,370.52,359.07,0.1575,25900,20,0.98
755,351.88,353.03,358.0,360.97,362.75,366.82,367.22,368.82,370.55,359.14,0.1575,25900,20,0.98
756,351.87,353.03,357.99,360.98,362.76,366.84,367.25,368.82,370.56,359.21,0.1575,25900,20,0.98
757,351.86,353.02,357.99,360.98,362.77,366.85,367.26,368.84,370.59,359.26,0.1575,25900,20,0.98
758,351.84,353.0,357.99,360.99,362.78,366.88,367.31,368.86,370.61,359.32,0.1575,25900,20,0.98
759,351.84,353.0,357.98,360.99,362.79,366.88,367.35,368.88,370.62,359.38,0.1575,25900,20,0.98
760,351.81,352.99,357.98,360.99,362.8,366.91,367.37,368.9,370.63,359.42,0.1575,25900,20,0.98
761,351.81,352.97,357.98,360.99,362.81,366.91,367.39,368.92,370.64,359.46,0.1575,25900,20,0.98
762,351.79,352.98,357.99,360.99,362.83,366.93,367.42,368.96,370.67,359.5,0.1575,25900,20,0.98
763,351.79,352.98,357.99,361.0,362.84,366.93,367.45,368.98,370.68,359.53,0.1575,25900,20,0.98
764,351.76,352.96,357.98,361.0,362.85,366.95,367.46,369.0,370.7,359.56,0.1575,25900,20,0.98
765,351.75,352.94,357.98,361.0,362.85,366.97,367.47,369.02,370.7,359.58,0.1575,25900,20,0.98
766,351.74,352.94,357.98,361.01,362.86,366.99,367.48,369.04,370.73,359.6,0.1575,25900,20,0.98
767,351.71,352.93,357.97,361.01,362.87,367.0,367.5,369.06,370.76,359.63,0.1575,25900,20,0.98
768,351.7,352.92,357.97,361.02,362.9,367.01,367.52,369.07,370.78,359.64,0.1575,25900,20,0.98
769,351.69,352.9,357.97,361.02,362.9,367.03,367.52,369.09,370.81,359.65,0.1575,25900,20,0.98
770,351.67,352.9,357.97,361.03,362.92,367.04,367.55,369.11,370.82,359.66,0.1575,25900,20,0.98
771,351.66,352.89,357.96,361.03,362.93,367.05,367.56,369.12,370.83,359.66,0.1575,25900,20,0.98
772,351.64,352.87,357.95,361.04,362.93,367.07,367.56,369.15,370.85,359.67,0.1575,25900,20,0.98
773,351.63,352.87,357.96,361.05,362.94,367.09,367.59,369.17,370.86,359.69,0.1575,25900,20,0.98
774,351.62,352.85,357.95,361.06,362.94,367.1,367.6,369.2,370.88,359.73,0.1575,25900,20,0.98
775,351.63,352.85,357.97,361.07,362.97,367.13,367.62,369.23,370.91,359.76,0.1575,25900,20,0.98
776,351.61,352.84,357.96,361.07,362.98,367.14,367.65,369.25,370.95,359.81,0.1575,25900,20,0.98
777,351.6,352.83,357.96,361.08,363.0,367.15,367.66,369.27,371.0,359.87,0.1575,25900,20,0.98
778,351.59,352.82,357.96,361.07,363.0,367.16,367.68,369.29,371.02,359.91,0.1575,25900,20,0.98
779,351.57,352.81,357.95,361.08,363.02,367.18,367.7,369.31,371.06,359.97,0.1575,25900,20,0.98
780,351.57,352.82,357.96,361.09,363.02,367.19,367.7,369.33,371.08,360.0,0.1575,25900,20,0.98
781,351.55,352.8,357.96,361.09,363.03,367.2,367.71,369.35,371.1,360.06,0.1575,25900,20,0.98
782,351.55,352.8,357.96,361.1,363.04,367.23,367.72,369.37,371.13,360.1,0.1575,25900,20,0.98
783,351.54,352.79,357.95,361.11,363.05,367.23,367.73,369.39,371.15,360.14,0.1575,25900,20,0.98
784,351.54,352.78,357.96,361.12,363.06,367.24,367.74,369.4,371.18,360.16,0.1575,25900,20,0.98
785,351.52,352.76,357.95,361.13,363.08,367.26,367.77,369.42,371.2,360.2,0.1575,25900,20,0.98
786,351.5,352.75,357.95,361.14,363.1,367.28,367.8,369.43,371.22,360.24,0.1575,25900,20,0.98
787,351.49,352.74,357.95,361.15,363.1,367.28,367.82,369.45,371.23,360.24,0.1575,25900,20,0.98
788,351.48,352.74,357.94,361.16,363.11,367.3,367.83,369.48,371.25,360.24,0.1575,25900,20,0.98
789,351.48,352.73,357.95,361.16,363.13,367.31,367.85,369.49,371.26,360.23,0.1575,25900,20,0.98
790,351.45,352.72,357.93,361.17,363.13,367.33,367.87,369.49,371.28,360.22,0.1575,25900,20,0.98
791,351.45,352.71,357.93,361.17,363.15,367.33,367.89,369.51,371.3,360.24,0.1575,25900,20,0.98
792,351.45,352.72,357.94,361.18,363.16,367.35,367.91,369.52,371.33,360.25,0.1575,25900,20,0.98
793,351.44,352.71,357.94,361.18,363.17,367.36,367.93,369.54,371.34,360.27,0.1575,25900,20,0.98
794,351.42,352.69,357.92,361.19,363.17,367.38,367.94,369.57,371.35,360.29,0.1575,25900,20,0.98
795,351.42,352.68,357.93,361.2,363.2,367.39,367.96,369.59,371.36,360.32,0.1575,25900,20,0.98
796,351.41,352.67,357.93,361.21,363.21,367.42,367.98,369.62,371.37,360.34,0.1575,25900,20,0.98
797,351.39,352.66,357.92,361.22,363.21,367.45,368.0,369.65,371.38,360.36,0.1575,25900,20,0.98
798,351.39,352.66,357.91,361.22,363.22,367.46,368.02,369.66,371.37,360.37,0.1575,25900,20,0.98
799,351.38,352.66,357.92,361.23,363.23,367.48,368.04,369.69,371.37,360.37,0.1575,25900,20,0.98
800,351.36,352.66,357.91,361.24,363.24,367.5,368.06,369.72,371.37,360.38,0.1575,25900,20,0.98
801,351.36,352.66,357.91,361.24,363.25,367.52,368.08,369.74,371.35,360.36,0.1575,25900,20,0.98
802,351.35,352.63,357.9,361.25,363.25,367.53,368.1,369.76,371.35,360.36,0.1575,25900,20,0.98
803,351.35,352.65,357.91,361.25,363.26,367.55,368.12,369.77,371.37,360.36,0.1575,25900,20,0.98
804,351.33,352.63,357.91,361.26,363.28,367.57,368.15,369.79,371.38,360.34,0.1575,25900,20,0.98
805,351.33,352.62,357.91,361.26,363.3,367.59,368.18,369.8,371.41,360.34,0.1575,25900,20,0.98
806,351.32,352.61,357.89,361.27,363.3,367.6,368.19,369.8,371.43,360.33,0.1575,25900,20,0.98
807,351.31,352.6,357.9,361.27,363.32,367.61,368.21,369.82,371.45,360.31,0.1575,25900,20,0.98
808,351.3,352.59,357.9,361.29,363.33,367.63,368.22,369.84,371.46,360.31,0.1575,25900,20,0.98
809,351.29,352.59,357.9,361.29,363.34,367.65,368.24,369.86,371.48,360.3,0.1575,25900,20,0.98
810,351.29,352.59,357.9,361.3,363.35,367.67,368.26,369.87,371.5,360.29,0.1575,25900,20,0.98
811,351.28,352.58,357.9,361.3,363.37,367.69,368.27,369.89,371.51,360.3,0.1575,25900,20,0.98
812,351.26,352.57,357.9,361.31,363.38,367.7,368.3,369.91,371.54,360.28,0.1575,25900,20,0.98
813,351.25,352.57,357.9,361.32,363.4,367.72,368.32,369.94,371.57,360.27,0.1575,25900,20,0.98
814,351.24,352.56,357.9,361.32,363.4,367.73,368.33,369.95,371.6,360.26,0.1575,25900,20,0.98
815,351.24,352.55,357.9,361.33,363.41,367.74,368.35,369.98,371.62,360.25,0.1575,25900,20,0.98
816,351.23,352.54,357.89,361.33,363.43,367.77,368.36,369.99,371.66,360.25,0.1575,25900,20,0.98
817,351.22,352.54,357.9,361.34,363.44,367.78,368.38,370.0,371.68,360.26,0.1575,25900,20,0.98
818,351.21,352.54,357.9,361.35,363.45,367.79,368.39,370.01,371.7,360.27,0.1575,25900,20,0.98
819,351.2,352.52,357.9,361.35,363.46,367.8,368.4,370.02,371.72,360.28,0.1575,25900,20,0.98
820,351.2,352.53,357.9,361.36,363.48,367.83,368.43,370.03,371.74,360.28,0.1575,25900,20,0.98
821,351.19,352.52,357.9,361.36,363.49,367.84,368.45,370.03,371.76,360.28,0.1575,25900,20,0.98
822,351.18,352.52,357.91,361.38,363.5,367.86,368.47,370.04,371.79,360.26,0.1575,25900,20,0.98
823,351.17,352.52,357.91,361.38,363.52,367.88,368.49,370.04,371.8,360.24,0.1575,25900,20,0.98
824,351.16,352.51,357.91,361.39,363.52,367.89,368.5,370.04,371.81,360.2,0.1575,25900,20,0.98
825,351.16,352.51,357.91,361.4,363.54,367.91,368.52,370.03,371.83,360.17,0.1575,25900,20,0.98
826,351.14,352.5,357.91,361.41,363.55,367.92,368.53,370.02,371.83,360.13,0.1575,25900,20,0.98
827,351.14,352.5,357.9,361.42,363.56,367.94,368.55,370.01,371.83,360.11,0.1575,25900,20,0.98
828,351.13,352.48,357.91,361.42,363.57,367.94,368.56,370.01,371.83,360.1,0.1575,25900,20,0.98
829,351.14,352.48,357.92,361.43,363.59,367.96,368.6,370.0,371.83,360.12,0.1575,25900,20,0.98
830,351.12,352.47,357.91,361.43,363.6,367.97,368.63,369.99,371.82,360.12,0.1575,25900,20,0.98
831,351.1,352.45,357.9,361.43,363.61,367.98,368.65,369.99,371.82,360.13,0.1575,25900,20,0.98
832,351.1,352.45,357.89,361.43,363.62,368.0,368.68,369.98,371.83,360.13,0.1575,25900,20,0.98
833,351.08,352.45,357.9,361.44,363.62,368.0,368.69,369.98,371.85,360.12,0.1575,25900,20,0.98
834,351.07,352.44,357.9,361.44,363.63,368.03,368.71,370.02,371.87,360.13,0.1575,25900,20,0.98
835,351.07,352.44,357.9,361.45,363.65,368.04,368.72,370.06,371.9,360.1,0.1575,25900,20,0.98
836,351.06,352.43,357.9,361.46,363.66,368.06,368.75,370.12,371.92,360.07,0.1575,25900,20,0.98
837,351.05,352.43,357.89,361.47,363.66,368.07,368.75,370.18,371.92,360.05,0.1575,25900,20,0.98
838,351.05,352.43,357.91,361.47,363.68,368.09,368.78,370.23,371.93,360.03,0.1575,25900,20,0.98
839,351.03,352.42,357.89,361.48,363.68,368.11,368.79,370.27,371.92,360.0,0.1575,25900,20,0.98
840,351.01,352.41,357.89,361.49,363.69,368.12,368.82,370.3,371.91,359.98,0.1575,25900,20,0.98
841,351.01,352.41,357.89,361.5,363.71,368.14,368.84,370.34,371.9,359.97,0.1575,25900,20,0.98
842,351.01,352.4,357.89,361.51,363.72,368.16,368.87,370.38,371.9,359.97,0.1575,25900,20,0.98
843,351.0,352.4,357.9,361.51,363.74,368.17,368.89,370.43,371.91,359.95,0.1575,25900,20,0.98
844,351.0,352.41,357.89,361.52,363.74,368.19,368.9,370.46,371.91,359.92,0.1575,25900,20,0.98
845,350.99,352.38,357.89,361.52,363.74,368.2,368.91,370.48,371.93,359.91,0.1575,25900,20,0.98
846,350.98,352.39,357.9,361.52,363.75,368.22,368.92,370.5,371.96,359.91,0.1575,25900,20,0.98
847,350.96,352.37,357.88,361.55,363.76,368.24,368.94,370.52,371.99,359.9,0.1575,25900,20,0.98
848,350.95,352.36,357.88,361.55,363.78,368.25,368.95,370.53,372.04,359.9,0.1575,25900,20,0.98
849,350.95,352.35,357.88,361.55,363.8,368.26,368.97,370.53,372.09,359.92,0.1575,25900,20,0.98
850,350.94,352.35,357.88,361.55,363.81,368.27,368.99,370.54,372.11,359.92,0.1575,25900,20,0.98
851,350.93,352.34,357.87,361.56,363.83,368.29,368.99,370.55,372.13,359.93,0.1575,25900,20,0.98
852,350.92,352.34,357.88,361.57,363.84,368.31,369.0,370.57,372.14,359.95,0.1575,25900,20,0.98
853,350.92,352.34,357.88,361.58,363.85,368.33,369.03,370.58,372.15,359.97,0.1575,25900,20,0.98
854,350.92,352.35,357.89,361.58,363.87,368.34,369.04,370.59,372.18,360.0,0.1575,25900,20,0.98
855,350.91,352.35,357.88,361.59,363.87,368.34,369.05,370.6,372.19,360.0,0.1575,25900,20,0.98
856,350.9,352.34,357.89,361.59,363.88,368.36,369.07,370.61,372.2,360.01,0.1575,25900,20,0.98
857,350.89,352.34,357.88,361.6,363.9,368.38,369.08,370.63,372.22,360.04,0.1575,25900,20,0.98
858,350.89,352.33,357.88,361.61,363.92,368.4,369.11,370.67,372.24,360.07,0.1575,25900,20,0.98
859,350.88,352.33,357.89,361.62,363.93,368.42,369.13,370.69,372.24,360.08,0.1575,25900,20,0.98
860,350.87,352.33,357.88,361.63,363.95,368.43,369.15,370.73,372.24,360.09,0.1575,25900,20,0.98
861,350.88,352.33,357.88,361.63,363.94,368.44,369.14,370.75,372.24,360.11,0.1575,25900,20,0.98
862,350.86,352.31,357.88,361.64,363.95,368.46,369.14,370.77,372.24,360.1,0.1575,25900,20,0.98
863,350.85,352.31,357.88,361.65,363.95,368.47,369.15,370.78,372.25,360.1,0.1575,25900,20,0.98
864,350.84,352.31,357.88,361.65,363.97,368.48,369.17,370.81,372.27,360.09,0.1575,25900,20,0.98
865,350.84,352.3,357.87,361.66,363.97,368.49,369.18,370.83,372.29,360.09,0.1575,25900,20,0.98
866,350.83,352.3,357.87,361.66,363.99,368.5,369.21,370.84,372.32,360.08,0.1575,25900,20,0.98
867,350.82,352.31,357.88,361.67,364.0,368.52,369.25,370.86,372.35,360.07,0.1575,25900,20,0.98
868,350.81,352.29,357.88,361.67,364.02,368.53,369.26,370.87,372.38,360.06,0.1575,25900,20,0.98
869,350.8,352.3,357.89,361.68,364.03,368.55,369.29,370.89,372.38,360.05,0.1575,25900,20,0.98
870,350.8,352.28,357.88,361.7,364.03,368.56,369.3,370.91,372.4,360.04,0.1575,25900,20,0.98
871,350.79,352.28,357.89,361.7,364.04,368.58,369.33,370.93,372.41,360.04,0.1575,25900,20,0.98
872,350.79,352.28,357.89,361.7,364.05,368.59,369.35,370.95,372.4,360.02,0.1575,25900,20,0.98
873,350.79,352.28,357.88,361.71,364.07,368.62,369.37,370.97,372.41,360.01,0.1575,25900,20,0.98
874,350.79,352.28,357.9,361.72,364.09,368.63,369.4,370.99,372.4,359.98,0.1575,25900,20,0.98
875,350.78,352.27,357.9,361.73,364.11,368.64,369.42,371.0,372.37,359.91,0.1575,25900,20,0.98
876,350.77,352.27,357.89,361.73,364.12,368.65,369.43,371.01,372.35,359.83,0.1575,25900,20,0.98
877,350.75,352.26,357.9,361.73,364.12,368.66,369.44,371.03,372.34,359.8,0.1575,25900,20,0.98
878,350.75,352.27,357.9,361.73,364.13,368.68,369.45,371.05,372.34,359.77,0.1575,25900,20,0.98
879,350.75,352.26,357.89,361.73,364.13,368.7,369.45,371.07,372.35,359.75,0.1575,25900,20,0.98
880,350.74,352.26,357.89,361.74,364.15,368.72,369.46,371.09,372.37,359.74,0.1575,25900,20,0.98
881,350.73,352.25,357.89,361.74,364.16,368.73,369.47,371.1,372.39,359.74,0.1575,25900,20,0.98
882,350.73,352.26,357.89,361.75,364.17,368.75,369.48,371.13,372.41,359.75,0.1575,25900,20,0.98
883,350.71,352.26,357.88,361.76,364.18,368.77,369.48,371.15,372.42,359.78,0.1575,25900,20,0.98
884,350.71,352.25,357.89,361.77,364.2,368.78,369.5,371.16,372.45,359.84,0.1575,25900,20,0.98
885,350.7,352.25,357.88,361.77,364.21,368.8,369.54,371.18,372.48,359.91,0.1575,25900,20,0.98
886,350.7,352.24,357.89,361.78,364.21,368.81,369.54,371.18,372.51,359.97,0.1575,25900,20,0.98
887,350.69,352.24,357.89,361.77,364.23,368.82,369.55,371.19,372.54,360.02,0.1575,25900,20,0.98
888,350.68,352.25,357.89,361.78,364.24,368.84,369.59,371.2,372.59,360.09,0.1575,25900,20,0.98
889,350.68,352.25,357.89,361.78,364.26,368.84,369.58,371.2,372.62,360.13,0.1575,25900,20,0.98
890,350.69,352.25,357.9,361.78,364.27,368.86,369.61,371.21,372.64,360.16,0.1575,25900,20,0.98
891,350.68,352.24,357.9,361.79,364.28,368.88,369.62,371.23,372.66,360.16,0.1575,25900,20,0.98
892,350.66,352.23,357.89,361.8,364.28,368.9,369.63,371.25,372.68,360.14,0.1575,25900,20,0.98
893,350.66,352.22,357.88,361.81,364.29,368.92,369.65,371.27,372.7,360.1,0.1575,25900,20,0.98
894,350.66,352.22,357.88,361.82,364.31,368.94,369.69,371.3,372.73,360.06,0.1575,25900,20,0.98
895,350.65,352.22,357.89,361.83,364.32,368.95,369.7,371.32,372.75,360.05,0.1575,25900,20,0.98
896,350.65,352.22,357.9,361.84,364.34,368.97,369.74,371.33,372.77,360.05,0.1575,25900,20,0.98
897,350.66,352.22,357.9,361.85,364.35,368.99,369.75,371.34,372.8,360.07,0.1575,25900,20,0.98
898,350.65,352.21,357.9,361.85,364.36,368.99,369.77,371.36,372.82,360.08,0.1575,25900,20,0.98
899,350.65,352.22,357.91,361.86,364.37,369.0,369.79,371.38,372.84,360.11,0.1575,25900,20,0.98
900,350.64,352.21,357.9,361.87,364.38,369.02,369.8,371.39,372.85,360.15,0.1575,25900,20,0.98
901,350.64,352.21,357.9,361.89,364.39,369.03,369.82,371.4,372.85,360.2,0.1575,25900,20,0.98
902,350.63,352.21,357.89,361.89,364.4,369.05,369.84,371.43,372.88,360.25,0.1575,25900,20,0.98
903,350.63,352.2,357.89,361.89,364.42,369.05,369.86,371.42,372.9,360.29,0.1575,25900,20,0.98
904,350.62,352.21,357.89,361.9,364.43,369.08,369.88,371.42,372.9,360.33,0.1575,25900,20,0.98
905,350.61,352.21,357.9,361.91,364.45,369.09,369.9,371.43,372.92,360.37,0.1575,25900,20,0.98
906,350.6,352.2,357.89,361.91,364.44,369.1,369.91,371.44,372.91,360.4,0.1575,25900,20,0.98
907,350.6,352.2,357.89,361.92,364.47,369.12,369.92,371.46,372.91,360.42,0.1575,25900,20,0.98
908,350.6,352.19,357.9,361.92,364.48,369.14,369.94,371.49,372.91,360.45,0.1575,25900,20,0.98
909,350.59,352.19,357.9,361.93,364.48,369.16,369.93,371.51,372.91,360.45,0.1575,25900,20,0.98
910,350.59,352.19,357.9,361.93,364.49,369.18,369.95,371.53,372.92,360.45,0.1575,25900,20,0.98
911,350.58,352.18,357.89,361.94,364.5,369.19,369.94,371.55,372.95,360.45,0.1575,25900,20,0.98
912,350.56,352.18,357.88,361.95,364.51,369.19,369.94,371.57,372.98,360.43,0.1575,25900,20,0.98
913,350.56,352.17,357.88,361.95,364.52,369.21,369.91,371.54,372.93,360.41,0.1575,25900,20,0.98
914,350.55,352.15,357.85,361.95,364.51,369.21,369.79,371.37,372.73,360.32,0.1575,25900,20,0.98
915,350.52,352.12,357.84,361.92,364.5,369.19,369.66,371.14,372.47,360.19,0.1575,25900,20,0.98
916,350.49,352.09,357.82,361.87,364.48,369.15,369.53,370.92,372.16,360.01,0.1575,25900,20,0.98
917,350.47,352.06,357.8,361.84,364.47,369.11,369.42,370.73,371.83,359.78,0.1575,25900,20,0.98
918,350.45,352.02,357.78,361.8,364.44,369.06,369.29,370.56,371.49,359.52,0.1575,25900,20,0.98
919,350.42,351.98,357.74,361.78,364.4,369.03,369.18,370.44,371.16,359.23,0.1575,25900,20,0.98
920,350.38,351.92,357.72,361.74,364.35,368.97,369.03,370.3,370.71,358.78,0.1575,25900,20,0.98
921,350.34,351.88,357.7,361.71,364.31,368.91,368.9,370.16,370.27,358.31,0.1575,25900,20,0.98
922,350.32,351.85,357.68,361.67,364.27,368.85,368.81,370.03,369.99,357.97,0.1575,25900,20,0.98
923,350.29,351.82,357.65,361.65,364.23,368.8,368.71,369.91,369.75,357.67,0.1575,25900,20,0.98
924,350.27,351.79,357.64,361.62,364.2,368.75,368.64,369.84,369.5,357.35,0.1575,25900,20,0.98
925,350.25,351.77,357.61,361.59,364.16,368.69,368.57,369.72,369.26,357.06,0.1575,25900,20,0.98
926,350.21,351.74,357.6,361.56,364.13,368.63,368.48,369.6,369.01,356.75,0.1575,25900,20,0.98
